{
  "15:55:00": 257.320000000007,
  "15:50:00": 227.2100000000064,
  "15:45:00": 300.6499999999942,
  "15:40:00": 323.5599999999977,
  "15:35:00": 691.3800000000047,
  "15:30:00": 203.31999999999243,
  "16:05:00": 327.3099999999977,
  "16:00:00": 564.9499999999971,
  "16:15:00": 241.84999999999127,
  "16:10:00": 196.49000000000524,
  "16:25:00": 257.47000000000116,
  "16:20:00": 190.32000000000698,
  "16:35:00": 172.24000000000524,
  "16:30:00": 275.6200000000099,
  "16:45:00": 160.97999999999593,
  "16:40:00": 101.99000000000524,
  "16:55:00": 96.95999999999185,
  "16:50:00": 161.57000000000698,
  "17:05:00": 275.4799999999959,
  "17:00:00": 132.36999999999534,
  "17:15:00": 155.0,
  "17:10:00": 301.9100000000035,
  "17:25:00": 97.02999999999884,
  "17:20:00": 66.4600000000064,
  "17:35:00": 75.58000000000175,
  "17:30:00": 147.16999999999825,
  "17:45:00": 92.08000000000175,
  "17:40:00": 135.0500000000029,
  "17:55:00": 146.14999999999418,
  "17:50:00": 112.17999999999302,
  "18:05:00": 92.94999999999709,
  "18:00:00": 133.25,
  "18:15:00": 296.36999999999534,
  "18:10:00": 51.34999999999127,
  "18:25:00": 173.9600000000064,
  "18:20:00": 270.3600000000006,
  "18:40:00": 549.2599999999948,
  "18:35:00": 133.7100000000064,
  "18:30:00": 248.48000000001048,
  "18:50:00": 240.2100000000064,
  "18:45:00": 353.88000000000466,
  "19:00:00": 224.6999999999971,
  "18:55:00": 161.02000000000407,
  "19:10:00": 320.91999999999825,
  "19:05:00": 125.02000000000407,
  "19:20:00": 235.5100000000093,
  "19:15:00": 175.99000000000524,
  "19:30:00": 270.79000000000815,
  "19:25:00": 186.61000000000058,
  "19:40:00": 228.22999999999593,
  "19:35:00": 298.41999999999825,
  "19:50:00": 160.0,
  "19:45:00": 244.90999999998894,
  "20:00:00": 180.61000000000058,
  "19:55:00": 182.0,
  "20:20:00": 172.74000000000524,
  "20:15:00": 123.57000000000698,
  "20:10:00": 135.57000000000698,
  "20:05:00": 122.97999999999593,
  "20:30:00": 198.72999999999593,
  "20:25:00": 113.52000000000407,
  "20:40:00": 117.4600000000064,
  "20:35:00": 156.5399999999936,
  "20:50:00": 318.7700000000041,
  "20:45:00": 136.40000000000873,
  "21:00:00": 252.79000000000815,
  "20:55:00": 106.99000000000524,
  "21:10:00": 103.0,
  "21:05:00": 83.0,
  "21:25:00": 81.29000000000815,
  "21:20:00": 82.91999999999825,
  "21:15:00": 175.88999999999942,
  "21:35:00": 165.10000000000582,
  "21:30:00": 121.52999999999884,
  "21:45:00": 49.320000000006985,
  "21:40:00": 47.44000000000233,
  "21:55:00": 154.9899999999907,
  "21:50:00": 162.99000000000524,
  "22:05:00": 86.08000000000175,
  "22:00:00": 91.91000000000349,
  "22:15:00": 111.0,
  "22:10:00": 143.66999999999825,
  "22:25:00": 50.0,
  "22:20:00": 137.36999999999534,
  "22:35:00": 49.870000000009895,
  "22:30:00": 128.93000000000757,
  "22:45:00": 67.23000000001048,
  "22:40:00": 88.20000000001164,
  "22:55:00": 59.770000000004075,
  "22:50:00": 52.21999999998661,
  "23:05:00": 48.16000000000349,
  "23:00:00": 152.97999999999593,
  "23:15:00": 89.60000000000582,
  "23:10:00": 99.80000000000291,
  "23:25:00": 74.86999999999534,
  "23:20:00": 85.27000000000407,
  "23:35:00": 88.56000000001222,
  "23:30:00": 109.50999999999476,
  "23:45:00": 55.89999999999418,
  "23:40:00": 87.01000000000931,
  "23:55:00": 61.25,
  "23:50:00": 78.0
}