{
  "00:05:00": 173.45999999999185,
  "00:00:00": 80.97000000000116,
  "00:15:00": 128.99000000000524,
  "00:10:00": 164.63999999999942,
  "00:25:00": 88.97000000000116,
  "00:20:00": 86.59999999999127,
  "00:35:00": 54.95999999999185,
  "00:30:00": 94.83000000000175,
  "00:45:00": 167.25,
  "00:40:00": 64.19000000000233,
  "00:55:00": 70.77000000000407,
  "00:50:00": 51.39999999999418,
  "01:05:00": 69.01000000000931,
  "01:00:00": 175.9899999999907,
  "01:20:00": 188.99000000000524,
  "01:15:00": 132.6999999999971,
  "01:10:00": 209.58000000000175,
  "01:30:00": 82.41999999999825,
  "01:25:00": 72.36000000000058,
  "01:40:00": 126.00999999999476,
  "01:35:00": 157.23000000001048,
  "01:50:00": 86.86000000000058,
  "01:45:00": 58.69999999999709,
  "02:00:00": 81.86999999999534,
  "01:55:00": 48.94000000000233,
  "02:10:00": 104.99000000000524,
  "02:05:00": 96.47000000000116,
  "02:20:00": 139.68000000000757,
  "02:15:00": 86.30000000000291,
  "02:30:00": 96.56999999999243,
  "02:25:00": 42.39999999999418,
  "02:40:00": 106.20000000001164,
  "02:35:00": 182.08000000000175,
  "02:50:00": 54.99000000000524,
  "02:45:00": 71.65000000000873,
  "03:00:00": 94.69999999999709,
  "02:55:00": 194.8299999999872,
  "03:10:00": 89.99000000000524,
  "03:05:00": 113.63999999999942,
  "03:20:00": 72.30999999999767,
  "03:15:00": 134.99000000000524,
  "03:30:00": 113.25999999999476,
  "03:25:00": 30.910000000003492,
  "03:40:00": 64.10000000000582,
  "03:35:00": 104.27000000000407,
  "03:50:00": 58.50999999999476,
  "03:45:00": 81.63000000000466,
  "04:00:00": 101.61000000000058,
  "03:55:00": 84.01999999998952,
  "04:10:00": 56.020000000004075,
  "04:05:00": 99.14999999999418,
  "04:20:00": 115.15000000000873,
  "04:15:00": 47.779999999998836,
  "04:30:00": 55.75,
  "04:25:00": 50.95000000001164,
  "04:40:00": 135.8700000000099,
  "04:35:00": 52.379999999990105,
  "04:50:00": 68.58000000000175,
  "04:45:00": 126.0,
  "05:00:00": 84.58000000000175,
  "04:55:00": 53.63999999999942,
  "05:10:00": 58.729999999995925,
  "05:05:00": 112.38999999999942,
  "05:20:00": 172.83000000000175,
  "05:15:00": 132.0,
  "05:30:00": 109.23000000001048,
  "05:25:00": 67.80000000000291,
  "05:40:00": 35.729999999995925,
  "05:35:00": 57.429999999993015,
  "05:50:00": 74.24000000000524,
  "05:45:00": 109.89999999999418,
  "06:00:00": 77.98000000001048,
  "05:55:00": 27.70000000001164,
  "06:10:00": 47.94999999999709,
  "06:05:00": 63.90000000000873,
  "06:20:00": 116.45000000001164,
  "06:15:00": 179.41999999999825,
  "06:30:00": 180.99000000000524,
  "06:25:00": 58.95000000001164,
  "06:40:00": 62.279999999998836,
  "06:35:00": 83.55000000000291,
  "06:50:00": 109.11000000000058,
  "06:45:00": 46.99000000000524,
  "07:00:00": 94.02999999999884,
  "06:55:00": 62.99000000000524,
  "07:10:00": 135.11000000000058,
  "07:05:00": 78.0,
  "07:20:00": 95.97000000000116,
  "07:15:00": 58.55999999999767,
  "07:30:00": 71.83999999999651,
  "07:25:00": 39.60000000000582,
  "07:40:00": 88.94999999999709,
  "07:35:00": 142.2100000000064,
  "07:50:00": 61.720000000001164,
  "07:45:00": 66.29000000000815,
  "08:00:00": 153.89999999999418,
  "07:55:00": 55.75,
  "08:10:00": 103.97999999999593,
  "08:05:00": 111.92999999999302,
  "08:20:00": 158.77999999999884,
  "08:15:00": 92.13999999999942,
  "08:30:00": 144.56999999999243,
  "08:25:00": 88.59000000001106,
  "08:40:00": 64.99000000000524,
  "08:35:00": 107.52000000000407,
  "08:50:00": 97.13999999999942,
  "08:45:00": 91.0,
  "09:00:00": 129.3399999999965,
  "08:55:00": 90.07000000000698,
  "09:10:00": 35.63999999999942,
  "09:05:00": 142.02000000000407,
  "09:20:00": 200.02999999999884,
  "09:15:00": 45.08999999999651,
  "09:30:00": 53.970000000001164,
  "09:25:00": 75.23999999999069,
  "09:40:00": 45.14999999999418,
  "09:35:00": 106.66999999999825,
  "09:50:00": 109.23000000001048,
  "09:45:00": 318.7299999999959,
  "10:00:00": 111.2100000000064,
  "09:55:00": 48.0,
  "10:10:00": 60.43000000000757,
  "10:05:00": 147.8000000000029,
  "10:20:00": 71.9600000000064,
  "10:15:00": 75.25,
  "10:30:00": 121.49000000000524,
  "10:25:00": 44.520000000004075,
  "10:40:00": 39.75,
  "10:35:00": 127.72999999999593,
  "10:50:00": 21.069999999992433,
  "10:45:00": 65.30999999999767
}