{
  "00:00:00": 311.34999999999127,
  "00:15:00": 269.2100000000064,
  "00:30:00": 218.65999999998894,
  "00:45:00": 241.38999999999942,
  "01:00:00": 613.9900000000052,
  "01:15:00": 412.6600000000035,
  "01:30:00": 481.54000000000815,
  "01:45:00": 1087.3100000000122,
  "02:00:00": 854.5599999999977,
  "02:15:00": 465.9100000000035,
  "02:30:00": 457.1200000000099,
  "02:45:00": 550.9500000000116,
  "03:00:00": 199.11000000000058,
  "03:15:00": 386.3899999999994,
  "03:30:00": 217.36000000000058,
  "03:45:00": 267.75999999999476,
  "04:00:00": 346.99000000000524,
  "04:15:00": 278.6399999999994,
  "04:30:00": 176.5500000000029,
  "04:45:00": 122.61999999999534,
  "05:00:00": 250.72999999999593,
  "05:15:00": 254.99000000000524,
  "05:30:00": 216.86000000000058,
  "05:45:00": 172.0,
  "06:00:00": 437.3500000000058,
  "06:15:00": 203.83000000000175,
  "06:30:00": 285.09000000001106,
  "06:45:00": 180.18000000000757,
  "07:00:00": 290.72000000000116,
  "07:15:00": 119.27000000000407,
  "07:30:00": 320.9100000000035,
  "07:45:00": 117.84000000001106,
  "08:00:00": 365.0100000000093,
  "08:15:00": 176.5,
  "08:30:00": 122.11000000000058,
  "08:45:00": 683.8300000000017,
  "09:00:00": 343.1100000000006,
  "09:15:00": 224.60000000000582,
  "09:30:00": 377.25999999999476,
  "09:45:00": 193.7100000000064,
  "10:00:00": 329.8799999999901,
  "10:15:00": 173.97000000000116,
  "10:30:00": 340.75,
  "10:45:00": 161.1600000000035,
  "11:00:00": 113.42999999999302,
  "11:15:00": 154.30999999999767,
  "11:30:00": 199.60000000000582,
  "11:45:00": 114.47000000000116,
  "12:00:00": 102.0,
  "12:15:00": 142.2199999999866,
  "12:30:00": 283.11999999999534,
  "12:45:00": 213.7100000000064,
  "13:00:00": 225.64999999999418,
  "13:15:00": 273.0100000000093,
  "13:30:00": 142.0,
  "13:45:00": 1006.8800000000047,
  "14:00:00": 484.13000000000466,
  "14:15:00": 370.3899999999994,
  "14:30:00": 298.0599999999977,
  "14:45:00": 210.65000000000873,
  "15:00:00": 285.6600000000035,
  "15:15:00": 248.7100000000064,
  "15:30:00": 161.52000000000407,
  "15:45:00": 438.08000000000175,
  "16:00:00": 341.72000000000116,
  "16:15:00": 305.95000000001164,
  "16:30:00": 247.98000000001048,
  "16:45:00": 1027.7899999999936,
  "17:00:00": 267.6399999999994,
  "17:15:00": 403.2699999999895,
  "17:30:00": 208.16999999999825,
  "17:45:00": 191.38000000000466,
  "18:00:00": 613.5800000000017,
  "18:15:00": 302.6600000000035,
  "18:30:00": 219.0,
  "18:45:00": 189.06999999999243,
  "19:00:00": 315.66999999999825,
  "19:15:00": 173.72000000000116,
  "19:30:00": 343.6000000000058,
  "19:45:00": 212.0,
  "20:00:00": 594.2400000000052,
  "20:15:00": 299.09999999999127,
  "20:30:00": 295.17000000000553,
  "20:45:00": 223.23999999999796,
  "21:00:00": 261.5,
  "21:15:00": 214.81000000000495,
  "21:30:00": 185.11999999999534,
  "21:45:00": 182.4499999999971,
  "22:00:00": 962.2400000000052,
  "22:15:00": 453.16999999999825,
  "22:30:00": 819.1600000000035,
  "22:45:00": 391.6200000000026,
  "23:00:00": 1029.7300000000032,
  "23:15:00": 291.25999999999476,
  "23:30:00": 278.70999999999185,
  "23:45:00": 220.72999999999593
}