{
  "00:00:00": 90.83000000000175,
  "00:05:00": 70.31999999999243,
  "00:10:00": 70.69999999999709,
  "00:15:00": 77.90000000000873,
  "00:20:00": 55.99000000000524,
  "00:25:00": 74.19999999999709,
  "00:30:00": 65.52999999999884,
  "00:35:00": 58.58999999999651,
  "00:40:00": 74.73999999999069,
  "00:45:00": 79.17999999999302,
  "00:50:00": 52.63999999999942,
  "00:55:00": 57.179999999993015,
  "01:00:00": 88.0,
  "01:05:00": 88.14999999999418,
  "01:10:00": 54.879999999990105,
  "01:15:00": 59.0,
  "01:20:00": 14.709999999991851,
  "01:25:00": 19.75,
  "01:30:00": 33.38999999999942,
  "01:35:00": 111.44000000000233,
  "01:40:00": 55.10000000000582,
  "01:45:00": 32.929999999993015,
  "01:50:00": 68.49000000000524,
  "01:55:00": 45.33999999999651,
  "02:00:00": 59.529999999998836,
  "02:05:00": 97.72000000000116,
  "02:10:00": 51.36999999999534,
  "02:15:00": 41.63999999999942,
  "02:20:00": 64.55000000000291,
  "02:25:00": 51.579999999987194,
  "02:30:00": 61.86000000000058,
  "02:35:00": 44.80999999999767,
  "02:40:00": 69.08999999999651,
  "02:45:00": 90.00999999999476,
  "02:50:00": 30.19000000000233,
  "02:55:00": 41.470000000001164,
  "03:00:00": 274.4499999999971,
  "03:05:00": 132.7600000000093,
  "03:10:00": 96.30000000000291,
  "03:15:00": 75.09999999999127,
  "03:20:00": 75.3700000000099,
  "03:25:00": 41.620000000009895,
  "03:30:00": 35.75999999999476,
  "03:35:00": 54.58999999999651,
  "03:40:00": 230.24000000000524,
  "03:45:00": 54.86999999999534,
  "03:50:00": 31.580000000001746,
  "03:55:00": 93.0399999999936,
  "04:00:00": 67.86000000000058,
  "04:05:00": 70.42999999999302,
  "04:10:00": 37.69000000000233,
  "04:15:00": 84.98999999999069,
  "04:20:00": 84.29000000000815,
  "04:25:00": 52.24000000000524,
  "04:30:00": 50.51000000000931,
  "04:35:00": 75.66999999999825,
  "04:40:00": 64.02999999999884,
  "04:45:00": 38.0,
  "04:50:00": 88.5,
  "04:55:00": 102.01000000000931,
  "05:00:00": 65.7899999999936,
  "05:05:00": 39.36999999999534,
  "05:10:00": 22.44999999999709,
  "05:15:00": 34.66000000000349,
  "05:20:00": 30.55999999999767,
  "05:25:00": 50.279999999998836,
  "05:30:00": 54.65000000000873,
  "05:35:00": 74.48999999999069,
  "05:40:00": 47.81999999999243,
  "05:45:00": 37.38000000000466,
  "05:50:00": 52.76999999998952,
  "05:55:00": 36.580000000001746,
  "06:00:00": 60.939999999987776,
  "06:05:00": 37.69000000000233,
  "06:10:00": 54.169999999998254,
  "06:15:00": 24.79000000000815,
  "06:20:00": 24.279999999998836,
  "06:25:00": 22.420000000012806,
  "06:30:00": 107.31000000001222,
  "06:35:00": 58.29999999998836,
  "06:40:00": 52.620000000009895,
  "06:45:00": 40.970000000001164,
  "06:50:00": 34.689999999987776,
  "06:55:00": 21.970000000001164,
  "07:00:00": 40.99000000000524,
  "07:05:00": 91.36000000000058,
  "07:10:00": 18.679999999993015,
  "07:15:00": 16.539999999993597,
  "07:20:00": 20.05000000000291,
  "07:25:00": 10.259999999994761,
  "07:30:00": 37.689999999987776,
  "07:35:00": 58.810000000012224,
  "07:40:00": 37.86999999999534,
  "07:45:00": 15.809999999997672,
  "07:50:00": 27.880000000004657,
  "07:55:00": 17.869999999995343,
  "08:00:00": 60.0,
  "08:05:00": 32.85000000000582,
  "08:10:00": 23.029999999998836,
  "08:15:00": 67.97999999999593,
  "08:20:00": 33.2100000000064,
  "08:25:00": 32.320000000006985,
  "08:30:00": 22.429999999993015,
  "08:35:00": 48.66000000000349,
  "08:40:00": 70.63999999999942,
  "08:45:00": 36.2899999999936,
  "08:50:00": 63.0399999999936,
  "08:55:00": 117.27999999999884,
  "09:00:00": 50.4600000000064,
  "09:05:00": 61.73000000001048,
  "09:10:00": 29.49000000000524,
  "09:15:00": 176.22999999999593,
  "09:20:00": 162.47999999999593,
  "09:25:00": 58.58999999999651,
  "09:30:00": 115.85000000000582,
  "09:35:00": 114.80000000000291,
  "09:40:00": 74.34000000001106,
  "09:45:00": 35.54000000000815,
  "09:50:00": 62.99000000000524,
  "09:55:00": 30.429999999993015,
  "10:00:00": 88.47999999999593,
  "10:05:00": 37.689999999987776,
  "10:10:00": 34.169999999998254,
  "10:15:00": 37.18000000000757,
  "10:20:00": 65.86999999999534,
  "10:25:00": 58.419999999998254,
  "10:30:00": 40.31999999999243,
  "10:35:00": 51.970000000001164,
  "10:40:00": 57.80000000000291,
  "10:45:00": 41.470000000001164,
  "10:50:00": 74.22000000000116,
  "10:55:00": 64.02000000000407,
  "11:00:00": 37.80000000000291,
  "11:05:00": 68.30000000000291,
  "11:10:00": 43.65000000000873,
  "11:15:00": 55.29000000000815,
  "11:20:00": 96.97000000000116,
  "11:25:00": 36.63999999999942,
  "11:30:00": 84.2100000000064,
  "11:35:00": 25.880000000004657,
  "11:40:00": 62.9600000000064,
  "11:45:00": 47.0399999999936,
  "11:50:00": 43.93000000000757,
  "11:55:00": 49.419999999998254,
  "12:00:00": 47.529999999998836,
  "12:05:00": 113.10000000000582,
  "12:10:00": 56.2899999999936,
  "12:15:00": 30.619999999995343,
  "12:20:00": 33.94000000000233,
  "12:25:00": 49.00999999999476,
  "12:30:00": 60.36999999999534,
  "12:35:00": 73.94000000000233,
  "12:40:00": 7.930000000007567,
  "12:45:00": 101.86999999999534,
  "12:50:00": 84.49000000000524,
  "12:55:00": 69.55000000000291,
  "13:00:00": 56.11000000000058,
  "13:05:00": 36.310000000012224,
  "13:10:00": 65.66999999999825,
  "13:15:00": 63.0399999999936,
  "13:20:00": 66.11999999999534,
  "13:25:00": 111.85000000000582,
  "13:30:00": 52.76999999998952,
  "13:35:00": 23.639999999999418,
  "13:40:00": 33.920000000012806,
  "13:45:00": 72.44000000000233,
  "13:50:00": 40.19999999999709,
  "13:55:00": 64.25,
  "14:00:00": 42.979999999995925,
  "14:05:00": 78.38999999999942,
  "14:10:00": 53.09000000001106,
  "14:15:00": 58.63999999999942,
  "14:20:00": 382.3899999999994,
  "14:25:00": 184.02999999999884,
  "14:30:00": 216.42999999999302,
  "14:35:00": 97.25,
  "14:40:00": 71.58999999999651,
  "14:45:00": 101.77000000000407,
  "14:50:00": 124.39999999999418,
  "14:55:00": 71.61000000000058,
  "15:00:00": 79.94000000000233,
  "15:05:00": 65.52000000000407,
  "15:10:00": 64.08999999999651,
  "15:15:00": 107.25999999999476,
  "15:20:00": 43.820000000006985,
  "15:25:00": 78.72000000000116,
  "15:30:00": 141.97999999999593,
  "15:35:00": 80.47999999999593,
  "15:40:00": 182.36000000000058,
  "15:45:00": 104.52999999999884,
  "15:50:00": 56.36999999999534,
  "15:55:00": 56.15000000000873,
  "16:00:00": 270.3999999999942,
  "16:05:00": 115.30999999999767,
  "16:10:00": 77.88999999999942,
  "16:15:00": 138.79000000000815,
  "16:20:00": 158.1600000000035,
  "16:25:00": 179.61999999999534,
  "16:30:00": 148.61000000000058,
  "16:35:00": 137.8000000000029,
  "16:40:00": 49.830000000001746,
  "16:45:00": 55.41000000000349,
  "16:50:00": 44.60000000000582,
  "16:55:00": 39.30000000000291,
  "17:00:00": 56.94999999999709,
  "17:05:00": 134.88000000000466,
  "17:10:00": 39.08999999999651,
  "17:15:00": 76.36999999999534,
  "17:20:00": 59.14999999999418,
  "17:25:00": 120.61999999999534,
  "17:30:00": 45.220000000001164,
  "17:35:00": 69.85000000000582,
  "17:40:00": 120.74000000000524,
  "17:45:00": 78.7899999999936,
  "17:50:00": 47.020000000004075,
  "17:55:00": 65.44000000000233,
  "18:00:00": 54.54000000000815,
  "18:05:00": 66.36000000000058,
  "18:10:00": 66.38999999999942,
  "18:15:00": 118.0,
  "18:20:00": 128.1600000000035,
  "18:25:00": 61.470000000001164,
  "18:30:00": 55.470000000001164,
  "18:35:00": 72.94000000000233,
  "18:40:00": 50.35000000000582,
  "18:45:00": 135.70999999999185,
  "18:50:00": 47.16000000000349,
  "18:55:00": 100.39999999999418,
  "19:00:00": 59.470000000001164,
  "19:05:00": 98.02000000000407,
  "19:10:00": 78.66000000000349,
  "19:15:00": 28.85000000000582,
  "19:20:00": 65.11000000000058,
  "19:25:00": 57.919999999998254,
  "19:30:00": 41.38000000000466,
  "19:35:00": 60.229999999995925,
  "19:40:00": 43.820000000006985,
  "19:45:00": 38.9600000000064,
  "19:50:00": 73.85000000000582,
  "19:55:00": 26.439999999987776,
  "20:00:00": 51.19000000000233,
  "20:05:00": 76.66000000000349,
  "20:10:00": 63.020000000004075,