{
  "00:00:00": 268.8399999999965,
  "00:15:00": 318.9100000000035,
  "00:30:00": 475.81999999999243,
  "00:45:00": 297.33000000000175,
  "01:00:00": 237.97000000000116,
  "01:15:00": 391.179999999993,
  "01:30:00": 723.7000000000116,
  "01:45:00": 360.4800000000105,
  "02:00:00": 275.88000000000466,
  "02:15:00": 264.15000000000873,
  "02:30:00": 200.9100000000035,
  "02:45:00": 299.95000000001164,
  "03:00:00": 267.0600000000122,
  "03:15:00": 443.91999999999825,
  "03:30:00": 608.0599999999977,
  "03:45:00": 330.5200000000041,
  "04:00:00": 414.1399999999994,
  "04:15:00": 346.4100000000035,
  "04:30:00": 234.11000000000058,
  "04:45:00": 247.27999999999884,
  "05:00:00": 237.89999999999418,
  "05:15:00": 279.5599999999977,
  "05:30:00": 571.4400000000023,
  "05:45:00": 261.8500000000058,
  "06:00:00": 176.63000000000466,
  "06:15:00": 171.02000000000407,
  "06:30:00": 553.5500000000029,
  "06:45:00": 240.22999999999593,
  "07:00:00": 241.14999999999418,
  "07:15:00": 429.4400000000023,
  "07:30:00": 332.6200000000099,
  "07:45:00": 787.5200000000041,
  "08:00:00": 50.929999999993015
}