{
  "00:00:00": 268.8399999999965,
  "00:15:00": 318.9100000000035,
  "00:30:00": 475.81999999999243,
  "00:45:00": 297.33000000000175,
  "01:00:00": 237.97000000000116,
  "01:15:00": 391.179999999993,
  "01:30:00": 723.7000000000116,
  "01:45:00": 360.4800000000105,
  "02:00:00": 275.88000000000466,
  "02:15:00": 264.15000000000873,
  "02:30:00": 200.9100000000035,
  "02:45:00": 299.95000000001164,
  "03:00:00": 267.0600000000122,
  "03:15:00": 443.91999999999825,
  "03:30:00": 608.0599999999977,
  "03:45:00": 330.5200000000041,
  "04:00:00": 414.1399999999994,
  "04:15:00": 346.4100000000035,
  "04:30:00": 234.11000000000058,
  "04:45:00": 247.27999999999884,
  "05:00:00": 237.89999999999418,
  "05:15:00": 279.5599999999977,
  "05:30:00": 571.4400000000023,
  "05:45:00": 261.8500000000058,
  "06:00:00": 176.63000000000466,
  "06:15:00": 171.02000000000407,
  "06:30:00": 553.5500000000029,
  "06:45:00": 240.22999999999593,
  "07:00:00": 241.14999999999418,
  "07:15:00": 429.4400000000023,
  "07:30:00": 332.6200000000099,
  "07:45:00": 787.5200000000041,
  "08:00:00": 355.3899999999994,
  "08:15:00": 291.3000000000029,
  "08:30:00": 618.9400000000023,
  "08:45:00": 1280.5,
  "09:00:00": 569.25,
  "09:15:00": 441.99000000000524,
  "09:30:00": 678.1999999999971,
  "09:45:00": 567.6999999999971,
  "10:00:00": 504.8899999999994,
  "10:15:00": 363.3899999999994,
  "10:30:00": 288.0200000000041,
  "10:45:00": 284.20000000001164,
  "11:00:00": 248.33000000000175,
  "11:15:00": 286.7700000000041,
  "11:30:00": 395.4800000000105,
  "11:45:00": 251.15999999998894,
  "12:00:00": 338.8000000000029,
  "12:15:00": 306.8500000000058,
  "12:30:00": 463.179999999993,
  "12:45:00": 481.0799999999872,
  "13:00:00": 370.1399999999994,
  "13:15:00": 226.54000000000815,
  "13:30:00": 295.5200000000041,
  "13:45:00": 222.16999999999825,
  "14:00:00": 436.4400000000023,
  "14:15:00": 440.00999999999476,
  "14:30:00": 1239.5499999999884,
  "14:45:00": 532.8699999999953,
  "15:00:00": 652.6300000000047,
  "15:15:00": 1041.5599999999977,
  "15:30:00": 545.4100000000035,
  "15:45:00": 815.0299999999988,
  "16:00:00": 85.44000000000233
}