{
  "00:00:00": 224.27000000000407,
  "00:05:00": 181.52000000000407,
  "00:10:00": 34.529999999998836
}