{
  "00:00:00": 87.23999999999069,
  "00:05:00": 97.42999999999302,
  "00:10:00": 200.40999999998894,
  "00:15:00": 124.01000000000931,
  "00:20:00": 111.98000000001048,
  "00:25:00": 173.10000000000582,
  "00:30:00": 141.49000000000524,
  "00:35:00": 81.8299999999872,
  "00:40:00": 79.57000000000698,
  "00:45:00": 128.04000000000815,
  "00:50:00": 186.9100000000035,
  "00:55:00": 81.4600000000064,
  "01:00:00": 124.36000000000058,
  "01:05:00": 93.66999999999825,
  "01:10:00": 20.360000000000582
}