{
  "00:00:00": 221.15999999998894,
  "00:15:00": 173.10000000000582,
  "00:30:00": 141.49000000000524,
  "00:45:00": 233.81000000001222,
  "01:00:00": 260.36999999999534,
  "01:15:00": 546.5099999999948,
  "01:30:00": 712.9400000000023,
  "01:45:00": 243.32000000000698,
  "02:00:00": 226.79999999998836,
  "02:15:00": 389.4799999999959,
  "02:30:00": 222.13999999999942,
  "02:45:00": 200.54999999998836,
  "03:00:00": 287.070000000007,
  "03:15:00": 279.0599999999977,
  "03:30:00": 165.36000000000058,
  "03:45:00": 138.16999999999825,
  "04:00:00": 220.38999999999942,
  "04:15:00": 119.30999999999767,
  "04:30:00": 686.7799999999988,
  "04:45:00": 141.82000000000698,
  "05:00:00": 265.4899999999907,
  "05:15:00": 319.3000000000029,
  "05:30:00": 367.1399999999994,
  "05:45:00": 374.93000000000757,
  "06:00:00": 189.73000000001048,
  "06:15:00": 211.0,
  "06:30:00": 301.429999999993,
  "06:45:00": 270.3500000000058,
  "07:00:00": 341.59999999999127,
  "07:15:00": 340.49000000000524,
  "07:30:00": 240.74000000000524,
  "07:45:00": 140.85000000000582,
  "08:00:00": 184.38999999999942,
  "08:15:00": 24.729999999995925
}