{
  "00:00:00": 185.36,
  "00:15:00": 269.65,
  "00:30:00": 210.15,
  "00:45:00": 76.95,
  "01:00:00": 155.11,
  "01:15:00": 153.17999999999302,
  "01:30:00": 118.1299999999901,
  "01:45:00": 102.29000000000815,
  "02:00:00": 182.5,
  "02:15:00": 102.22999999999593,
  "02:30:00": 77.50999999999476,
  "02:45:00": 62.56999999999243,
  "03:00:00": 118.82000000000698,
  "03:15:00": 124.07000000000698,
  "03:30:00": 181.22000000000116,
  "03:45:00": 85.18999999998778,
  "04:00:00": 119.39999999999418,
  "04:15:00": 174.47000000000116,
  "04:30:00": 192.5500000000029,
  "04:45:00": 100.38999999999942,
  "05:00:00": 101.56999999999243,
  "05:15:00": 93.63999999999942,
  "05:30:00": 138.29000000000087,
  "05:45:00": 97.98999999999796,
  "06:00:00": 137.99000000000524,
  "06:15:00": 1082.2999999999956,
  "06:30:00": 1006.4699999999939,
  "06:45:00": 1050.4300000000003,
  "07:00:00": 796.4300000000003,
  "07:15:00": 532.7999999999956,
  "07:30:00": 873.1399999999994,
  "07:45:00": 269.0400000000009,
  "08:00:00": 345.2299999999959,
  "08:15:00": 374.01000000000204,
  "08:30:00": 246.55999999999767,
  "08:45:00": 292.3399999999965,
  "09:00:00": 351.65000000000146,
  "09:15:00": 366.08000000000175,
  "09:30:00": 301.2099999999991,
  "09:45:00": 184.59999999999854,
  "10:00:00": 188.45999999999913,
  "10:15:00": 434.07999999999447,
  "10:30:00": 204.45999999999913,
  "10:45:00": 149.98999999999796,
  "11:00:00": 262.1599999999962,
  "11:15:00": 271.6599999999962,
  "11:30:00": 323.9800000000032,
  "11:45:00": 292.0400000000009,
  "12:00:00": 141.86000000000058,
  "12:15:00": 147.6600000000035,
  "12:30:00": 91.50999999999476,
  "12:45:00": 218.17000000000553,
  "13:00:00": 206.43999999999505,
  "13:15:00": 201.40999999999622,
  "13:30:00": 202.5199999999968,
  "13:45:00": 1159.0899999999965,
  "14:00:00": 603.6399999999994,
  "14:15:00": 275.86999999999534,
  "14:30:00": 492.5,
  "14:45:00": 761.0599999999977,
  "15:00:00": 34.38999999999942
}