{
  "00:00:00": 124.22000000000116,
  "00:05:00": 93.00999999999476,
  "00:10:00": 154.55999999999767,
  "00:15:00": 100.68000000000029,
  "00:20:00": 135.44000000000233,
  "00:25:00": 96.65999999999622,
  "00:30:00": 71.84000000000378,
  "00:35:00": 98.98999999999796,
  "00:40:00": 77.76000000000204,
  "00:45:00": 76.0,
  "00:50:00": 58.94000000000233,
  "00:55:00": 84.98999999999796,
  "01:00:00": 214.83000000000175,
  "01:05:00": 175.0,
  "01:10:00": 385.0599999999977,
  "01:15:00": 923.7200000000012,
  "01:20:00": 640.8700000000026,
  "01:25:00": 303.97000000000116,
  "01:30:00": 242.0,
  "01:35:00": 441.1499999999942,
  "01:40:00": 330.1100000000006,
  "01:45:00": 346.0,
  "01:50:00": 120.31000000000495,
  "01:55:00": 129.7699999999968,
  "02:00:00": 275.48999999999796,
  "02:05:00": 180.37999999999738,
  "02:10:00": 208.90999999999622,
  "02:15:00": 263.27999999999884,
  "02:20:00": 87.55000000000291,
  "02:25:00": 143.3199999999997,
  "02:30:00": 205.58000000000175,
  "02:35:00": 200.4300000000003,
  "02:40:00": 163.5699999999997,
  "02:45:00": 102.15999999999622,
  "02:50:00": 100.13000000000466,
  "02:55:00": 102.37999999999738,
  "03:00:00": 468.02999999999884,
  "03:05:00": 217.37000000000262,
  "03:10:00": 297.97000000000116,
  "03:15:00": 231.86000000000058,
  "03:20:00": 165.97000000000116,
  "03:25:00": 98.55000000000291,
  "03:30:00": 133.59999999999854,
  "03:35:00": 98.33999999999651,
  "03:40:00": 145.61000000000058,
  "03:45:00": 163.87000000000262,
  "03:50:00": 230.32999999999447,
  "03:55:00": 52.419999999998254,
  "04:00:00": 143.29000000000087,
  "04:05:00": 286.6800000000003,
  "04:10:00": 433.4800000000032,
  "04:15:00": 182.08000000000175,
  "04:20:00": 427.5599999999977,
  "04:25:00": 230.6800000000003,
  "04:30:00": 244.04000000000087,
  "04:35:00": 172.26000000000204,
  "04:40:00": 107.70999999999913,
  "04:45:00": 104.29000000000087,
  "04:50:00": 104.40000000000146,
  "04:55:00": 148.54999999999563,
  "05:00:00": 118.23999999999796,
  "05:05:00": 149.77999999999884,
  "05:10:00": 80.76000000000204,
  "05:15:00": 256.23999999999796,
  "05:20:00": 574.5,
  "05:25:00": 172.94000000000233,
  "05:30:00": 268.2299999999959,
  "05:35:00": 173.81000000000495,
  "05:40:00": 107.25,
  "05:45:00": 123.11000000000058,
  "05:50:00": 134.34999999999854,
  "05:55:00": 73.98999999999796,
  "06:00:00": 239.6999999999971,
  "06:05:00": 310.33000000000175,
  "06:10:00": 164.4100000000035,
  "06:15:00": 139.88999999999942,
  "06:20:00": 86.79000000000087,
  "06:25:00": 135.54000000000087,
  "06:30:00": 133.61000000000058,
  "06:35:00": 160.25,
  "06:40:00": 85.00999999999476,
  "06:45:00": 149.7100000000064,
  "06:50:00": 199.9300000000003,
  "06:55:00": 154.97000000000116,
  "07:00:00": 242.62999999999738,
  "07:05:00": 399.95000000000437,
  "07:10:00": 137.02000000000407,
  "07:15:00": 159.16999999999825,
  "07:20:00": 141.05999999999767,
  "07:25:00": 101.69000000000233,
  "07:30:00": 115.58000000000175,
  "07:35:00": 66.79000000000087,
  "07:40:00": 138.83000000000175,
  "07:45:00": 104.46999999999389,
  "07:50:00": 84.45000000000437,
  "07:55:00": 131.09000000000378,
  "08:00:00": 206.40000000000146,
  "08:05:00": 122.87000000000262,
  "08:10:00": 78.94999999999709,
  "08:15:00": 148.26000000000204,
  "08:20:00": 241.77999999999884,
  "08:25:00": 98.29000000000087,
  "08:30:00": 155.59999999999854,
  "08:35:00": 87.20000000000437,
  "08:40:00": 89.67000000000553,
  "08:45:00": 68.00999999999476,
  "08:50:00": 57.62000000000262,
  "08:55:00": 83.22000000000116,
  "09:00:00": 130.05999999999767,
  "09:05:00": 134.51000000000204,
  "09:10:00": 80.05000000000291,
  "09:15:00": 142.44000000000233,
  "09:20:00": 93.72000000000116,
  "09:25:00": 77.30000000000291,
  "09:30:00": 104.27000000000407,
  "09:35:00": 172.12000000000262,
  "09:40:00": 149.68999999999505,
  "09:45:00": 112.66999999999825,
  "09:50:00": 121.58000000000175,
  "09:55:00": 79.13999999999942,
  "10:00:00": 95.37000000000262,
  "10:05:00": 106.12000000000262,
  "10:10:00": 133.9300000000003,
  "10:15:00": 119.9600000000064,
  "10:20:00": 47.580000000001746,
  "10:25:00": 54.05000000000291,
  "10:30:00": 121.45999999999913,
  "10:35:00": 124.70999999999913,
  "10:40:00": 74.85000000000582,
  "10:45:00": 62.529999999998836,
  "10:50:00": 179.9800000000032,
  "10:55:00": 50.19999999999709,
  "11:00:00": 49.54000000000087,
  "11:05:00": 120.29000000000087,
  "11:10:00": 56.19999999999709,
  "11:15:00": 48.450000000004366,
  "11:20:00": 75.05000000000291,
  "11:25:00": 108.15000000000146,
  "11:30:00": 117.98999999999796,
  "11:35:00": 179.05999999999767,
  "11:40:00": 66.84999999999854,
  "11:45:00": 97.15000000000146,
  "11:50:00": 56.220000000001164,
  "11:55:00": 55.419999999998254,
  "12:00:00": 131.7300000000032,
  "12:05:00": 90.61999999999534,
  "12:10:00": 94.04999999999563,
  "12:15:00": 95.43000000000029,
  "12:20:00": 87.88999999999942,
  "12:25:00": 84.20999999999913,
  "12:30:00": 94.79999999999563,
  "12:35:00": 178.13999999999942,
  "12:40:00": 56.11000000000058,
  "12:45:00": 124.10000000000582,
  "12:50:00": 169.33000000000175,
  "12:55:00": 115.83000000000175,
  "13:00:00": 155.86000000000058,
  "13:05:00": 134.23999999999796,
  "13:10:00": 79.45999999999913,
  "13:15:00": 118.02000000000407,
  "13:20:00": 176.93999999999505,
  "13:25:00": 97.65000000000146,
  "13:30:00": 412.6999999999971,
  "13:35:00": 374.1600000000035,
  "13:40:00": 179.98999999999796,
  "13:45:00": 145.77000000000407,
  "13:50:00": 88.99000000000524,
  "13:55:00": 128.73999999999796,
  "14:00:00": 132.31000000000495,
  "14:05:00": 261.58000000000175,
  "14:10:00": 97.18000000000029,
  "14:15:00": 198.65000000000146,
  "14:20:00": 145.95999999999913,
  "14:25:00": 111.60000000000582,
  "14:30:00": 291.8600000000006,
  "14:35:00": 495.1399999999994,
  "14:40:00": 338.79999999999563,
  "14:45:00": 406.3500000000058,
  "14:50:00": 398.3899999999994,
  "14:55:00": 287.0500000000029,
  "15:00:00": 189.61000000000058,
  "15:05:00": 189.72000000000116,
  "15:10:00": 206.5,
  "15:15:00": 284.42000000000553,
  "15:20:00": 332.95000000000437,
  "15:25:00": 243.25,
  "15:30:00": 142.02999999999884,
  "15:35:00": 194.08000000000175,
  "15:40:00": 165.91999999999825,
  "15:45:00": 169.38000000000466,
  "15:50:00": 132.56000000000495,
  "15:55:00": 192.98999999999796,
  "16:00:00": 490.02999999999884,
  "16:05:00": 189.1800000000003,
  "16:10:00": 232.4300000000003,
  "16:15:00": 210.00999999999476,
  "16:20:00": 159.02999999999884,
  "16:25:00": 209.82999999999447,
  "16:30:00": 276.6599999999962,
  "16:35:00": 243.0,
  "16:40:00": 191.7300000000032,
  "16:45:00": 179.77999999999884,
  "16:50:00": 130.09000000000378,
  "16:55:00": 393.0,
  "17:00:00": 167.61999999999534,
  "17:05:00": 250.37999999999738,
  "17:10:00": 148.59999999999854,
  "17:15:00": 203.8199999999997,
  "17:20:00": 137.89999999999418,
  "17:25:00": 178.5500000000029,
  "17:30:00": 87.97000000000116,
  "17:35:00": 171.33000000000175,
  "17:40:00": 155.37000000000262,
  "17:45:00": 130.01000000000204,
  "17:50:00": 116.91999999999825,
  "17:55:00": 193.13000000000466,
  "18:00:00": 220.38999999999942,
  "18:05:00": 131.34999999999854,
  "18:10:00": 263.9499999999971,
  "18:15:00": 308.3600000000006,
  "18:20:00": 127.84999999999854,
  "18:25:00": 71.5,
  "18:30:00": 110.27999999999884,
  "18:35:00": 86.38999999999942,
  "18:40:00": 170.65000000000146,
  "18:45:00": 117.8900000000067,
  "18:50:00": 94.08000000000175,
  "18:55:00": 121.59000000000378,
  "19:00:00": 208.79000000000087,
  "19:05:00": 284.5500000000029,
  "19:10:00": 312.1900000000023,
  "19:15:00": 120.83999999999651,
  "19:20:00": 165.45999999999913,
  "19:25:00": 101.40999999999622,
  "19:30:00": 122.70999999999913,
  "19:35:00": 88.15999999999622,
  "19:40:00": 121.41000000000349,
  "19:45:00": 57.18999999999505,
  "19:50:00": 112.5,
  "19:55:00": 80.62000000000262,
  "20:00:00": 90.61000000000058,
  "20:05:00": 179.15000000000146,