{
  "00:00:00": 173.22999999999593,
  "00:05:00": 72.38000000000466
}