{
  "00:00:00": 222.11000000000058,
  "00:05:00": 121.27000000000407,
  "00:10:00": 207.9499999999971,
  "00:15:00": 184.6299999999901,
  "00:20:00": 133.63999999999942,
  "00:25:00": 136.72999999999593,
  "00:30:00": 306.0,
  "00:35:00": 199.3399999999965,
  "00:40:00": 71.98000000001048,
  "00:45:00": 245.60000000000582,
  "00:50:00": 117.07000000000698,
  "00:55:00": 204.47999999999593,
  "01:00:00": 168.14999999999418,
  "01:05:00": 137.07000000000698,
  "01:10:00": 189.02999999999884,
  "01:15:00": 258.7299999999959,
  "01:20:00": 155.5100000000093,
  "01:25:00": 162.72999999999593,
  "01:30:00": 298.3500000000058,
  "01:35:00": 121.52000000000407,
  "01:40:00": 188.47000000000116,
  "01:45:00": 195.11999999999534,
  "01:50:00": 188.3299999999872,
  "01:55:00": 149.75,
  "02:00:00": 360.7899999999936,
  "02:05:00": 186.0500000000029,
  "02:10:00": 103.32000000000698,
  "02:15:00": 166.91999999999825,
  "02:20:00": 314.99000000000524,
  "02:25:00": 126.02000000000407,
  "02:30:00": 115.19999999999709,
  "02:35:00": 110.02999999999884,
  "02:40:00": 94.19000000000233,
  "02:45:00": 203.93999999998778,
  "02:50:00": 130.08000000000175,
  "02:55:00": 81.58999999999651,
  "03:00:00": 158.8399999999965,
  "03:05:00": 104.16999999999825,
  "03:10:00": 135.34999999999127,
  "03:15:00": 222.80999999999767,
  "03:20:00": 108.36000000000058,
  "03:25:00": 132.47000000000116,
  "03:30:00": 153.17999999999302,
  "03:35:00": 94.55000000000291,
  "03:40:00": 115.19999999999709,
  "03:45:00": 102.0,
  "03:50:00": 87.49000000000524,
  "03:55:00": 79.7100000000064,
  "04:00:00": 89.0399999999936,
  "04:05:00": 129.54000000000815,
  "04:10:00": 112.31999999999243,
  "04:15:00": 102.77999999999884,
  "04:20:00": 100.36999999999534,
  "04:25:00": 77.76000000000931,
  "04:30:00": 57.81999999999243,
  "04:35:00": 155.00999999999476,
  "04:40:00": 116.75,
  "04:45:00": 145.63999999999942,
  "04:50:00": 107.41000000000349,
  "04:55:00": 51.33999999999651,
  "05:00:00": 131.8000000000029,
  "05:05:00": 295.1000000000058,
  "05:10:00": 135.3799999999901,
  "05:15:00": 187.13000000000466,
  "05:20:00": 204.47999999999593,
  "05:25:00": 58.080000000001746,
  "05:30:00": 240.59000000001106,
  "05:35:00": 161.0,
  "05:40:00": 101.47000000000116,
  "05:45:00": 256.02999999999884,
  "05:50:00": 140.8799999999901,
  "05:55:00": 142.38000000000466,
  "06:00:00": 135.36000000000058,
  "06:05:00": 122.56999999999243,
  "06:10:00": 146.39999999999418,
  "06:15:00": 89.27999999999884,
  "06:20:00": 106.55000000000291,
  "06:25:00": 101.86000000000058,
  "06:30:00": 69.11000000000058,
  "06:35:00": 119.0,
  "06:40:00": 99.92999999999302,
  "06:45:00": 200.14999999999418,
  "06:50:00": 155.86999999999534,
  "06:55:00": 200.33000000000175,
  "07:00:00": 177.25999999999476,
  "07:05:00": 146.8700000000099,
  "07:10:00": 172.8000000000029,
  "07:15:00": 192.61999999999534,
  "07:20:00": 105.53000000001339,
  "07:25:00": 89.26999999998952,
  "07:30:00": 129.54999999998836,
  "07:35:00": 71.1299999999901,
  "07:40:00": 160.14999999999418,
  "07:45:00": 94.30999999999767,
  "07:50:00": 111.66999999999825,
  "07:55:00": 90.60000000000582,
  "08:00:00": 95.97000000000116,
  "08:05:00": 116.02999999999884,
  "08:10:00": 340.47000000000116,
  "08:15:00": 158.97000000000116,
  "08:20:00": 160.0,
  "08:25:00": 230.6600000000035,
  "08:30:00": 150.41999999999825,
  "08:35:00": 237.56999999999243,
  "08:40:00": 232.69000000000233,
  "08:45:00": 242.11000000000058,
  "08:50:00": 110.7899999999936,
  "08:55:00": 205.56000000001222,
  "09:00:00": 157.3000000000029,
  "09:05:00": 309.8899999999994,
  "09:10:00": 110.51000000000931,
  "09:15:00": 127.33999999999651,
  "09:20:00": 192.75999999999476,
  "09:25:00": 434.7800000000134,
  "09:30:00": 298.25,
  "09:35:00": 225.0,
  "09:40:00": 138.68000000000757,
  "09:45:00": 121.14999999999418,
  "09:50:00": 179.02999999999884,
  "09:55:00": 133.88000000000466,
  "10:00:00": 174.9100000000035,
  "10:05:00": 152.81000000001222,
  "10:10:00": 122.91999999999825,
  "10:15:00": 156.24000000000524,
  "10:20:00": 164.13000000000466,
  "10:25:00": 172.91999999999825,
  "10:30:00": 101.44999999999709,
  "10:35:00": 98.0,
  "10:40:00": 261.11999999999534,
  "10:45:00": 317.929999999993,
  "10:50:00": 236.51999999998952,
  "10:55:00": 159.77000000000407,
  "11:00:00": 215.74000000000524,
  "11:05:00": 171.11999999999534,
  "11:10:00": 139.54999999998836,
  "11:15:00": 194.22000000000116,
  "11:20:00": 236.3000000000029,
  "11:25:00": 178.8000000000029,
  "11:30:00": 115.5399999999936,
  "11:35:00": 206.05999999999767,
  "11:40:00": 90.35000000000582,
  "11:45:00": 128.7600000000093,
  "11:50:00": 68.07000000000698,
  "11:55:00": 179.36000000000058,
  "12:00:00": 219.25,
  "12:05:00": 331.83000000000175,
  "12:10:00": 515.3600000000006,
  "12:15:00": 246.5,
  "12:20:00": 148.70000000001164,
  "12:25:00": 118.16000000000349,
  "12:30:00": 219.97000000000116,
  "12:35:00": 137.72000000000116,
  "12:40:00": 150.99000000000524,
  "12:45:00": 122.45999999999185,
  "12:50:00": 143.27000000000407,
  "12:55:00": 111.99000000000524,
  "13:00:00": 291.9699999999866,
  "13:05:00": 156.0799999999872,
  "13:10:00": 276.8500000000058,
  "13:15:00": 233.85000000000582,
  "13:20:00": 108.65999999998894,
  "13:25:00": 111.6200000000099,
  "13:30:00": 263.6000000000058,
  "13:35:00": 151.77000000000407,
  "13:40:00": 188.65999999998894,
  "13:45:00": 232.26999999998952,
  "13:50:00": 213.27000000000407,
  "13:55:00": 181.10000000000582,
  "14:00:00": 363.1999999999971,
  "14:05:00": 164.0,
  "14:10:00": 123.42999999999302,
  "14:15:00": 170.82000000000698,
  "14:20:00": 268.40000000000873,
  "14:25:00": 148.52999999999884,
  "14:30:00": 795.5200000000041,
  "14:35:00": 490.77999999999884,
  "14:40:00": 711.3399999999965,
  "14:45:00": 531.3500000000058,
  "14:50:00": 542.2100000000064,
  "14:55:00": 281.36999999999534,
  "15:00:00": 273.429999999993,
  "15:05:00": 289.8100000000122,
  "15:10:00": 309.99000000000524,
  "15:15:00": 466.63000000000466,
  "15:20:00": 307.36999999999534,
  "15:25:00": 193.0,
  "15:30:00": 512.9400000000023,
  "15:35:00": 336.2600000000093,
  "15:40:00": 383.6399999999994,
  "15:45:00": 301.4400000000023,
  "15:50:00": 287.1100000000006,
  "15:55:00": 288.22000000000116,
  "16:00:00": 305.1399999999994,
  "16:05:00": 581.8700000000099,
  "16:10:00": 274.6100000000006,
  "16:15:00": 341.2100000000064,
  "16:20:00": 567.9900000000052,
  "16:25:00": 233.88000000000466,
  "16:30:00": 568.9899999999907,
  "16:35:00": 638.8899999999994,
  "16:40:00": 434.2299999999959,
  "16:45:00": 505.7100000000064,
  "16:50:00": 337.5200000000041,
  "16:55:00": 343.5899999999965,
  "17:00:00": 402.2299999999959,
  "17:05:00": 256.9600000000064,
  "17:10:00": 329.91999999999825,
  "17:15:00": 246.67999999999302,
  "17:20:00": 396.0500000000029,
  "17:25:00": 202.3399999999965,
  "17:30:00": 475.429999999993,
  "17:35:00": 285.8100000000122,
  "17:40:00": 217.39999999999418,
  "17:45:00": 383.5399999999936,
  "17:50:00": 177.11999999999534,
  "17:55:00": 214.99000000000524,
  "18:00:00": 203.14999999999418,
  "18:05:00": 155.22000000000116,
  "18:10:00": 289.0799999999872,
  "18:15:00": 353.27999999999884,
  "18:20:00": 264.22000000000116,
  "18:25:00": 187.6200000000099,
  "18:30:00": 418.6900000000023,
  "18:35:00": 345.1200000000099,
  "18:40:00": 239.02000000000407,
  "18:45:00": 195.92999999999302,
  "18:50:00": 142.47999999999593,
  "18:55:00": 188.27999999999884,
  "19:00:00": 155.07000000000698,
  "19:05:00": 347.6299999999901,
  "19:10:00": 378.0,
  "19:15:00": 182.52999999999884,
  "19:20:00": 227.35000000000582,
  "19:25:00": 288.99000000000524,
  "19:30:00": 223.5500000000029,
  "19:35:00": 460.3999999999942,
  "19:40:00": 277.4799999999959,
  "19:45:00": 244.05999999999767,
  "19:50:00": 252.25,
  "19:55:00": 119.77000000000407,
  "20:00:00": 152.67999999999302,
  "20:05:00": 205.79000000000815,
  "20:10:00": 140.72999999999593,
  "20:15:00": 174.85000000000582,