{
  "00:00:00": 301.00999999999476,
  "00:15:00": 54.19999999999709
}