{
  "00:00:00": 173.22999999999593,
  "00:05:00": 227.88999999999942,
  "00:10:00": 239.52000000000407,
  "00:15:00": 177.7899999999936,
  "00:20:00": 195.9600000000064,
  "00:25:00": 221.05999999999767,
  "00:30:00": 200.24000000000524,
  "00:35:00": 185.9100000000035,
  "00:40:00": 532.8700000000099,
  "00:45:00": 371.0599999999977,
  "00:50:00": 248.27999999999884,
  "00:55:00": 113.36000000000058,
  "01:00:00": 253.63999999999942,
  "01:05:00": 430.84000000001106,
  "01:10:00": 317.68000000000757,
  "01:15:00": 212.45000000001164,
  "01:20:00": 226.75,
  "01:25:00": 168.58000000000175,
  "01:30:00": 128.74000000000524,
  "01:35:00": 110.4600000000064,
  "01:40:00": 153.3399999999965,
  "01:45:00": 210.5,
  "01:50:00": 213.52000000000407,
  "01:55:00": 116.44000000000233,
  "02:00:00": 121.86999999999534,
  "02:05:00": 479.15000000000873,
  "02:10:00": 305.74000000000524,
  "02:15:00": 185.5500000000029,
  "02:20:00": 237.23000000001048,
  "02:25:00": 82.98999999999069,
  "02:30:00": 226.70999999999185,
  "02:35:00": 142.3000000000029,
  "02:40:00": 139.14999999999418,
  "02:45:00": 163.0899999999965,
  "02:50:00": 96.7100000000064,
  "02:55:00": 117.43000000000757,
  "03:00:00": 190.26999999998952,
  "03:05:00": 219.99000000000524,
  "03:10:00": 243.38999999999942,
  "03:15:00": 178.5,
  "03:20:00": 205.97999999999593,
  "03:25:00": 190.27000000000407,
  "03:30:00": 178.6999999999971,
  "03:35:00": 315.74000000000524,
  "03:40:00": 116.61999999999534,
  "03:45:00": 79.5,
  "03:50:00": 173.22999999999593,
  "03:55:00": 96.0,
  "04:00:00": 112.3700000000099,
  "04:05:00": 72.27000000000407,
  "04:10:00": 99.07000000000698,
  "04:15:00": 166.83000000000175,
  "04:20:00": 205.4100000000035,
  "04:25:00": 179.95000000001164,
  "04:30:00": 139.13999999999942,
  "04:35:00": 173.88999999999942,
  "04:40:00": 113.85000000000582,
  "04:45:00": 186.24000000000524,
  "04:50:00": 152.5100000000093,
  "04:55:00": 153.34000000001106,
  "05:00:00": 231.5399999999936,
  "05:05:00": 127.79999999998836,
  "05:10:00": 74.9600000000064,
  "05:15:00": 115.70000000001164,
  "05:20:00": 187.85000000000582,
  "05:25:00": 96.56000000001222,
  "05:30:00": 92.88999999999942,
  "05:35:00": 92.94999999999709,
  "05:40:00": 261.0500000000029,
  "05:45:00": 133.65000000000873,
  "05:50:00": 94.55999999999767,
  "05:55:00": 154.0,
  "06:00:00": 216.0100000000093,
  "06:05:00": 126.86999999999534,
  "06:10:00": 59.88000000000466,
  "06:15:00": 439.66999999999825,
  "06:20:00": 246.0,
  "06:25:00": 154.19000000000233,
  "06:30:00": 113.59000000001106,
  "06:35:00": 127.72999999999593,
  "06:40:00": 96.44999999999709,
  "06:45:00": 179.8399999999965,
  "06:50:00": 143.33000000000175,
  "06:55:00": 94.77999999999884,
  "07:00:00": 257.5500000000029,
  "07:05:00": 397.7899999999936,
  "07:10:00": 184.27999999999884,
  "07:15:00": 202.83000000000175,
  "07:20:00": 219.0399999999936,
  "07:25:00": 135.99000000000524,
  "07:30:00": 111.66999999999825,
  "07:35:00": 188.66999999999825,
  "07:40:00": 88.02000000000407,
  "07:45:00": 94.73999999999069,
  "07:50:00": 62.55000000000291,
  "07:55:00": 131.31999999999243,
  "08:00:00": 249.90999999998894,
  "08:05:00": 116.42999999999302,
  "08:10:00": 414.88000000000466,
  "08:15:00": 288.02999999999884,
  "08:20:00": 285.3999999999942,
  "08:25:00": 181.75999999999476,
  "08:30:00": 140.86000000000058,
  "08:35:00": 183.2399999999907,
  "08:40:00": 125.97999999999593,
  "08:45:00": 101.32000000000698,
  "08:50:00": 248.6999999999971,
  "08:55:00": 89.7899999999936,
  "09:00:00": 189.11999999999534,
  "09:05:00": 167.22000000000116,
  "09:10:00": 142.7899999999936,
  "09:15:00": 212.5899999999965,
  "09:20:00": 293.16999999999825,
  "09:25:00": 138.1200000000099,
  "09:30:00": 122.10999999998603,
  "09:35:00": 158.0,
  "09:40:00": 113.04000000000815,
  "09:45:00": 76.7899999999936,
  "09:50:00": 155.0899999999965,
  "09:55:00": 157.41999999999825,
  "10:00:00": 247.63000000000466,
  "10:05:00": 89.60000000000582,
  "10:10:00": 249.91999999999825,
  "10:15:00": 71.77999999999884,
  "10:20:00": 90.5,
  "10:25:00": 115.92999999999302,
  "10:30:00": 87.16000000000349,
  "10:35:00": 243.18999999998778,
  "10:40:00": 158.92999999999302,
  "10:45:00": 85.47000000000116,
  "10:50:00": 163.39999999999418,
  "10:55:00": 152.60000000000582,
  "11:00:00": 123.05999999999767,
  "11:05:00": 234.6999999999971,
  "11:10:00": 99.69999999999709,
  "11:15:00": 123.83000000000175,
  "11:20:00": 199.02999999999884,
  "11:25:00": 183.0899999999965,
  "11:30:00": 136.38000000000466,
  "11:35:00": 177.14000000001397,
  "11:40:00": 180.1999999999971,
  "11:45:00": 172.11000000000058,
  "11:50:00": 149.75,
  "11:55:00": 105.5799999999872,
  "12:00:00": 144.47999999999593,
  "12:05:00": 73.10000000000582,
  "12:10:00": 69.10000000000582,
  "12:15:00": 167.1999999999971,
  "12:20:00": 193.52999999999884,
  "12:25:00": 40.61999999999534,
  "12:30:00": 86.08999999999651,
  "12:35:00": 150.5500000000029,
  "12:40:00": 97.57000000000698,
  "12:45:00": 109.34999999999127,
  "12:50:00": 67.66999999999825,
  "12:55:00": 83.77999999999884,
  "13:00:00": 112.33000000000175,
  "13:05:00": 219.22000000000116,
  "13:10:00": 142.30999999999767,
  "13:15:00": 160.69000000000233,
  "13:20:00": 145.27999999999884,
  "13:25:00": 404.2600000000093,
  "13:30:00": 229.99000000000524,
  "13:35:00": 209.36999999999534,
  "13:40:00": 259.6800000000003,
  "13:45:00": 183.9800000000032,
  "13:50:00": 161.26000000000204,
  "13:55:00": 133.36999999999534,
  "14:00:00": 196.27999999999884,
  "14:05:00": 141.11999999999534,
  "14:10:00": 145.42999999999302,
  "14:15:00": 194.84000000000378,
  "14:20:00": 177.5699999999997,
  "14:25:00": 280.1599999999962,
  "14:30:00": 798.0099999999948,
  "14:35:00": 387.08000000000175,
  "14:40:00": 461.7899999999936,
  "14:45:00": 559.3500000000058,
  "14:50:00": 351.1900000000023,
  "14:55:00": 348.2100000000064,
  "15:00:00": 477.95000000001164,
  "15:05:00": 587.1499999999942,
  "15:10:00": 734.9499999999971,
  "15:15:00": 356.5399999999936,
  "15:20:00": 400.66999999999825,
  "15:25:00": 442.81999999999243,
  "15:30:00": 528.5,
  "15:35:00": 601.2399999999907,
  "15:40:00": 360.320000000007,
  "15:45:00": 340.97000000000116,
  "15:50:00": 710.3600000000006,
  "15:55:00": 293.9600000000064,
  "16:00:00": 374.3000000000029,
  "16:05:00": 618.4700000000012,
  "16:10:00": 217.19000000000233,
  "16:15:00": 270.7100000000064,
  "16:20:00": 329.40000000000873,
  "16:25:00": 335.3600000000006,
  "16:30:00": 317.22000000000116,
  "16:35:00": 307.0200000000041,
  "16:40:00": 704.0899999999965,
  "16:45:00": 326.18000000000757,
  "16:50:00": 213.44000000000233,
  "16:55:00": 231.43000000000757,
  "17:00:00": 224.36000000000058,
  "17:05:00": 290.02999999999884,
  "17:10:00": 236.1999999999971,
  "17:15:00": 384.00999999999476,
  "17:20:00": 191.22999999999593,
  "17:25:00": 246.5,
  "17:30:00": 184.7899999999936,
  "17:35:00": 354.320000000007,
  "17:40:00": 406.0599999999977,
  "17:45:00": 233.8000000000029,
  "17:50:00": 277.6100000000006,
  "17:55:00": 161.8700000000099,
  "18:00:00": 490.65999999998894,
  "18:05:00": 145.22000000000116,
  "18:10:00": 240.18999999998778,
  "18:15:00": 196.41999999999825,
  "18:20:00": 149.09000000001106,
  "18:25:00": 214.42999999999302,
  "18:30:00": 242.9600000000064,
  "18:35:00": 211.19000000000233,
  "18:40:00": 209.22000000000116,
  "18:45:00": 206.11999999999534,
  "18:50:00": 247.63999999999942,
  "18:55:00": 228.00999999999476,
  "19:00:00": 215.70000000001164,
  "19:05:00": 313.0200000000041,
  "19:10:00": 206.57000000000698,
  "19:15:00": 171.76999999998952,
  "19:20:00": 194.38000000000466,
  "19:25:00": 103.66000000000349,
  "19:30:00": 248.67999999999302,
  "19:35:00": 211.7100000000064,
  "19:40:00": 139.25,
  "19:45:00": 165.16999999999825,
  "19:50:00": 140.38000000000466,
  "19:55:00": 106.22000000000116,
  "20:00:00": 309.75999999999476,
  "20:05:00": 343.7700000000041,
  "20:10:00": 312.3099999999977,