{
  "00:00:00": 221.15999999998894,
  "00:15:00": 173.10000000000582,
  "00:30:00": 141.49000000000524,
  "00:45:00": 233.81000000001222,
  "01:00:00": 260.36999999999534,
  "01:15:00": 546.5099999999948,
  "01:30:00": 712.9400000000023,
  "01:45:00": 243.32000000000698,
  "02:00:00": 226.79999999998836,
  "02:15:00": 38.479999999995925
}