{
  "00:00:00": 301.00999999999476,
  "00:15:00": 296.68000000000757,
  "00:30:00": 288.6000000000058,
  "00:45:00": 300.4600000000064,
  "01:00:00": 613.4400000000023,
  "01:15:00": 469.0500000000029,
  "01:30:00": 382.77999999999884,
  "01:45:00": 289.070000000007,
  "02:00:00": 354.6999999999971,
  "02:15:00": 245.97999999999593,
  "02:30:00": 385.9799999999959,
  "02:45:00": 262.7899999999936,
  "03:00:00": 273.5599999999977,
  "03:15:00": 192.14999999999418,
  "03:30:00": 203.74000000000524,
  "03:45:00": 210.2100000000064,
  "04:00:00": 265.9600000000064,
  "04:15:00": 266.74000000000524,
  "04:30:00": 426.320000000007,
  "04:45:00": 390.320000000007,
  "05:00:00": 200.80999999999767,
  "05:15:00": 375.1399999999994,
  "05:30:00": 237.25999999999476,
  "05:45:00": 263.22000000000116,
  "06:00:00": 420.04999999998836,
  "06:15:00": 34.14999999999418
}