{
  "10:30:00": 121.49000000000524,
  "10:35:00": 127.72999999999593,
  "10:40:00": 39.75,
  "10:45:00": 65.30999999999767,
  "10:50:00": 134.05999999999767,
  "10:55:00": 79.85000000000582,
  "11:00:00": 63.580000000001746,
  "11:05:00": 71.23000000001048,
  "11:10:00": 33.74000000000524,
  "11:15:00": 60.25,
  "11:20:00": 46.5,
  "11:25:00": 81.47999999999593,
  "11:30:00": 25.470000000001164,
  "11:35:00": 197.02999999999884,
  "11:40:00": 67.80000000000291,
  "11:45:00": 93.26000000000931,
  "11:50:00": 213.22000000000116,
  "11:55:00": 76.93000000000757,
  "12:00:00": 109.29000000000815,
  "12:05:00": 228.9499999999971,
  "12:10:00": 81.27000000000407,
  "12:15:00": 109.9600000000064,
  "12:20:00": 143.76999999998952,
  "12:25:00": 76.41000000000349,
  "12:30:00": 53.66000000000349,
  "12:35:00": 213.19000000000233,
  "12:40:00": 72.23000000001048,
  "12:45:00": 129.44000000000233,
  "12:50:00": 62.0,
  "12:55:00": 41.36999999999534,
  "13:00:00": 133.67999999999302,
  "13:05:00": 209.59000000001106,
  "13:10:00": 90.47999999999593,
  "13:15:00": 254.25999999999476,
  "13:20:00": 121.98000000001048,
  "13:25:00": 91.92999999999302,
  "13:30:00": 143.99000000000524,
  "13:35:00": 210.32000000000698,
  "13:40:00": 178.52000000000407,
  "13:45:00": 211.5500000000029,
  "13:50:00": 248.0,
  "13:55:00": 93.27000000000407,
  "14:00:00": 148.92999999999302,
  "14:05:00": 102.68000000000757,
  "14:10:00": 216.27999999999884,
  "14:15:00": 156.54000000000815,
  "14:20:00": 107.75,
  "14:25:00": 183.07000000000698,
  "14:30:00": 395.49000000000524,
  "14:35:00": 589.1900000000023,
  "14:40:00": 313.679999999993,
  "14:45:00": 308.679999999993,
  "14:50:00": 393.8600000000006,
  "14:55:00": 337.8799999999901,
  "15:00:00": 376.45999999999185,
  "15:05:00": 287.3899999999994,
  "15:10:00": 412.6600000000035,
  "15:15:00": 324.68000000000757,
  "15:20:00": 248.61999999999534,
  "15:25:00": 56.55999999999767
}