{
  "00:00:00": 73.76000000000204,
  "00:05:00": 82.89999999999418,
  "00:10:00": 135.6600000000035,
  "00:15:00": 159.0,
  "00:20:00": 79.44999999999709,
  "00:25:00": 112.20999999999913,
  "00:30:00": 102.44000000000233,
  "00:35:00": 146.66999999999825,
  "00:40:00": 201.25,
  "00:45:00": 114.26000000000204,
  "00:50:00": 81.66999999999825,
  "00:55:00": 120.97000000000116,
  "01:00:00": 195.20999999999913,
  "01:05:00": 183.47999999999593,
  "01:10:00": 1527.979999999996,
  "01:15:00": 582.0199999999968,
  "01:20:00": 523.0299999999988,
  "01:25:00": 314.4800000000105,
  "01:30:00": 181.57000000000698,
  "01:35:00": 309.6100000000006,
  "01:40:00": 385.5200000000041,
  "01:45:00": 286.0199999999895,
  "01:50:00": 222.22000000000116,
  "01:55:00": 138.7100000000064,
  "02:00:00": 268.2299999999959,
  "02:05:00": 405.66999999999825,
  "02:10:00": 254.16999999999825,
  "02:15:00": 168.49000000000524,
  "02:20:00": 122.34000000001106,
  "02:25:00": 165.47000000000116,
  "02:30:00": 241.49000000000524,
  "02:35:00": 95.5,
  "02:40:00": 85.75999999999476,
  "02:45:00": 68.69000000000233,
  "02:50:00": 124.30999999999767,
  "02:55:00": 106.39999999999418,
  "03:00:00": 152.75,
  "03:05:00": 128.48000000001048,
  "03:10:00": 93.83000000000175,
  "03:15:00": 314.25999999999476,
  "03:20:00": 203.90000000000146,
  "03:25:00": 109.47999999999593,
  "03:30:00": 140.8199999999997,
  "03:35:00": 204.87000000000262,
  "03:40:00": 91.51000000000204,
  "03:45:00": 185.17000000000553,
  "03:50:00": 162.00999999999476,
  "03:55:00": 80.29999999999563,
  "04:00:00": 289.9400000000023,
  "04:05:00": 103.62000000000262,
  "04:10:00": 245.38000000000466,
  "04:15:00": 250.5,
  "04:20:00": 170.08000000000175,
  "04:25:00": 85.67000000000553,
  "04:30:00": 52.74000000000524,
  "04:35:00": 80.4800000000032,
  "04:40:00": 47.270000000004075,
  "04:45:00": 107.76000000000204,
  "04:50:00": 114.40999999999622,
  "04:55:00": 66.95999999999913,
  "05:00:00": 86.0,
  "05:05:00": 69.12999999999738,
  "05:10:00": 157.62000000000262,
  "05:15:00": 75.3900000000067,
  "05:20:00": 161.15000000000146,
  "05:25:00": 93.93999999999505,
  "05:30:00": 241.30999999999767,
  "05:35:00": 248.25,
  "05:40:00": 158.4499999999971,
  "05:45:00": 199.05999999999767,
  "05:50:00": 79.15000000000146,
  "05:55:00": 95.06999999999971,
  "06:00:00": 113.44999999999709,
  "06:05:00": 96.29999999999563,
  "06:10:00": 61.20999999999913,
  "06:15:00": 100.0,
  "06:20:00": 137.88999999999942,
  "06:25:00": 79.62999999999738,
  "06:30:00": 129.20999999999913,
  "06:35:00": 87.36000000000058,
  "06:40:00": 32.58999999999651,
  "06:45:00": 65.32999999999447,
  "06:50:00": 131.39999999999418,
  "06:55:00": 54.44999999999709,
  "07:00:00": 100.12999999999738,
  "07:05:00": 185.16999999999825,
  "07:10:00": 164.0500000000029,
  "07:15:00": 196.8000000000029,
  "07:20:00": 88.74000000000524,
  "07:25:00": 112.16000000000349,
  "07:30:00": 85.43000000000029,
  "07:35:00": 130.04999999999563,
  "07:40:00": 173.44000000000233,
  "07:45:00": 60.70999999999913,
  "07:50:00": 72.5,
  "07:55:00": 46.26000000000204,
  "08:00:00": 104.44000000000233,
  "08:05:00": 94.68999999999505,
  "08:10:00": 45.849999999998545,
  "08:15:00": 118.19999999999709,
  "08:20:00": 170.0500000000029,
  "08:25:00": 65.44999999999709,
  "08:30:00": 124.02000000000407,
  "08:35:00": 197.52999999999884,
  "08:40:00": 87.79000000000087,
  "08:45:00": 128.80999999999767,
  "08:50:00": 184.2699999999968,
  "08:55:00": 100.48000000001048,
  "09:00:00": 130.07000000000698,
  "09:05:00": 136.72000000000116,
  "09:10:00": 185.18999999999505,
  "09:15:00": 72.33000000000175,
  "09:20:00": 113.57999999999447,
  "09:25:00": 57.31000000000495,
  "09:30:00": 89.95999999999913,
  "09:35:00": 93.37000000000262,
  "09:40:00": 57.51000000000204,
  "09:45:00": 87.86999999999534,
  "09:50:00": 37.55999999999767,
  "09:55:00": 59.75999999999476,
  "10:00:00": 136.36000000000058,
  "10:05:00": 81.76000000000204,
  "10:10:00": 96.94999999999709,
  "10:15:00": 167.62999999999738,
  "10:20:00": 112.09000000000378,
  "10:25:00": 57.56000000000495,
  "10:30:00": 56.04000000000087,
  "10:35:00": 65.30000000000291,
  "10:40:00": 37.220000000001164,
  "10:45:00": 128.70999999999913,
  "10:50:00": 89.7300000000032,
  "10:55:00": 64.72000000000116,
  "11:00:00": 84.02999999999884,
  "11:05:00": 168.1099999999933,
  "11:10:00": 117.0,
  "11:15:00": 71.73999999999796,
  "11:20:00": 211.5199999999968,
  "11:25:00": 52.75,
  "11:30:00": 62.799999999995634,
  "11:35:00": 119.12999999999738,
  "11:40:00": 101.37000000000262,
  "11:45:00": 50.799999999995634,
  "11:50:00": 46.88999999999942,
  "11:55:00": 87.61999999999534,
  "12:00:00": 133.97000000000116,
  "12:05:00": 160.58000000000175,
  "12:10:00": 36.79000000000087,
  "12:15:00": 290.72000000000116,
  "12:20:00": 233.3000000000029,
  "12:25:00": 72.61999999999534,
  "12:30:00": 130.27999999999884,
  "12:35:00": 137.67999999999302,
  "12:40:00": 88.7100000000064,
  "12:45:00": 199.9600000000064,
  "12:50:00": 246.38999999999942,
  "12:55:00": 153.90999999998894,
  "13:00:00": 220.22999999999593,
  "13:05:00": 211.82000000000698,
  "13:10:00": 105.13000000000466,
  "13:15:00": 115.13000000000466,
  "13:20:00": 128.9499999999971,
  "13:25:00": 163.6700000000128,
  "13:30:00": 74.58000000000175,
  "13:35:00": 148.3399999999965,
  "13:40:00": 146.00999999999476,
  "13:45:00": 369.6499999999942,
  "13:50:00": 346.72000000000116,
  "13:55:00": 117.86999999999534,
  "14:00:00": 133.95999999999185,
  "14:05:00": 195.5500000000029,
  "14:10:00": 86.38000000000466,
  "14:15:00": 166.63000000000466,
  "14:20:00": 99.7899999999936,
  "14:25:00": 103.5399999999936,
  "14:30:00": 341.08000000000175,
  "14:35:00": 351.4400000000023,
  "14:40:00": 295.89000000001397,
  "14:45:00": 641.1000000000058,
  "14:50:00": 264.16999999999825,
  "14:55:00": 364.52999999999884,
  "15:00:00": 307.74000000000524,
  "15:05:00": 319.8000000000029,
  "15:10:00": 132.75,
  "15:15:00": 209.9499999999971,
  "15:20:00": 184.07000000000698,
  "15:25:00": 241.97999999999593,
  "15:30:00": 453.0,
  "15:35:00": 226.77000000000407,
  "15:40:00": 245.99000000000524,
  "15:45:00": 163.08000000000175,
  "15:50:00": 239.0399999999936,
  "15:55:00": 211.3700000000099,
  "16:00:00": 135.2100000000064,
  "16:05:00": 261.7299999999959,
  "16:10:00": 317.97000000000116,
  "16:15:00": 325.52999999999884,
  "16:20:00": 263.0200000000041,
  "16:25:00": 286.58000000000175,
  "16:30:00": 173.33000000000175,
  "16:35:00": 166.11999999999534,
  "16:40:00": 118.4600000000064,
  "16:45:00": 182.11000000000058,
  "16:50:00": 129.64999999999418,
  "16:55:00": 333.1499999999942,
  "17:00:00": 322.45000000001164,
  "17:05:00": 298.4400000000023,
  "17:10:00": 377.75,
  "17:15:00": 331.0599999999977,
  "17:20:00": 388.77999999999884,
  "17:25:00": 180.3399999999965,
  "17:30:00": 264.5,
  "17:35:00": 200.0500000000029,
  "17:40:00": 228.30999999999767,
  "17:45:00": 178.97999999999593,
  "17:50:00": 201.75,
  "17:55:00": 155.73000000001048,
  "18:00:00": 345.41999999999825,
  "18:05:00": 322.7699999999895,
  "18:10:00": 203.41999999999825,
  "18:15:00": 265.3099999999977,
  "18:20:00": 272.5200000000041,
  "18:25:00": 527.4900000000052,
  "18:30:00": 228.14999999999418,
  "18:35:00": 210.02000000000407,
  "18:40:00": 159.72000000000116,
  "18:45:00": 234.38999999999942,
  "18:50:00": 229.86000000000058,
  "18:55:00": 123.77000000000407,
  "19:00:00": 364.6100000000006,
  "19:05:00": 238.44000000000233,
  "19:10:00": 290.4100000000035,
  "19:15:00": 157.99000000000524,
  "19:20:00": 269.6499999999942,
  "19:25:00": 200.0,
  "19:30:00": 230.94000000000233,
  "19:35:00": 126.11000000000058,
  "19:40:00": 108.0,
  "19:45:00": 236.97000000000116,
  "19:50:00": 138.0899999999965,
  "19:55:00": 103.94999999999709,
  "20:00:00": 192.58000000000175,
  "20:05:00": 87.52000000000407,
  "20:10:00": 303.070000000007,
  "20:15:00": 136.11000000000058,
  "20:20:00": 103.48000000001048,