{
  "00:00:00": 221.15999999998894,
  "00:15:00": 11.180000000007567
}