{
  "00:00:00": 87.23999999999069,
  "00:05:00": 97.42999999999302,
  "00:10:00": 34.5399999999936
}