{
  "00:00:00": 221.15999999998894,
  "00:15:00": 173.10000000000582,
  "00:30:00": 141.49000000000524,
  "00:45:00": 233.81000000001222,
  "01:00:00": 260.36999999999534,
  "01:15:00": 50.25999999999476
}