{
  "00:00:00": 268.8399999999965,
  "00:15:00": 318.9100000000035,
  "00:30:00": 475.81999999999243,
  "00:45:00": 297.33000000000175,
  "01:00:00": 216.9100000000035
}