{
  "00:00:00": 158.1600000000035,
  "00:15:00": 147.63000000000466,
  "00:30:00": 179.9200000000128,
  "00:45:00": 76.7899999999936,
  "01:00:00": 162.88999999999942,
  "01:15:00": 88.54999999998836,
  "01:30:00": 97.15000000000873,
  "01:45:00": 82.52999999999884,
  "02:00:00": 92.94999999999709,
  "02:15:00": 174.15000000000873,
  "02:30:00": 140.63999999999942,
  "02:45:00": 216.24000000000524,
  "03:00:00": 227.1999999999971,
  "03:15:00": 29.360000000000582
}