{
  "00:00:00": 87.23999999999069,
  "00:05:00": 97.42999999999302,
  "00:10:00": 200.40999999998894,
  "00:15:00": 124.01000000000931,
  "00:20:00": 111.98000000001048,
  "00:25:00": 173.10000000000582,
  "00:30:00": 141.49000000000524,
  "00:35:00": 81.8299999999872,
  "00:40:00": 79.57000000000698,
  "00:45:00": 128.04000000000815,
  "00:50:00": 186.9100000000035,
  "00:55:00": 81.4600000000064,
  "01:00:00": 124.36000000000058,
  "01:05:00": 93.66999999999825,
  "01:10:00": 167.24000000000524,
  "01:15:00": 148.39999999999418,
  "01:20:00": 86.00999999999476,
  "01:25:00": 508.5199999999895,
  "01:30:00": 409.070000000007,
  "01:35:00": 220.4499999999971,
  "01:40:00": 165.86000000000058,
  "01:45:00": 194.5899999999965,
  "01:50:00": 159.6200000000099,
  "01:55:00": 136.0100000000093,
  "02:00:00": 139.66999999999825,
  "02:05:00": 160.25,
  "02:10:00": 182.5799999999872,
  "02:15:00": 177.5,
  "02:20:00": 180.41999999999825,
  "02:25:00": 236.0399999999936,
  "02:30:00": 199.99000000000524,
  "02:35:00": 112.61999999999534,
  "02:40:00": 136.2899999999936,
  "02:45:00": 104.5399999999936,
  "02:50:00": 128.04000000000815,
  "02:55:00": 85.55999999999767,
  "03:00:00": 109.57000000000698,
  "03:05:00": 100.63999999999942,
  "03:10:00": 245.52000000000407,
  "03:15:00": 98.63000000000466,
  "03:20:00": 209.50999999999476,
  "03:25:00": 66.30000000000291,
  "03:30:00": 139.17999999999302,
  "03:35:00": 95.88999999999942,
  "03:40:00": 81.47000000000116,
  "03:45:00": 75.38999999999942,
  "03:50:00": 69.8299999999872,
  "03:55:00": 108.56999999999243,
  "04:00:00": 110.77999999999884,
  "04:05:00": 156.0399999999936,
  "04:10:00": 85.25,
  "04:15:00": 69.77000000000407,
  "04:20:00": 89.09000000001106,
  "04:25:00": 119.30999999999767,
  "04:30:00": 200.43000000000757,
  "04:35:00": 210.88000000000466,
  "04:40:00": 455.1999999999971,
  "04:45:00": 94.40000000000873,
  "04:50:00": 107.6299999999901,
  "04:55:00": 134.72000000000116,
  "05:00:00": 119.29999999998836,
  "05:05:00": 190.9100000000035,
  "05:10:00": 156.00999999999476,
  "05:15:00": 106.22999999999593,
  "05:20:00": 267.8899999999994,
  "05:25:00": 110.95000000001164,
  "05:30:00": 207.6600000000035,
  "05:35:00": 195.6999999999971,
  "05:40:00": 210.0,
  "05:45:00": 139.2100000000064,
  "05:50:00": 251.3000000000029,
  "05:55:00": 211.98000000001048,
  "06:00:00": 88.73000000001048,
  "06:05:00": 154.4499999999971,
  "06:10:00": 87.52000000000407,
  "06:15:00": 82.9600000000064,
  "06:20:00": 140.11999999999534,
  "06:25:00": 96.00999999999476,
  "06:30:00": 80.02999999999884,
  "06:35:00": 228.86999999999534,
  "06:40:00": 200.16999999999825,
  "06:45:00": 220.5,
  "06:50:00": 159.99000000000524,
  "06:55:00": 78.31000000001222,
  "07:00:00": 202.05999999999767,
  "07:05:00": 156.6999999999971,
  "07:10:00": 199.66999999999825,
  "07:15:00": 120.60000000000582,
  "07:20:00": 116.2899999999936,
  "07:25:00": 187.18000000000757,
  "07:30:00": 168.13999999999942,
  "07:35:00": 140.10000000000582,
  "07:40:00": 204.5399999999936,
  "07:45:00": 127.63999999999942,
  "07:50:00": 54.5,
  "07:55:00": 77.36999999999534,
  "08:00:00": 138.72999999999593,
  "08:05:00": 91.98000000001048,
  "08:10:00": 96.80999999999767,
  "08:15:00": 115.17999999999302,
  "08:20:00": 100.80000000000291,
  "08:25:00": 150.80999999999767,
  "08:30:00": 166.02999999999884,
  "08:35:00": 146.86999999999534,
  "08:40:00": 129.2899999999936,
  "08:45:00": 69.17999999999302,
  "08:50:00": 114.13999999999942,
  "08:55:00": 101.24000000000524,
  "09:00:00": 86.40000000000873,
  "09:05:00": 177.97999999999593,
  "09:10:00": 149.66999999999825,
  "09:15:00": 211.55999999999767,
  "09:20:00": 140.88999999999942,
  "09:25:00": 118.94999999999709,
  "09:30:00": 151.33000000000175,
  "09:35:00": 134.8000000000029,
  "09:40:00": 264.9499999999971,
  "09:45:00": 187.97999999999593,
  "09:50:00": 110.9600000000064,
  "09:55:00": 148.88000000000466,
  "10:00:00": 145.85000000000582,
  "10:05:00": 85.7899999999936,
  "10:10:00": 71.7100000000064,
  "10:15:00": 97.91000000000349,
  "10:20:00": 124.91000000000349,
  "10:25:00": 95.19999999999709,
  "10:30:00": 191.17999999999302,
  "10:35:00": 84.0,
  "10:40:00": 66.63999999999942,
  "10:45:00": 70.61999999999534,
  "10:50:00": 154.02999999999884,
  "10:55:00": 101.55000000000291,
  "11:00:00": 103.68000000000757,
  "11:05:00": 108.22999999999593,
  "11:10:00": 198.1600000000035,
  "11:15:00": 60.64000000001397,
  "11:20:00": 64.38999999999942,
  "11:25:00": 54.69999999999709,
  "11:30:00": 73.05000000000291,
  "11:35:00": 167.01999999998952,
  "11:40:00": 256.3100000000122,
  "11:45:00": 101.50999999999476,
  "11:50:00": 82.69000000000233,
  "11:55:00": 80.99000000000524,
  "12:00:00": 138.13000000000466,
  "12:05:00": 397.00999999999476,
  "12:10:00": 163.9499999999971,
  "12:15:00": 258.6100000000006,
  "12:20:00": 131.1600000000035,
  "12:25:00": 130.16999999999825,
  "12:30:00": 196.33000000000175,
  "12:35:00": 182.57000000000698,
  "12:40:00": 148.10000000000582,
  "12:45:00": 129.38999999999942,
  "12:50:00": 196.5500000000029,
  "12:55:00": 178.94000000000233,
  "13:00:00": 135.97000000000116,
  "13:05:00": 104.25,
  "13:10:00": 69.9600000000064,
  "13:15:00": 127.65000000000873,
  "13:20:00": 220.56000000001222,
  "13:25:00": 211.2600000000093,
  "13:30:00": 448.61999999999534,
  "13:35:00": 273.5100000000093,
  "13:40:00": 178.8299999999872,
  "13:45:00": 241.19000000000233,
  "13:50:00": 196.86999999999534,
  "13:55:00": 762.8699999999953,
  "14:00:00": 392.0,
  "14:05:00": 545.6199999999953,
  "14:10:00": 276.6299999999901,
  "14:15:00": 57.229999999995925
}