{
  "00:00:00": 301.00999999999476,
  "00:15:00": 296.68000000000757,
  "00:30:00": 288.6000000000058,
  "00:45:00": 300.4600000000064,
  "01:00:00": 613.4400000000023,
  "01:15:00": 469.0500000000029,
  "01:30:00": 382.77999999999884,
  "01:45:00": 289.070000000007,
  "02:00:00": 354.6999999999971,
  "02:15:00": 46.970000000001164
}