{
  "00:00:00": 152.8000000000029,
  "00:05:00": 179.24000000000524,
  "00:10:00": 172.00999999999476,
  "00:15:00": 260.66999999999825,
  "00:20:00": 155.9100000000035,
  "00:25:00": 101.98000000001048,
  "00:30:00": 365.6499999999942,
  "00:35:00": 220.1600000000035,
  "00:40:00": 109.38999999999942,
  "00:45:00": 270.0,
  "00:50:00": 148.4100000000035,
  "00:55:00": 125.91000000000349,
  "01:00:00": 216.9100000000035,
  "01:05:00": 227.77999999999884,
  "01:10:00": 155.42999999999302,
  "01:15:00": 186.34000000001106,
  "01:20:00": 147.14999999999418,
  "01:25:00": 386.8999999999942,
  "01:30:00": 401.99000000000524,
  "01:35:00": 184.97000000000116,
  "01:40:00": 350.1399999999994,
  "01:45:00": 338.8099999999977,
  "01:50:00": 126.02000000000407,
  "01:55:00": 113.18000000000757,
  "02:00:00": 188.77999999999884,
  "02:05:00": 164.07000000000698,
  "02:10:00": 186.11000000000058,
  "02:15:00": 156.23000000001048,
  "02:20:00": 163.91999999999825,
  "02:25:00": 114.36000000000058,
  "02:30:00": 165.81999999999243,
  "02:35:00": 200.9100000000035,
  "02:40:00": 80.5399999999936,
  "02:45:00": 212.23000000001048,
  "02:50:00": 118.82000000000698,
  "02:55:00": 88.48999999999069,
  "03:00:00": 236.88000000000466,
  "03:05:00": 168.16999999999825,
  "03:10:00": 213.23000000001048,
  "03:15:00": 126.2100000000064,
  "03:20:00": 222.35000000000582,
  "03:25:00": 263.1900000000023,
  "03:30:00": 506.5500000000029,
  "03:35:00": 286.3099999999977,
  "03:40:00": 246.20000000001164,
  "03:45:00": 257.1100000000006,
  "03:50:00": 106.14999999999418,
  "03:55:00": 205.41999999999825,
  "04:00:00": 274.2899999999936,
  "04:05:00": 113.97000000000116,
  "04:10:00": 238.88999999999942,
  "04:15:00": 302.070000000007,
  "04:20:00": 151.13000000000466,
  "04:25:00": 96.22000000000116,
  "04:30:00": 170.50999999999476,
  "04:35:00": 194.5,
  "04:40:00": 223.5,
  "04:45:00": 110.16999999999825,
  "04:50:00": 180.90000000000873,
  "04:55:00": 85.30000000000291,
  "05:00:00": 128.38999999999942,
  "05:05:00": 161.30999999999767,
  "05:10:00": 82.06999999999243,
  "05:15:00": 146.55999999999767,
  "05:20:00": 152.97000000000116,
  "05:25:00": 193.50999999999476,
  "05:30:00": 84.88999999999942,
  "05:35:00": 283.3600000000006,
  "05:40:00": 370.50999999999476,
  "05:45:00": 200.9100000000035,
  "05:50:00": 242.04000000000815,
  "05:55:00": 169.42999999999302,
  "06:00:00": 161.3000000000029,
  "06:05:00": 121.63000000000466,
  "06:10:00": 150.82000000000698,
  "06:15:00": 135.82000000000698,
  "06:20:00": 114.41999999999825,
  "06:25:00": 74.86000000000058,
  "06:30:00": 381.77999999999884,
  "06:35:00": 183.15000000000873,
  "06:40:00": 165.9499999999971,
  "06:45:00": 161.3000000000029,
  "06:50:00": 187.36000000000058,
  "06:55:00": 81.72999999999593,
  "07:00:00": 152.54999999998836,
  "07:05:00": 142.2199999999866,
  "07:10:00": 102.22000000000116,
  "07:15:00": 11.620000000009895
}