{
  "00:00:00": 99.77000000000407,
  "00:05:00": 82.94000000000233,
  "00:10:00": 36.30000000000291,
  "00:15:00": 118.47000000000116,
  "00:20:00": 151.0899999999965,
  "00:25:00": 86.25,
  "00:30:00": 89.22000000000116,
  "00:35:00": 51.7899999999936,
  "00:40:00": 49.689999999987776,
  "00:45:00": 50.70999999999185,
  "00:50:00": 47.48999999999069,
  "00:55:00": 89.16999999999825,
  "01:00:00": 82.0,
  "01:05:00": 88.5,
  "01:10:00": 42.36000000000058,
  "01:15:00": 90.47000000000116,
  "01:20:00": 72.25,
  "01:25:00": 42.620000000009895,
  "01:30:00": 85.20999999999185,
  "01:35:00": 68.32000000000698,
  "01:40:00": 61.810000000012224,
  "01:45:00": 77.93000000000757,
  "01:50:00": 41.620000000009895,
  "01:55:00": 56.529999999998836,
  "02:00:00": 73.19000000000233,
  "02:05:00": 87.39999999999418,
  "02:10:00": 52.08999999999651,
  "02:15:00": 124.99000000000524,
  "02:20:00": 59.720000000001164,
  "02:25:00": 56.94000000000233,
  "02:30:00": 71.05999999999767,
  "02:35:00": 116.88999999999942,
  "02:40:00": 44.69999999999709,
  "02:45:00": 66.61999999999534,
  "02:50:00": 48.16000000000349,
  "02:55:00": 131.1999999999971,
  "03:00:00": 109.94999999999709,
  "03:05:00": 49.00999999999476,
  "03:10:00": 43.19000000000233,
  "03:15:00": 219.33000000000175,
  "03:20:00": 97.69999999999709,
  "03:25:00": 95.97000000000116,
  "03:30:00": 84.02000000000407,
  "03:35:00": 27.74000000000524,
  "03:40:00": 95.47000000000116,
  "03:45:00": 128.1999999999971,
  "03:50:00": 67.72999999999593,
  "03:55:00": 48.10000000000582,
  "04:00:00": 40.0399999999936,
  "04:05:00": 56.55000000000291,
  "04:10:00": 57.169999999998254,
  "04:15:00": 51.25,
  "04:20:00": 39.55999999999767,
  "04:25:00": 67.52000000000407,
  "04:30:00": 40.929999999993015,
  "04:35:00": 51.00999999999476,
  "04:40:00": 41.5,
  "04:45:00": 52.279999999998836,
  "04:50:00": 30.660000000003492,
  "04:55:00": 33.19999999999709,
  "05:00:00": 48.89999999999418,
  "05:05:00": 57.679999999993015,
  "05:10:00": 81.20999999999185,
  "05:15:00": 26.360000000000582,
  "05:20:00": 52.76999999998952,
  "05:25:00": 29.880000000004657,
  "05:30:00": 27.269999999989523,
  "05:35:00": 20.639999999999418,
  "05:40:00": 13.990000000005239,
  "05:45:00": 52.10000000000582,
  "05:50:00": 52.080000000001746,
  "05:55:00": 72.54000000000815,
  "06:00:00": 71.60000000000582,
  "06:05:00": 26.369999999995343,
  "06:10:00": 41.11000000000058,
  "06:15:00": 28.129999999990105,
  "06:20:00": 37.15999999998894,
  "06:25:00": 133.97000000000116,
  "06:30:00": 81.34000000001106,
  "06:35:00": 96.83000000000175,
  "06:40:00": 26.55000000000291,
  "06:45:00": 26.130000000004657,
  "06:50:00": 27.729999999995925,
  "06:55:00": 31.479999999995925,
  "07:00:00": 55.66000000000349,
  "07:05:00": 35.98999999999069,
  "07:10:00": 23.639999999999418,
  "07:15:00": 53.4600000000064,
  "07:20:00": 15.080000000001746,
  "07:25:00": 55.64999999999418,
  "07:30:00": 46.05000000000291,
  "07:35:00": 13.860000000000582,
  "07:40:00": 57.54999999998836,
  "07:45:00": 30.330000000001746,
  "07:50:00": 65.00999999999476,
  "07:55:00": 33.69999999999709,
  "08:00:00": 22.580000000001746,
  "08:05:00": 26.0,
  "08:10:00": 36.970000000001164,
  "08:15:00": 26.320000000006985,
  "08:20:00": 62.30000000000291,
  "08:25:00": 65.64999999999418,
  "08:30:00": 40.5399999999936,
  "08:35:00": 35.99000000000524,
  "08:40:00": 32.830000000001746,
  "08:45:00": 25.619999999995343,
  "08:50:00": 11.529999999998836,
  "08:55:00": 41.60000000000582,
  "09:00:00": 52.220000000001164,
  "09:05:00": 45.270000000004075,
  "09:10:00": 28.69999999999709,
  "09:15:00": 20.419999999998254,
  "09:20:00": 32.9600000000064,
  "09:25:00": 34.38000000000466,
  "09:30:00": 25.210000000006403,
  "09:35:00": 60.63999999999942,
  "09:40:00": 33.56999999999243,
  "09:45:00": 52.720000000001164,
  "09:50:00": 33.580000000001746,
  "09:55:00": 37.33999999999651,
  "10:00:00": 48.75,
  "10:05:00": 19.910000000003492,
  "10:10:00": 5.4099999999889405,
  "10:15:00": 35.279999999998836,
  "10:20:00": 75.39999999999418,
  "10:25:00": 35.86000000000058,
  "10:30:00": 75.6200000000099,
  "10:35:00": 37.13000000000466,
  "10:40:00": 31.169999999998254,
  "10:45:00": 19.460000000006403,
  "10:50:00": 47.129999999990105,
  "10:55:00": 20.94999999999709,
  "11:00:00": 82.39999999999418,
  "11:05:00": 73.38999999999942,
  "11:10:00": 31.630000000004657,
  "11:15:00": 41.4600000000064,
  "11:20:00": 36.19000000000233,
  "11:25:00": 12.380000000004657,
  "11:30:00": 18.070000000006985,
  "11:35:00": 82.74000000000524,
  "11:40:00": 18.90000000000873,
  "11:45:00": 8.860000000000582,
  "11:50:00": 24.55999999999767,
  "11:55:00": 31.99000000000524,
  "12:00:00": 125.25999999999476,
  "12:05:00": 130.42999999999302,
  "12:10:00": 52.73999999999069,
  "12:15:00": 59.36999999999534,
  "12:20:00": 96.61999999999534,
  "12:25:00": 55.99000000000524,
  "12:30:00": 110.66999999999825,
  "12:35:00": 143.22000000000116,
  "12:40:00": 91.7899999999936,
  "12:45:00": 87.51999999998952,
  "12:50:00": 45.629999999990105,
  "12:55:00": 39.0399999999936,
  "13:00:00": 91.40000000000873,
  "13:05:00": 69.84000000001106,
  "13:10:00": 38.44000000000233,
  "13:15:00": 52.779999999998836,
  "13:20:00": 61.44000000000233,
  "13:25:00": 51.330000000001746,
  "13:30:00": 151.99000000000524,
  "13:35:00": 213.69000000000233,
  "13:40:00": 101.16999999999825,
  "13:45:00": 116.55000000000291,
  "13:50:00": 91.26000000000931,
  "13:55:00": 80.58999999999651,
  "14:00:00": 140.63999999999942,
  "14:05:00": 179.63999999999942,
  "14:10:00": 92.85000000000582,
  "14:15:00": 112.86999999999534,
  "14:20:00": 80.5399999999936,
  "14:25:00": 67.69999999999709,
  "14:30:00": 63.25,
  "14:35:00": 76.56000000001222,
  "14:40:00": 212.02999999999884,
  "14:45:00": 137.25,
  "14:50:00": 163.61000000000058,
  "14:55:00": 74.27999999999884,
  "15:00:00": 66.0,
  "15:05:00": 142.63999999999942,
  "15:10:00": 90.55999999999767,
  "15:15:00": 86.70000000001164,
  "15:20:00": 101.16999999999825,
  "15:25:00": 122.08999999999651,
  "15:30:00": 103.2899999999936,
  "15:35:00": 180.9600000000064,
  "15:40:00": 143.25,
  "15:45:00": 90.47999999999593,
  "15:50:00": 41.18000000000757,
  "15:55:00": 63.330000000001746,
  "16:00:00": 92.91999999999825,
  "16:05:00": 59.74000000000524,
  "16:10:00": 53.0,
  "16:15:00": 66.50999999999476,
  "16:20:00": 106.95999999999185,
  "16:25:00": 61.88999999999942,
  "16:30:00": 47.39999999999418,
  "16:35:00": 49.94999999999709,
  "16:40:00": 59.7899999999936,
  "16:45:00": 80.58999999999651,
  "16:50:00": 64.57000000000698,
  "16:55:00": 35.49000000000524,
  "17:00:00": 41.919999999998254,
  "17:05:00": 70.60000000000582,
  "17:10:00": 92.60000000000582,
  "17:15:00": 46.36999999999534,
  "17:20:00": 24.410000000003492,
  "17:25:00": 68.31999999999243,
  "17:30:00": 320.4499999999971,
  "17:35:00": 165.4499999999971,
  "17:40:00": 76.60000000000582,
  "17:45:00": 90.52000000000407,
  "17:50:00": 92.36000000000058,
  "17:55:00": 62.820000000006985,
  "18:00:00": 47.89999999999418,
  "18:05:00": 111.44000000000233,
  "18:10:00": 45.229999999995925,
  "18:15:00": 68.73999999999069,
  "18:20:00": 26.39999999999418,
  "18:25:00": 98.72000000000116,
  "18:30:00": 48.0,
  "18:35:00": 67.44000000000233,
  "18:40:00": 40.19999999999709,
  "18:45:00": 42.15000000000873,
  "18:50:00": 89.63000000000466,
  "18:55:00": 56.55000000000291,
  "19:00:00": 57.470000000001164,
  "19:05:00": 33.0,
  "19:10:00": 89.5,
  "19:15:00": 45.18000000000757,
  "19:20:00": 56.529999999998836,
  "19:25:00": 70.84999999999127,
  "19:30:00": 58.64999999999418,
  "19:35:00": 27.320000000006985,
  "19:40:00": 28.65000000000873,
  "19:45:00": 32.429999999993015,
  "19:50:00": 82.58000000000175,
  "19:55:00": 19.44999999999709,
  "20:00:00": 32.95000000001164,
  "20:05:00": 53.69000000000233,
  "20:10:00": 70.0,
  "20:15:00": 63.08999999999651,
  "20:20:00": 62.13000000000466,
  "20:25:00": 37.7100000000064,