{
  "00:00:00": 301.00999999999476,
  "00:15:00": 296.68000000000757,
  "00:30:00": 288.6000000000058,
  "00:45:00": 300.4600000000064,
  "01:00:00": 613.4400000000023,
  "01:15:00": 469.0500000000029,
  "01:30:00": 382.77999999999884,
  "01:45:00": 289.070000000007,
  "02:00:00": 354.6999999999971,
  "02:15:00": 245.97999999999593,
  "02:30:00": 385.9799999999959,
  "02:45:00": 262.7899999999936,
  "03:00:00": 273.5599999999977,
  "03:15:00": 192.14999999999418,
  "03:30:00": 203.74000000000524,
  "03:45:00": 210.2100000000064,
  "04:00:00": 265.9600000000064,
  "04:15:00": 266.74000000000524,
  "04:30:00": 426.320000000007,
  "04:45:00": 390.320000000007,
  "05:00:00": 200.80999999999767,
  "05:15:00": 375.1399999999994,
  "05:30:00": 237.25999999999476,
  "05:45:00": 263.22000000000116,
  "06:00:00": 420.04999999998836,
  "06:15:00": 489.72000000000116,
  "06:30:00": 230.7600000000093,
  "06:45:00": 290.65999999998894,
  "07:00:00": 245.02000000000407,
  "07:15:00": 145.9499999999971,
  "07:30:00": 349.5899999999965,
  "07:45:00": 482.6900000000023,
  "08:00:00": 296.6499999999942,
  "08:15:00": 319.6600000000035,
  "08:30:00": 417.27999999999884,
  "08:45:00": 261.84999999999127,
  "09:00:00": 498.6399999999994,
  "09:15:00": 276.20999999999185,
  "09:30:00": 405.8600000000006,
  "09:45:00": 202.3000000000029,
  "10:00:00": 251.99000000000524,
  "10:15:00": 715.8300000000017,
  "10:30:00": 361.5899999999965,
  "10:45:00": 21.439999999987776
}