{
  "00:00:00": 93.26000000000931,
  "00:05:00": 113.06999999999243,
  "00:10:00": 54.38000000000466,
  "00:15:00": 11.950000000011642
}