{
  "00:00:00": 275.1299999999901,
  "00:05:00": 309.3100000000122,
  "00:10:00": 171.69000000000233,
  "00:15:00": 225.25999999999476,
  "00:20:00": 276.63000000000466,
  "00:25:00": 121.19000000000233,
  "00:30:00": 245.11000000000058,
  "00:35:00": 393.3500000000058,
  "00:40:00": 262.7800000000134,
  "00:45:00": 116.44000000000233,
  "00:50:00": 234.24000000000524,
  "00:55:00": 102.72000000000116,
  "01:00:00": 309.0500000000029,
  "01:05:00": 305.4400000000023,
  "01:10:00": 115.1299999999901,
  "01:15:00": 144.5500000000029,
  "01:20:00": 100.27000000000407,
  "01:25:00": 174.70999999999185,
  "01:30:00": 162.8000000000029,
  "01:35:00": 103.00999999999476,
  "01:40:00": 216.58000000000175,
  "01:45:00": 115.13000000000466,
  "01:50:00": 173.80999999999767,
  "01:55:00": 99.41000000000349,
  "02:00:00": 333.3600000000006,
  "02:05:00": 100.97999999999593,
  "02:10:00": 213.0799999999872,
  "02:15:00": 296.7100000000064,
  "02:20:00": 141.43000000000757,
  "02:25:00": 115.88000000000466,
  "02:30:00": 175.41999999999825,
  "02:35:00": 133.30999999999767,
  "02:40:00": 269.49000000000524,
  "02:45:00": 150.63999999999942,
  "02:50:00": 161.2899999999936,
  "02:55:00": 148.02000000000407,
  "03:00:00": 179.5399999999936,
  "03:05:00": 261.8700000000099,
  "03:10:00": 103.86000000000058,
  "03:15:00": 85.13999999999942,
  "03:20:00": 79.67999999999302,
  "03:25:00": 75.75,
  "03:30:00": 239.36999999999534,
  "03:35:00": 156.49000000000524,
  "03:40:00": 164.4899999999907,
  "03:45:00": 93.91000000000349,
  "03:50:00": 116.75,
  "03:55:00": 62.94999999999709,
  "04:00:00": 104.38000000000466,
  "04:05:00": 189.70999999999185,
  "04:10:00": 182.32000000000698,
  "04:15:00": 165.34000000001106,
  "04:20:00": 191.2899999999936,
  "04:25:00": 88.48999999999069,
  "04:30:00": 275.22000000000116,
  "04:35:00": 179.7899999999936,
  "04:40:00": 173.7600000000093,
  "04:45:00": 94.1200000000099,
  "04:50:00": 80.66999999999825,
  "04:55:00": 98.07000000000698,
  "05:00:00": 139.04000000000815,
  "05:05:00": 224.2100000000064,
  "05:10:00": 127.63000000000466,
  "05:15:00": 206.55999999999767,
  "05:20:00": 170.52000000000407,
  "05:25:00": 78.76999999998952,
  "05:30:00": 163.63999999999942,
  "05:35:00": 115.13999999999942,
  "05:40:00": 107.67999999999302,
  "05:45:00": 155.34000000001106,
  "05:50:00": 73.81000000001222,
  "05:55:00": 63.61000000000058,
  "06:00:00": 163.8299999999872,
  "06:05:00": 193.38000000000466,
  "06:10:00": 80.91000000000349,
  "06:15:00": 162.79000000000815,
  "06:20:00": 104.88999999999942,
  "06:25:00": 145.0399999999936,
  "06:30:00": 149.8700000000099,
  "06:35:00": 94.09999999999127,
  "06:40:00": 105.58000000000175,
  "06:45:00": 110.47000000000116,
  "06:50:00": 93.9200000000128,
  "06:55:00": 67.98999999999069,
  "07:00:00": 87.85000000000582,
  "07:05:00": 79.83999999999651,
  "07:10:00": 103.18000000000757,
  "07:15:00": 112.44999999999709,
  "07:20:00": 199.16999999999825,
  "07:25:00": 75.73999999999069,
  "07:30:00": 106.35000000000582,
  "07:35:00": 118.0,
  "07:40:00": 96.20000000001164,
  "07:45:00": 74.88999999999942,
  "07:50:00": 170.41999999999825,
  "07:55:00": 85.06999999999243,
  "08:00:00": 158.9499999999971,
  "08:05:00": 77.63999999999942,
  "08:10:00": 166.77999999999884,
  "08:15:00": 111.7899999999936,
  "08:20:00": 182.13000000000466,
  "08:25:00": 209.9100000000035,
  "08:30:00": 130.2899999999936,
  "08:35:00": 153.74000000000524,
  "08:40:00": 202.76999999998952,
  "08:45:00": 162.4899999999907,
  "08:50:00": 84.9200000000128,
  "08:55:00": 142.85000000000582,
  "09:00:00": 93.91999999999825,
  "09:05:00": 122.31000000001222,
  "09:10:00": 322.83000000000175,
  "09:15:00": 157.9499999999971,
  "09:20:00": 82.11999999999534,
  "09:25:00": 55.64999999999418,
  "09:30:00": 174.10000000000582,
  "09:35:00": 187.85000000000582,
  "09:40:00": 87.47000000000116,
  "09:45:00": 149.50999999999476,
  "09:50:00": 145.45999999999185,
  "09:55:00": 71.46999999998661,
  "10:00:00": 94.19000000000233,
  "10:05:00": 92.13000000000466,
  "10:10:00": 220.82000000000698,
  "10:15:00": 89.77000000000407,
  "10:20:00": 67.17999999999302,
  "10:25:00": 145.40000000000873,
  "10:30:00": 146.1600000000035,
  "10:35:00": 103.23000000001048,
  "10:40:00": 93.65000000000873,
  "10:45:00": 113.16000000000349,
  "10:50:00": 143.77999999999884,
  "10:55:00": 74.7100000000064,
  "11:00:00": 125.69999999999709,
  "11:05:00": 132.72999999999593,
  "11:10:00": 120.32000000000698,
  "11:15:00": 145.63000000000466,
  "11:20:00": 67.50999999999476,
  "11:25:00": 126.15000000000873,
  "11:30:00": 106.38000000000466,
  "11:35:00": 75.50999999999476,
  "11:40:00": 136.97999999999593,
  "11:45:00": 131.66999999999825,
  "11:50:00": 58.83999999999651,
  "11:55:00": 44.25,
  "12:00:00": 183.34999999999127,
  "12:05:00": 102.02999999999884,
  "12:10:00": 52.4600000000064,
  "12:15:00": 127.16000000000349,
  "12:20:00": 95.27999999999884,
  "12:25:00": 157.4100000000035,
  "12:30:00": 83.30999999999767,
  "12:35:00": 161.66999999999825,
  "12:40:00": 198.3799999999901,
  "12:45:00": 208.8700000000099,
  "12:50:00": 86.36000000000058,
  "12:55:00": 67.11000000000058,
  "13:00:00": 60.23999999999069,
  "13:05:00": 108.63999999999942,
  "13:10:00": 160.2800000000134,
  "13:15:00": 97.55999999999767,
  "13:20:00": 129.59999999999127,
  "13:25:00": 202.36000000000058,
  "13:30:00": 88.83000000000175,
  "13:35:00": 146.70000000001164,
  "13:40:00": 70.0,
  "13:45:00": 160.7399999999907,
  "13:50:00": 152.10000000000582,
  "13:55:00": 134.39999999999418,
  "14:00:00": 163.11999999999534,
  "14:05:00": 185.77999999999884,
  "14:10:00": 298.5100000000093,
  "14:15:00": 199.13999999999942,
  "14:20:00": 272.1999999999971,
  "14:25:00": 75.3700000000099,
  "14:30:00": 395.6299999999901,
  "14:35:00": 420.8600000000006,
  "14:40:00": 230.52999999999884,
  "14:45:00": 560.3500000000058,
  "14:50:00": 217.20999999999185,
  "14:55:00": 332.0500000000029,
  "15:00:00": 289.3899999999994,
  "15:05:00": 335.9100000000035,
  "15:10:00": 365.8000000000029,
  "15:15:00": 491.5200000000041,
  "15:20:00": 277.1899999999878,
  "15:25:00": 397.88000000000466,
  "15:30:00": 379.74000000000524,
  "15:35:00": 524.0099999999948,
  "15:40:00": 260.3600000000006,
  "15:45:00": 359.5500000000029,
  "15:50:00": 166.73000000001048,
  "15:55:00": 215.77999999999884,
  "16:00:00": 213.5100000000093,
  "16:05:00": 294.9799999999959,
  "16:10:00": 128.10000000000582,
  "16:15:00": 207.81000000001222,
  "16:20:00": 158.8000000000029,
  "16:25:00": 267.99000000000524,
  "16:30:00": 415.75999999999476,
  "16:35:00": 335.54999999998836,
  "16:40:00": 171.85000000000582,
  "16:45:00": 378.6999999999971,
  "16:50:00": 461.2299999999959,
  "16:55:00": 221.82000000000698,
  "17:00:00": 332.43000000000757,
  "17:05:00": 127.16999999999825,
  "17:10:00": 128.5399999999936,
  "17:15:00": 227.66999999999825,
  "17:20:00": 171.6200000000099,
  "17:25:00": 183.97999999999593,
  "17:30:00": 111.98999999999069,
  "17:35:00": 240.11999999999534,
  "17:40:00": 152.97999999999593,
  "17:45:00": 147.82000000000698,
  "17:50:00": 244.86999999999534,
  "17:55:00": 127.77000000000407,
  "18:00:00": 113.7100000000064,
  "18:05:00": 319.6100000000006,
  "18:10:00": 135.0,
  "18:15:00": 303.93000000000757,
  "18:20:00": 181.39999999999418,
  "18:25:00": 151.99000000000524,
  "18:30:00": 487.570000000007,
  "18:35:00": 204.4100000000035,
  "18:40:00": 185.02000000000407,
  "18:45:00": 157.6600000000035,
  "18:50:00": 171.9100000000035,
  "18:55:00": 118.6299999999901,
  "19:00:00": 623.6000000000058,
  "19:05:00": 245.5500000000029,
  "19:10:00": 251.04000000000815,
  "19:15:00": 114.99000000000524,
  "19:20:00": 246.8700000000099,
  "19:25:00": 192.8000000000029,
  "19:30:00": 178.67999999999302,
  "19:35:00": 217.38999999999942,
  "19:40:00": 153.60000000000582,
  "19:45:00": 137.2899999999936,
  "19:50:00": 115.72999999999593,
  "19:55:00": 189.4499999999971,
  "20:00:00": 262.0100000000093,