{
  "00:00:00": 158.1600000000035,
  "00:15:00": 147.63000000000466,
  "00:30:00": 179.9200000000128,
  "00:45:00": 76.7899999999936,
  "01:00:00": 162.88999999999942,
  "01:15:00": 88.54999999998836,
  "01:30:00": 97.15000000000873,
  "01:45:00": 82.52999999999884,
  "02:00:00": 92.94999999999709,
  "02:15:00": 174.15000000000873,
  "02:30:00": 140.63999999999942,
  "02:45:00": 216.24000000000524,
  "03:00:00": 227.1999999999971,
  "03:15:00": 287.1100000000006,
  "03:30:00": 95.75,
  "03:45:00": 123.35000000000582,
  "04:00:00": 311.9100000000035,
  "04:15:00": 126.08000000000175,
  "04:30:00": 186.75999999999476,
  "04:45:00": 78.97000000000116,
  "05:00:00": 184.64999999999418,
  "05:15:00": 144.74000000000524,
  "05:30:00": 153.9499999999971,
  "05:45:00": 134.47999999999593,
  "06:00:00": 86.86999999999534,
  "06:15:00": 148.50999999999476,
  "06:30:00": 177.24000000000524,
  "06:45:00": 10.779999999998836
}