{
  "00:00:00": 271.0200000000041,
  "00:15:00": 245.89999999999418,
  "00:30:00": 479.90000000000873,
  "00:45:00": 261.08000000000175,
  "01:00:00": 332.3099999999977,
  "01:15:00": 261.6100000000006,
  "01:30:00": 298.3500000000058,
  "01:45:00": 303.0599999999977,
  "02:00:00": 360.7899999999936,
  "02:15:00": 424.9100000000035,
  "02:30:00": 160.42999999999302,
  "02:45:00": 203.93999999998778,
  "03:00:00": 227.9499999999971,
  "03:15:00": 258.5200000000041,
  "03:30:00": 193.02000000000407,
  "03:45:00": 116.0,
  "04:00:00": 132.4100000000035,
  "04:15:00": 132.47999999999593,
  "04:30:00": 233.97000000000116,
  "04:45:00": 166.97999999999593,
  "05:00:00": 355.58000000000175,
  "05:15:00": 259.0399999999936,
  "05:30:00": 350.9100000000035,
  "05:45:00": 274.8600000000006,
  "06:00:00": 218.39999999999418,
  "06:15:00": 122.02000000000407,
  "06:30:00": 147.92999999999302,
  "06:45:00": 428.08000000000175,
  "07:00:00": 218.36999999999534,
  "07:15:00": 192.61999999999534,
  "07:30:00": 176.2399999999907,
  "07:45:00": 131.17999999999302,
  "08:00:00": 340.47000000000116,
  "08:15:00": 394.7899999999936,
  "08:30:00": 470.40999999998894,
  "08:45:00": 450.5,
  "09:00:00": 309.8899999999994,
  "09:15:00": 556.4700000000012,
  "09:30:00": 362.8000000000029,
  "09:45:00": 278.16999999999825,
  "10:00:00": 195.9499999999971,
  "10:15:00": 261.77999999999884,
  "10:30:00": 261.11999999999534,
  "10:45:00": 330.7399999999907,
  "11:00:00": 271.66999999999825,
  "11:15:00": 241.9499999999971,
  "11:30:00": 277.33000000000175,
  "11:45:00": 223.57000000000698,
  "12:00:00": 936.0899999999965,
  "12:15:00": 362.8500000000058,
  "12:30:00": 305.9600000000064,
  "12:45:00": 232.6200000000099,
  "13:00:00": 463.75,
  "13:15:00": 233.85000000000582,
  "13:30:00": 266.00999999999476,
  "13:45:00": 341.5500000000029,
  "14:00:00": 404.0200000000041,
  "14:15:00": 334.6700000000128,
  "14:30:00": 1228.8800000000047,
  "14:45:00": 659.3099999999977,
  "15:00:00": 414.6900000000023,
  "15:15:00": 569.0500000000029,
  "15:30:00": 1028.8800000000047,
  "15:45:00": 338.88000000000466,
  "16:00:00": 863.1500000000087,
  "16:15:00": 747.0300000000134,
  "16:30:00": 1338.5799999999872,
  "16:45:00": 771.6900000000023,
  "17:00:00": 608.6699999999983,
  "17:15:00": 408.75,
  "17:30:00": 475.429999999993,
  "17:45:00": 394.9499999999971,
  "18:00:00": 476.95999999999185,
  "18:15:00": 536.2299999999959,
  "18:30:00": 492.13000000000466,
  "18:45:00": 247.86000000000058,
  "19:00:00": 395.0399999999936,
  "19:15:00": 408.6399999999994,
  "19:30:00": 460.3999999999942,
  "19:45:00": 346.1600000000035,
  "20:00:00": 291.3899999999994,
  "20:15:00": 353.1000000000058,
  "20:30:00": 268.8399999999965,
  "20:45:00": 421.91999999999825,
  "21:00:00": 427.59000000001106,
  "21:15:00": 293.0500000000029,
  "21:30:00": 161.29999999998836,
  "21:45:00": 139.99000000000524,
  "22:00:00": 516.0800000000017,
  "22:15:00": 221.86000000000058,
  "22:30:00": 227.60000000000582,
  "22:45:00": 247.47999999999593,
  "23:00:00": 613.6000000000058,
  "23:15:00": 280.9799999999959,
  "23:30:00": 183.3000000000029,
  "23:45:00": 278.1600000000035
}