{
  "00:00:00": 93.26000000000931,
  "00:05:00": 113.06999999999243,
  "00:10:00": 54.38000000000466,
  "00:15:00": 46.63000000000466,
  "00:20:00": 124.76000000000931,
  "00:25:00": 68.25999999999476,
  "00:30:00": 179.9200000000128,
  "00:35:00": 62.11999999999534,
  "00:40:00": 47.83999999999651,
  "00:45:00": 56.94000000000233,
  "00:50:00": 54.64999999999418,
  "00:55:00": 76.25,
  "01:00:00": 89.61000000000058,
  "01:05:00": 53.86000000000058,
  "01:10:00": 157.4200000000128,
  "01:15:00": 46.7899999999936,
  "01:20:00": 86.76999999998952,
  "01:25:00": 45.779999999998836,
  "01:30:00": 64.66999999999825,
  "01:35:00": 74.0,
  "01:40:00": 68.3700000000099,
  "01:45:00": 37.85000000000582,
  "01:50:00": 51.69999999999709,
  "01:55:00": 68.3799999999901,
  "02:00:00": 51.88999999999942,
  "02:05:00": 70.98000000001048,
  "02:10:00": 72.77999999999884,
  "02:15:00": 3.9499999999970896
}