{
  "00:00:00": 185.36,
  "00:15:00": 269.65,
  "00:30:00": 210.15,
  "00:45:00": 76.95,
  "01:00:00": 155.11,
  "01:15:00": 153.17999999999302,
  "01:30:00": 118.1299999999901,
  "01:45:00": 102.29000000000815,
  "02:00:00": 182.5,
  "02:15:00": 102.22999999999593,
  "02:30:00": 77.50999999999476,
  "02:45:00": 62.56999999999243,
  "03:00:00": 118.82000000000698,
  "03:15:00": 124.07000000000698,
  "03:30:00": 181.22000000000116,
  "03:45:00": 85.18999999998778,
  "04:00:00": 119.39999999999418,
  "04:15:00": 174.47000000000116,
  "04:30:00": 192.5500000000029,
  "04:45:00": 100.38999999999942,
  "05:00:00": 101.56999999999243,
  "05:15:00": 93.63999999999942,
  "05:30:00": 138.29000000000087,
  "05:45:00": 97.98999999999796,
  "06:00:00": 137.99000000000524,
  "06:15:00": 1082.2999999999956,
  "06:30:00": 1006.4699999999939,
  "06:45:00": 1050.4300000000003,
  "07:00:00": 796.4300000000003,
  "07:15:00": 532.7999999999956,
  "07:30:00": 873.1399999999994,
  "07:45:00": 269.0400000000009,
  "08:00:00": 345.2299999999959,
  "08:15:00": 374.01000000000204,
  "08:30:00": 246.55999999999767,
  "08:45:00": 292.3399999999965,
  "09:00:00": 351.65000000000146,
  "09:15:00": 366.08000000000175,
  "09:30:00": 301.2099999999991,
  "09:45:00": 184.59999999999854,
  "10:00:00": 188.45999999999913,
  "10:15:00": 434.07999999999447,
  "10:30:00": 204.45999999999913,
  "10:45:00": 149.98999999999796,
  "11:00:00": 262.1599999999962,
  "11:15:00": 271.6599999999962,
  "11:30:00": 323.9800000000032,
  "11:45:00": 292.0400000000009,
  "12:00:00": 141.86000000000058,
  "12:15:00": 147.6600000000035,
  "12:30:00": 91.50999999999476,
  "12:45:00": 218.17000000000553,
  "13:00:00": 206.43999999999505,
  "13:15:00": 201.40999999999622,
  "13:30:00": 202.5199999999968,
  "13:45:00": 1159.0899999999965,
  "14:00:00": 603.6399999999994,
  "14:15:00": 275.86999999999534,
  "14:30:00": 492.5,
  "14:45:00": 761.0599999999977,
  "15:00:00": 391.6100000000006,
  "15:15:00": 618.2099999999991,
  "15:30:00": 379.9499999999971,
  "15:45:00": 173.79000000000087,
  "16:00:00": 299.7700000000041,
  "16:15:00": 258.6999999999971,
  "16:30:00": 323.6800000000003,
  "16:45:00": 209.0199999999968,
  "17:00:00": 177.7300000000032,
  "17:15:00": 234.0,
  "17:30:00": 291.8000000000029,
  "17:45:00": 736.8300000000017,
  "18:00:00": 210.41999999999825,
  "18:15:00": 176.13999999999942,
  "18:30:00": 626.010000000002,
  "18:45:00": 549.5899999999965,
  "19:00:00": 349.4400000000023,
  "19:15:00": 163.7899999999936,
  "19:30:00": 946.2100000000064,
  "19:45:00": 388.4499999999971,
  "20:00:00": 443.29000000000815,
  "20:15:00": 620.2200000000012,
  "20:30:00": 309.66999999999825,
  "20:45:00": 394.7299999999959,
  "21:00:00": 582.1900000000023,
  "21:15:00": 230.8000000000029,
  "21:30:00": 636.0,
  "21:45:00": 419.4499999999971,
  "22:00:00": 369.0200000000041,
  "22:15:00": 267.99000000000524,
  "22:30:00": 802.5299999999988,
  "22:45:00": 532.7200000000012,
  "23:00:00": 295.9400000000023,
  "23:15:00": 172.74000000000524,
  "23:30:00": 279.54000000000815,
  "23:45:00": 158.5
}