{
  "00:00:00": 88.22999999999593,
  "00:05:00": 61.970000000001164,
  "00:10:00": 240.8799999999901,
  "00:15:00": 138.30999999999767,
  "00:20:00": 127.44999999999709,
  "00:25:00": 299.3700000000099,
  "00:30:00": 135.43999999998778,
  "00:35:00": 92.99000000000524,
  "00:40:00": 109.00999999999476,
  "00:45:00": 49.74000000000524,
  "00:50:00": 63.81999999999243,
  "00:55:00": 58.83999999999651,
  "01:00:00": 56.38999999999942,
  "01:05:00": 102.19999999999709,
  "01:10:00": 56.55999999999767,
  "01:15:00": 118.54000000000815,
  "01:20:00": 129.82000000000698,
  "01:25:00": 53.729999999995925,
  "01:30:00": 63.570000000006985,
  "01:35:00": 98.69999999999709,
  "01:40:00": 45.870000000009895,
  "01:45:00": 106.57000000000698,
  "01:50:00": 110.77000000000407,
  "01:55:00": 87.1299999999901,
  "02:00:00": 89.33999999999651,
  "02:05:00": 44.16000000000349,
  "02:10:00": 94.77000000000407,
  "02:15:00": 50.10000000000582,
  "02:20:00": 113.64999999999418,
  "02:25:00": 58.68000000000757,
  "02:30:00": 39.020000000004075,
  "02:35:00": 81.05000000000291,
  "02:40:00": 67.64999999999418,
  "02:45:00": 51.169999999998254,
  "02:50:00": 89.72000000000116,
  "02:55:00": 67.33999999999651,
  "03:00:00": 61.90000000000873,
  "03:05:00": 68.20999999999185,
  "03:10:00": 28.460000000006403,
  "03:15:00": 41.36999999999534,
  "03:20:00": 159.6299999999901,
  "03:25:00": 98.95000000001164,
  "03:30:00": 83.11000000000058,
  "03:35:00": 115.3700000000099,
  "03:40:00": 188.88999999999942,
  "03:45:00": 59.75999999999476,
  "03:50:00": 63.56999999999243,
  "03:55:00": 44.9600000000064,
  "04:00:00": 149.2899999999936,
  "04:05:00": 116.92999999999302,
  "04:10:00": 29.470000000001164,
  "04:15:00": 191.6999999999971,
  "04:20:00": 123.44999999999709,
  "04:25:00": 56.679999999993015,
  "04:30:00": 136.45000000001164,
  "04:35:00": 62.05999999999767,
  "04:40:00": 58.820000000006985,
  "04:45:00": 67.02000000000407,
  "04:50:00": 21.779999999998836,
  "04:55:00": 57.13999999999942,
  "05:00:00": 29.80000000000291,
  "05:05:00": 77.68000000000757,
  "05:10:00": 33.179999999993015,
  "05:15:00": 18.529999999998836,
  "05:20:00": 97.86000000000058,
  "05:25:00": 113.94000000000233,
  "05:30:00": 489.99000000000524,
  "05:35:00": 187.99000000000524,
  "05:40:00": 166.68999999998778,
  "05:45:00": 140.47000000000116,
  "05:50:00": 193.58000000000175,
  "05:55:00": 155.58000000000175,
  "06:00:00": 126.64999999999418,
  "06:05:00": 131.5,
  "06:10:00": 97.49000000000524,
  "06:15:00": 72.19000000000233,
  "06:20:00": 201.76999999998952,
  "06:25:00": 74.27000000000407,
  "06:30:00": 179.22999999999593,
  "06:35:00": 69.30999999999767,
  "06:40:00": 100.94999999999709,
  "06:45:00": 149.49000000000524,
  "06:50:00": 78.25,
  "06:55:00": 57.00999999999476,
  "07:00:00": 60.86000000000058,
  "07:05:00": 48.11999999999534,
  "07:10:00": 57.19000000000233,
  "07:15:00": 82.59000000001106,
  "07:20:00": 111.72000000000116,
  "07:25:00": 75.25,
  "07:30:00": 55.94000000000233,
  "07:35:00": 77.99000000000524,
  "07:40:00": 42.720000000001164,
  "07:45:00": 64.49000000000524,
  "07:50:00": 81.25,
  "07:55:00": 123.01000000000931,
  "08:00:00": 42.0,
  "08:05:00": 67.80000000000291,
  "08:10:00": 63.48000000001048,
  "08:15:00": 95.41000000000349,
  "08:20:00": 92.29000000000815,
  "08:25:00": 72.74000000000524,
  "08:30:00": 149.98000000001048,
  "08:35:00": 64.52999999999884,
  "08:40:00": 33.80000000000291,
  "08:45:00": 89.44999999999709,
  "08:50:00": 102.66000000000349,
  "08:55:00": 38.16000000000349,
  "09:00:00": 336.83000000000175,
  "09:05:00": 98.86000000000058,
  "09:10:00": 95.86999999999534,
  "09:15:00": 84.2899999999936,
  "09:20:00": 97.11000000000058,
  "09:25:00": 69.22000000000116,
  "09:30:00": 113.83000000000175,
  "09:35:00": 79.75999999999476,
  "09:40:00": 51.63999999999942,
  "09:45:00": 48.60000000000582,
  "09:50:00": 51.89999999999418,
  "09:55:00": 53.020000000004075,
  "10:00:00": 64.47000000000116,
  "10:05:00": 152.60000000000582,
  "10:10:00": 158.31999999999243,
  "10:15:00": 73.4600000000064,
  "10:20:00": 126.02000000000407,
  "10:25:00": 155.3799999999901,
  "10:30:00": 66.60999999998603,
  "10:35:00": 45.229999999995925,
  "10:40:00": 80.34999999999127,
  "10:45:00": 174.36000000000058,
  "10:50:00": 116.85000000000582,
  "10:55:00": 174.45999999999185,
  "11:00:00": 71.63000000000466,
  "11:05:00": 61.070000000006985,
  "11:10:00": 203.5899999999965,
  "11:15:00": 89.99000000000524,
  "11:20:00": 57.9600000000064,
  "11:25:00": 96.50999999999476,
  "11:30:00": 94.2899999999936,
  "11:35:00": 152.3000000000029,
  "11:40:00": 304.25,
  "11:45:00": 135.68999999998778,
  "11:50:00": 136.52999999999884,
  "11:55:00": 225.97000000000116,
  "12:00:00": 164.0,
  "12:05:00": 65.49000000000524,
  "12:10:00": 83.83000000000175,
  "12:15:00": 207.3399999999965,
  "12:20:00": 117.3799999999901,
  "12:25:00": 181.49000000000524,
  "12:30:00": 97.58000000000175,
  "12:35:00": 97.0399999999936,
  "12:40:00": 108.49000000000524,
  "12:45:00": 54.06999999999243,
  "12:50:00": 138.27999999999884,
  "12:55:00": 78.25999999999476,
  "13:00:00": 482.36999999999534,
  "13:05:00": 138.59000000001106,
  "13:10:00": 160.22000000000116,
  "13:15:00": 131.72999999999593,
  "13:20:00": 242.91999999999825,
  "13:25:00": 229.72000000000116,
  "13:30:00": 379.429999999993,
  "13:35:00": 449.4600000000064,
  "13:40:00": 197.77000000000407,
  "13:45:00": 178.27000000000407,
  "13:50:00": 231.0399999999936,
  "13:55:00": 239.65000000000873,
  "14:00:00": 154.61000000000058,
  "14:05:00": 131.94000000000233,
  "14:10:00": 132.9600000000064,
  "14:15:00": 209.8000000000029,
  "14:20:00": 337.3500000000058,
  "14:25:00": 151.72999999999593,
  "14:30:00": 361.66999999999825,
  "14:35:00": 299.24000000000524,
  "14:40:00": 254.50999999999476,
  "14:45:00": 218.27999999999884,
  "14:50:00": 243.4499999999971,
  "14:55:00": 100.13000000000466,
  "15:00:00": 1020.2899999999936,
  "15:05:00": 384.95000000001164,
  "15:10:00": 593.9700000000012,
  "15:15:00": 636.8099999999977,
  "15:20:00": 381.6999999999971,
  "15:25:00": 308.3600000000006,
  "15:30:00": 478.7899999999936,
  "15:35:00": 278.93000000000757,
  "15:40:00": 295.5200000000041,
  "15:45:00": 232.39999999999418,
  "15:50:00": 232.80999999999767,
  "15:55:00": 286.8299999999872,
  "16:00:00": 290.04000000000815,
  "16:05:00": 152.99000000000524,
  "16:10:00": 189.52000000000407,
  "16:15:00": 233.36000000000058,
  "16:20:00": 385.1600000000035,
  "16:25:00": 697.8399999999965,
  "16:30:00": 157.45000000001164,
  "16:35:00": 157.2600000000093,
  "16:40:00": 148.24000000000524,
  "16:45:00": 221.14000000001397,
  "16:50:00": 147.49000000000524,
  "16:55:00": 246.0,
  "17:00:00": 127.66999999999825,
  "17:05:00": 469.3799999999901,
  "17:10:00": 263.0,
  "17:15:00": 196.72999999999593,
  "17:20:00": 159.50999999999476,
  "17:25:00": 166.99000000000524,
  "17:30:00": 206.27999999999884,
  "17:35:00": 363.16999999999825,
  "17:40:00": 116.64999999999418,
  "17:45:00": 435.8600000000006,
  "17:50:00": 236.8700000000099,
  "17:55:00": 212.54000000000815,
  "18:00:00": 230.77000000000407,
  "18:05:00": 214.38999999999942,
  "18:10:00": 76.7899999999936,
  "18:15:00": 123.08000000000175,
  "18:20:00": 217.5,
  "18:25:00": 255.4899999999907,
  "18:30:00": 473.5399999999936,
  "18:35:00": 370.02999999999884,
  "18:40:00": 206.2100000000064,
  "18:45:00": 171.70999999999185,
  "18:50:00": 226.92999999999302,
  "18:55:00": 173.68999999998778,
  "19:00:00": 302.45999999999185,
  "19:05:00": 164.5500000000029,
  "19:10:00": 149.98000000001048,
  "19:15:00": 86.70000000001164,
  "19:20:00": 126.34000000001106,
  "19:25:00": 179.67999999999302,
  "19:30:00": 192.31000000001222,
  "19:35:00": 86.23000000001048,
  "19:40:00": 242.89999999999418,
  "19:45:00": 89.00999999999476,
  "19:50:00": 138.88999999999942,
  "19:55:00": 103.58000000000175,
  "20:00:00": 106.33000000000175,
  "20:05:00": 151.32000000000698,