{
  "00:00:00": 471.179999999993,
  "00:15:00": 261.929999999993,
  "00:30:00": 689.2600000000093,
  "00:45:00": 371.0599999999977,
  "01:00:00": 706.7600000000093,
  "01:15:00": 520.1000000000058,
  "01:30:00": 176.3700000000099,
  "01:45:00": 264.0,
  "02:00:00": 729.2400000000052,
  "02:15:00": 239.59000000001106,
  "02:30:00": 289.50999999999476,
  "02:45:00": 173.90000000000873,
  "03:00:00": 496.1499999999942,
  "03:15:00": 403.2700000000041,
  "03:30:00": 352.6600000000035,
  "03:45:00": 224.0,
  "04:00:00": 178.38000000000466,
  "04:15:00": 305.070000000007,
  "04:30:00": 218.43000000000757,
  "04:45:00": 257.4200000000128,
  "05:00:00": 342.429999999993,
  "05:15:00": 232.23000000001048,
  "05:30:00": 331.4400000000023,
  "05:45:00": 300.24000000000524,
  "06:00:00": 230.38000000000466,
  "06:15:00": 592.9700000000012,
  "06:30:00": 130.63000000000466,
  "06:45:00": 222.9100000000035,
  "07:00:00": 607.4400000000023,
  "07:15:00": 321.0,
  "07:30:00": 221.2399999999907,
  "07:45:00": 142.67999999999302,
  "08:00:00": 414.88000000000466,
  "08:15:00": 455.22000000000116,
  "08:30:00": 301.0399999999936,
  "08:45:00": 326.1499999999942,
  "09:00:00": 307.679999999993,
  "09:15:00": 348.33000000000175,
  "09:30:00": 232.32000000000698,
  "09:45:00": 230.8399999999965,
  "10:00:00": 276.5200000000041,
  "10:15:00": 125.94000000000233,
  "10:30:00": 243.18999999998778,
  "10:45:00": 189.2899999999936,
  "11:00:00": 260.56999999999243,
  "11:15:00": 210.24000000000524,
  "11:30:00": 362.5899999999965,
  "11:45:00": 215.5899999999965,
  "12:00:00": 144.47999999999593,
  "12:15:00": 287.3999999999942,
  "12:30:00": 186.5500000000029,
  "12:45:00": 146.7899999999936,
  "13:00:00": 219.22000000000116,
  "13:15:00": 404.2600000000093,
  "13:30:00": 416.2300000000032,
  "13:45:00": 316.18000000000757,
  "14:00:00": 353.13999999999214,
  "14:15:00": 299.3399999999965,
  "14:30:00": 1117.8299999999872,
  "14:45:00": 760.3500000000058,
  "15:00:00": 1488.9900000000052,
  "15:15:00": 567.9599999999919,
  "15:30:00": 1131.3500000000058,
  "15:45:00": 832.3699999999953,
  "16:00:00": 874.9199999999983,
  "16:15:00": 487.9800000000105,
  "16:30:00": 810.25,
  "16:45:00": 684.5900000000111,
  "17:00:00": 331.1999999999971,
  "17:15:00": 384.00999999999476,
  "17:30:00": 656.6299999999901,
  "17:45:00": 416.2100000000064,
  "18:00:00": 492.9399999999878,
  "18:15:00": 249.24000000000524,
  "18:30:00": 351.7700000000041,
  "18:45:00": 364.4499999999971,
  "19:00:00": 373.4800000000105,
  "19:15:00": 230.67999999999302,
  "19:30:00": 350.25,
  "19:45:00": 256.1399999999994,
  "20:00:00": 649.0800000000017,
  "20:15:00": 396.8500000000058,
  "20:30:00": 328.3399999999965,
  "20:45:00": 426.2899999999936,
  "21:00:00": 322.9800000000105,
  "21:15:00": 258.2100000000064,
  "21:30:00": 132.5899999999965,
  "21:45:00": 157.3399999999965,
  "22:00:00": 283.9799999999959,
  "22:15:00": 243.45999999999185,
  "22:30:00": 174.8399999999965,
  "22:45:00": 193.16999999999825,
  "23:00:00": 276.0200000000041,
  "23:15:00": 271.72000000000116,
  "23:30:00": 272.070000000007,
  "23:45:00": 231.77999999999884
}