{
  "00:00:00": 152.8000000000029,
  "00:05:00": 179.24000000000524,
  "00:10:00": 172.00999999999476,
  "00:15:00": 260.66999999999825,
  "00:20:00": 155.9100000000035,
  "00:25:00": 101.98000000001048,
  "00:30:00": 365.6499999999942,
  "00:35:00": 220.1600000000035,
  "00:40:00": 109.38999999999942,
  "00:45:00": 270.0,
  "00:50:00": 148.4100000000035,
  "00:55:00": 125.91000000000349,
  "01:00:00": 216.9100000000035,
  "01:05:00": 227.77999999999884,
  "01:10:00": 155.42999999999302,
  "01:15:00": 186.34000000001106,
  "01:20:00": 147.14999999999418,
  "01:25:00": 386.8999999999942,
  "01:30:00": 401.99000000000524,
  "01:35:00": 184.97000000000116,
  "01:40:00": 350.1399999999994,
  "01:45:00": 338.8099999999977,
  "01:50:00": 126.02000000000407,
  "01:55:00": 113.18000000000757,
  "02:00:00": 188.77999999999884,
  "02:05:00": 164.07000000000698,
  "02:10:00": 186.11000000000058,
  "02:15:00": 156.23000000001048,
  "02:20:00": 163.91999999999825,
  "02:25:00": 114.36000000000058,
  "02:30:00": 165.81999999999243,
  "02:35:00": 200.9100000000035,
  "02:40:00": 80.5399999999936,
  "02:45:00": 212.23000000001048,
  "02:50:00": 118.82000000000698,
  "02:55:00": 88.48999999999069,
  "03:00:00": 236.88000000000466,
  "03:05:00": 168.16999999999825,
  "03:10:00": 25.00999999999476
}