{
  "00:00:00": 96.11999999999534,
  "00:05:00": 151.1299999999901,
  "00:10:00": 175.0,
  "00:15:00": 128.77000000000407,
  "00:20:00": 121.61999999999534,
  "00:25:00": 151.47000000000116,
  "00:30:00": 90.7100000000064,
  "00:35:00": 276.54000000000815,
  "00:40:00": 113.5,
  "00:45:00": 196.99000000000524,
  "00:50:00": 138.38999999999942,
  "00:55:00": 124.11999999999534,
  "01:00:00": 185.97999999999593,
  "01:05:00": 318.0599999999977,
  "01:10:00": 130.75,
  "01:15:00": 184.67999999999302,
  "01:20:00": 124.10000000000582,
  "01:25:00": 137.43000000000757,
  "01:30:00": 191.0399999999936,
  "01:35:00": 95.6200000000099,
  "01:40:00": 157.74000000000524,
  "01:45:00": 190.44000000000233,
  "01:50:00": 117.26999999998952,
  "01:55:00": 152.00999999999476,
  "02:00:00": 136.4100000000035,
  "02:05:00": 88.88000000000466,
  "02:10:00": 119.85000000000582,
  "02:15:00": 241.0,
  "02:20:00": 205.7399999999907,
  "02:25:00": 98.60000000000582,
  "02:30:00": 119.5,
  "02:35:00": 108.23999999999069,
  "02:40:00": 110.97999999999593,
  "02:45:00": 78.27999999999884,
  "02:50:00": 141.15999999998894,
  "02:55:00": 123.75,
  "03:00:00": 74.49000000000524,
  "03:05:00": 137.32000000000698,
  "03:10:00": 105.07000000000698,
  "03:15:00": 65.38999999999942,
  "03:20:00": 122.0,
  "03:25:00": 53.330000000001746,
  "03:30:00": 147.50999999999476,
  "03:35:00": 145.16999999999825,
  "03:40:00": 116.43000000000757,
  "03:45:00": 108.27000000000407,
  "03:50:00": 111.67999999999302,
  "03:55:00": 240.69000000000233,
  "04:00:00": 318.49000000000524,
  "04:05:00": 181.05999999999767,
  "04:10:00": 227.0,
  "04:15:00": 288.070000000007,
  "04:20:00": 168.74000000000524,
  "04:25:00": 122.45000000001164,
  "04:30:00": 188.63000000000466,
  "04:35:00": 99.79000000000815,
  "04:40:00": 102.57000000000698,
  "04:45:00": 134.39999999999418,
  "04:50:00": 192.09999999999127,
  "04:55:00": 214.02000000000407,
  "05:00:00": 116.98000000001048,
  "05:05:00": 66.17999999999302,
  "05:10:00": 144.1200000000099,
  "05:15:00": 63.19999999999709,
  "05:20:00": 205.72000000000116,
  "05:25:00": 79.33999999999651,
  "05:30:00": 95.19000000000233,
  "05:35:00": 99.9600000000064,
  "05:40:00": 45.33999999999651,
  "05:45:00": 93.7899999999936,
  "05:50:00": 67.83000000000175,
  "05:55:00": 93.58000000000175,
  "06:00:00": 60.810000000012224,
  "06:05:00": 76.72000000000116,
  "06:10:00": 90.82000000000698,
  "06:15:00": 83.93000000000757,
  "06:20:00": 68.7899999999936,
  "06:25:00": 85.61999999999534,
  "06:30:00": 110.35000000000582,
  "06:35:00": 102.42999999999302,
  "06:40:00": 46.25,
  "06:45:00": 89.0,
  "06:50:00": 89.46999999998661,
  "06:55:00": 74.22999999999593,
  "07:00:00": 119.99000000000524,
  "07:05:00": 126.6299999999901,
  "07:10:00": 59.979999999995925,
  "07:15:00": 75.0,
  "07:20:00": 92.8700000000099,
  "07:25:00": 173.98000000001048,
  "07:30:00": 110.36999999999534,
  "07:35:00": 165.25999999999476,
  "07:40:00": 100.75,
  "07:45:00": 187.51999999998952,
  "07:50:00": 87.0,
  "07:55:00": 113.97000000000116,
  "08:00:00": 98.98000000001048,
  "08:05:00": 284.0,
  "08:10:00": 182.27999999999884,
  "08:15:00": 125.0399999999936,
  "08:20:00": 64.72000000000116,
  "08:25:00": 98.47999999999593,
  "08:30:00": 185.97999999999593,
  "08:35:00": 137.99000000000524,
  "08:40:00": 128.88000000000466,
  "08:45:00": 152.8000000000029,
  "08:50:00": 112.90000000000873,
  "08:55:00": 68.99000000000524,
  "09:00:00": 138.0,
  "09:05:00": 142.09000000001106,
  "09:10:00": 135.9600000000064,
  "09:15:00": 81.13999999999942,
  "09:20:00": 268.5599999999977,
  "09:25:00": 99.93000000000757,
  "09:30:00": 72.54000000000815,
  "09:35:00": 206.99000000000524,
  "09:40:00": 215.99000000000524,
  "09:45:00": 264.429999999993,
  "09:50:00": 234.14999999999418,
  "09:55:00": 159.55999999999767,
  "10:00:00": 223.86000000000058,
  "10:05:00": 149.56999999999243,
  "10:10:00": 428.36999999999534,
  "10:15:00": 218.4499999999971,
  "10:20:00": 331.679999999993,
  "10:25:00": 186.27999999999884,
  "10:30:00": 209.4600000000064,
  "10:35:00": 96.80999999999767,
  "10:40:00": 144.83000000000175,
  "10:45:00": 156.54000000000815,
  "10:50:00": 225.99000000000524,
  "10:55:00": 94.83999999999651,
  "11:00:00": 119.56000000001222,
  "11:05:00": 137.02000000000407,
  "11:10:00": 129.99000000000524,
  "11:15:00": 345.5899999999965,
  "11:20:00": 180.29000000000815,
  "11:25:00": 159.19000000000233,
  "11:30:00": 177.1299999999901,
  "11:35:00": 396.65999999998894,
  "11:40:00": 195.22999999999593,
  "11:45:00": 194.38999999999942,
  "11:50:00": 91.8700000000099,
  "11:55:00": 190.72000000000116,
  "12:00:00": 110.32000000000698,
  "12:05:00": 169.36000000000058,
  "12:10:00": 236.52000000000407,
  "12:15:00": 135.2399999999907,
  "12:20:00": 192.84999999999127,
  "12:25:00": 124.14999999999418,
  "12:30:00": 156.19000000000233,
  "12:35:00": 163.59999999999127,
  "12:40:00": 91.99000000000524,
  "12:45:00": 192.74000000000524,
  "12:50:00": 116.92999999999302,
  "12:55:00": 149.4499999999971,
  "13:00:00": 270.8799999999901,
  "13:05:00": 177.04000000000815,
  "13:10:00": 115.97999999999593,
  "13:15:00": 123.07000000000698,
  "13:20:00": 187.44000000000233,
  "13:25:00": 202.76999999998952,
  "13:30:00": 245.1999999999971,
  "13:35:00": 291.43000000000757,
  "13:40:00": 260.820000000007,
  "13:45:00": 143.18999999998778,
  "13:50:00": 200.26999999998952,
  "13:55:00": 165.38000000000466,
  "14:00:00": 130.4899999999907,
  "14:05:00": 90.69999999999709,
  "14:10:00": 188.45999999999185,
  "14:15:00": 197.5399999999936,
  "14:20:00": 161.61000000000058,
  "14:25:00": 172.0399999999936,
  "14:30:00": 265.7700000000041,
  "14:35:00": 275.5100000000093,
  "14:40:00": 474.02999999999884,
  "14:45:00": 319.7299999999959,
  "14:50:00": 197.10000000000582,
  "14:55:00": 34.079999999987194
}