{
  "00:00:00": 87.23999999999069,
  "00:05:00": 97.42999999999302,
  "00:10:00": 200.40999999998894,
  "00:15:00": 124.01000000000931,
  "00:20:00": 111.98000000001048,
  "00:25:00": 173.10000000000582,
  "00:30:00": 141.49000000000524,
  "00:35:00": 81.8299999999872,
  "00:40:00": 79.57000000000698,
  "00:45:00": 128.04000000000815,
  "00:50:00": 186.9100000000035,
  "00:55:00": 81.4600000000064,
  "01:00:00": 124.36000000000058,
  "01:05:00": 93.66999999999825,
  "01:10:00": 167.24000000000524,
  "01:15:00": 148.39999999999418,
  "01:20:00": 86.00999999999476,
  "01:25:00": 508.5199999999895,
  "01:30:00": 409.070000000007,
  "01:35:00": 220.4499999999971,
  "01:40:00": 165.86000000000058,
  "01:45:00": 194.5899999999965,
  "01:50:00": 159.6200000000099,
  "01:55:00": 136.0100000000093,
  "02:00:00": 139.66999999999825,
  "02:05:00": 160.25,
  "02:10:00": 182.5799999999872,
  "02:15:00": 177.5,
  "02:20:00": 180.41999999999825,
  "02:25:00": 236.0399999999936,
  "02:30:00": 199.99000000000524,
  "02:35:00": 112.61999999999534,
  "02:40:00": 136.2899999999936,
  "02:45:00": 104.5399999999936,
  "02:50:00": 128.04000000000815,
  "02:55:00": 85.55999999999767,
  "03:00:00": 109.57000000000698,
  "03:05:00": 100.63999999999942,
  "03:10:00": 245.52000000000407,
  "03:15:00": 98.63000000000466,
  "03:20:00": 209.50999999999476,
  "03:25:00": 66.30000000000291,
  "03:30:00": 139.17999999999302,
  "03:35:00": 95.88999999999942,
  "03:40:00": 81.47000000000116,
  "03:45:00": 75.38999999999942,
  "03:50:00": 69.8299999999872,
  "03:55:00": 108.56999999999243,
  "04:00:00": 110.77999999999884,
  "04:05:00": 156.0399999999936,
  "04:10:00": 15.939999999987776
}