{
  "00:00:00": 152.8000000000029,
  "00:05:00": 179.24000000000524,
  "00:10:00": 172.00999999999476,
  "00:15:00": 11.009999999994761
}