{
  "00:00:00": 158.1600000000035,
  "00:15:00": 11.950000000011642
}