{
  "00:00:00": 96.11000000000058,
  "00:05:00": 92.25999999999476,
  "00:10:00": 56.479999999995925,
  "00:15:00": 75.86000000000058,
  "00:20:00": 99.88999999999942,
  "00:25:00": 91.91000000000349,
  "00:30:00": 194.5,
  "00:35:00": 173.68000000000757,
  "00:40:00": 98.65000000000873,
  "00:45:00": 198.0899999999965,
  "00:50:00": 112.18000000000757,
  "00:55:00": 426.0,
  "01:00:00": 688.5699999999924,
  "01:05:00": 1096.010000000002,
  "01:10:00": 338.22000000000844,
  "01:15:00": 397.2099999999991,
  "01:20:00": 249.2300000000032,
  "01:25:00": 280.51000000000204,
  "01:30:00": 278.08000000000175,
  "01:35:00": 247.88999999999942,
  "01:40:00": 294.26000000000204,
  "01:45:00": 859.9800000000032,
  "01:50:00": 512.4800000000032,
  "01:55:00": 309.6100000000006,
  "02:00:00": 300.23999999999796,
  "02:05:00": 180.54000000000087,
  "02:10:00": 221.38999999999942,
  "02:15:00": 126.99000000000524,
  "02:20:00": 250.04999999999563,
  "02:25:00": 240.76000000000204,
  "02:30:00": 162.20999999999913,
  "02:35:00": 191.97000000000116,
  "02:40:00": 167.25,
  "02:45:00": 140.87999999999738,
  "02:50:00": 132.5,
  "02:55:00": 95.92999999999302,
  "03:00:00": 132.05999999999767,
  "03:05:00": 183.45999999999913,
  "03:10:00": 121.08000000000175,
  "03:15:00": 216.01000000000204,
  "03:20:00": 75.70999999999913,
  "03:25:00": 95.70999999999913,
  "03:30:00": 154.51000000000204,
  "03:35:00": 158.33000000000175,
  "03:40:00": 123.54999999999563,
  "03:45:00": 119.09999999999854,
  "03:50:00": 93.18000000000029,
  "03:55:00": 75.18000000000029,
  "04:00:00": 122.93000000000029,
  "04:05:00": 126.36999999999534,
  "04:10:00": 101.79000000000087,
  "04:15:00": 124.70000000000437,
  "04:20:00": 152.13000000000466,
  "04:25:00": 96.0,
  "04:30:00": 68.83000000000175,
  "04:35:00": 103.95999999999913,
  "04:40:00": 70.66999999999825,
  "04:45:00": 28.719999999993888,
  "04:50:00": 107.29000000000087,
  "04:55:00": 37.2699999999968,
  "05:00:00": 64.08000000000175,
  "05:05:00": 105.97999999999593,
  "05:10:00": 207.5199999999968,
  "05:15:00": 142.58000000000175,
  "05:20:00": 94.02999999999884,
  "05:25:00": 137.76000000000204,
  "05:30:00": 89.79000000000087,
  "05:35:00": 108.16000000000349,
  "05:40:00": 84.75,
  "05:45:00": 129.95000000000437,
  "05:50:00": 59.919999999998254,
  "05:55:00": 110.66000000000349,
  "06:00:00": 99.01000000000204,
  "06:05:00": 92.04000000000087,
  "06:10:00": 223.7699999999968,
  "06:15:00": 80.55000000000291,
  "06:20:00": 140.3000000000029,
  "06:25:00": 94.65000000000146,
  "06:30:00": 129.5500000000029,
  "06:35:00": 269.5599999999977,
  "06:40:00": 136.42999999999302,
  "06:45:00": 192.25999999999476,
  "06:50:00": 143.67999999999302,
  "06:55:00": 89.31000000001222,
  "07:00:00": 99.80999999999767,
  "07:05:00": 161.52999999999884,
  "07:10:00": 180.83000000000175,
  "07:15:00": 186.61000000000058,
  "07:20:00": 74.80999999999767,
  "07:25:00": 123.10000000000582,
  "07:30:00": 98.06999999999243,
  "07:35:00": 174.5,
  "07:40:00": 99.77999999999884,
  "07:45:00": 91.72000000000116,
  "07:50:00": 65.66999999999825,
  "07:55:00": 37.63999999999942,
  "08:00:00": 205.44000000000233,
  "08:05:00": 134.8799999999901,
  "08:10:00": 116.88000000000466,
  "08:15:00": 133.1999999999971,
  "08:20:00": 132.97999999999593,
  "08:25:00": 116.2100000000064,
  "08:30:00": 123.22000000000116,
  "08:35:00": 90.00999999999476,
  "08:40:00": 56.86999999999534,
  "08:45:00": 43.75,
  "08:50:00": 62.420000000012806,
  "08:55:00": 93.16999999999825,
  "09:00:00": 164.61000000000058,
  "09:05:00": 85.80000000000291,
  "09:10:00": 51.5,
  "09:15:00": 128.80999999999767,
  "09:20:00": 54.91000000000349,
  "09:25:00": 129.02000000000407,
  "09:30:00": 426.0500000000029,
  "09:35:00": 187.49000000000524,
  "09:40:00": 74.16999999999825,
  "09:45:00": 154.55999999999767,
  "09:50:00": 209.64999999999418,
  "09:55:00": 74.47000000000116,
  "10:00:00": 253.6600000000035,
  "10:05:00": 178.56000000001222,
  "10:10:00": 98.22000000000116,
  "10:15:00": 190.38999999999942,
  "10:20:00": 94.30000000000291,
  "10:25:00": 92.08999999999651,
  "10:30:00": 103.10000000000582,
  "10:35:00": 103.4600000000064,
  "10:40:00": 123.56999999999243,
  "10:45:00": 98.23999999999069,
  "10:50:00": 90.38999999999942,
  "10:55:00": 118.83999999999651,
  "11:00:00": 86.30999999999767,
  "11:05:00": 94.30999999999767,
  "11:10:00": 57.49000000000524,
  "11:15:00": 82.35000000000582,
  "11:20:00": 164.86999999999534,
  "11:25:00": 45.080000000001746,
  "11:30:00": 108.63999999999942,
  "11:35:00": 158.23000000001048,
  "11:40:00": 88.61000000000058,
  "11:45:00": 99.68000000000757,
  "11:50:00": 86.47000000000116,
  "11:55:00": 60.98999999999069,
  "12:00:00": 66.42999999999302,
  "12:05:00": 99.73000000001048,
  "12:10:00": 44.479999999995925,
  "12:15:00": 68.77999999999884,
  "12:20:00": 165.06000000001222,
  "12:25:00": 59.7100000000064,
  "12:30:00": 262.5599999999977,
  "12:35:00": 426.1900000000023,
  "12:40:00": 278.2399999999907,
  "12:45:00": 166.47999999999593,
  "12:50:00": 53.30000000000291,
  "12:55:00": 126.92999999999302,
  "13:00:00": 73.0,
  "13:05:00": 148.92999999999302,
  "13:10:00": 138.80999999999767,
  "13:15:00": 117.74000000000524,
  "13:20:00": 111.30000000000291,
  "13:25:00": 124.88999999999942,
  "13:30:00": 104.83000000000175,
  "13:35:00": 82.27999999999884,
  "13:40:00": 260.4600000000064,
  "13:45:00": 92.16000000000349,
  "13:50:00": 125.0,
  "13:55:00": 185.0,
  "14:00:00": 96.02999999999884,
  "14:05:00": 66.94000000000233,
  "14:10:00": 101.75999999999476,
  "14:15:00": 137.61000000000058,
  "14:20:00": 82.80000000000291,
  "14:25:00": 50.36999999999534,
  "14:30:00": 300.99000000000524,
  "14:35:00": 383.22000000000116,
  "14:40:00": 382.1000000000058,
  "14:45:00": 359.7899999999936,
  "14:50:00": 506.1399999999994,
  "14:55:00": 191.0399999999936,
  "15:00:00": 392.56999999999243,
  "15:05:00": 194.6299999999901,
  "15:10:00": 191.38999999999942,
  "15:15:00": 325.70999999999185,
  "15:20:00": 190.5500000000029,
  "15:25:00": 192.5,
  "15:30:00": 192.55999999999767,
  "15:35:00": 175.11999999999534,
  "15:40:00": 170.97999999999593,
  "15:45:00": 162.27999999999884,
  "15:50:00": 261.3799999999901,
  "15:55:00": 104.55999999999767,
  "16:00:00": 320.5400000000009,
  "16:05:00": 218.29000000000087,
  "16:10:00": 391.429999999993,
  "16:15:00": 364.0899999999965,
  "16:20:00": 188.63999999999214,
  "16:25:00": 293.1299999999974,
  "16:30:00": 251.5,
  "16:35:00": 208.27000000000407,
  "16:40:00": 87.86000000000058,
  "16:45:00": 294.0199999999968,
  "16:50:00": 112.54999999999563,
  "16:55:00": 118.20999999999913,
  "17:00:00": 135.36000000000058,
  "17:05:00": 130.0,
  "17:10:00": 350.5400000000009,
  "17:15:00": 410.1200000000026,
  "17:20:00": 221.05999999999767,
  "17:25:00": 266.4100000000035,
  "17:30:00": 152.3399999999965,
  "17:35:00": 281.3099999999977,
  "17:40:00": 343.8199999999997,
  "17:45:00": 174.95999999999913,
  "17:50:00": 390.3199999999997,
  "17:55:00": 338.36999999999534,
  "18:00:00": 209.07999999999447,
  "18:05:00": 227.0,
  "18:10:00": 151.15000000000146,
  "18:15:00": 177.0,
  "18:20:00": 326.3700000000026,
  "18:25:00": 137.54000000000087,
  "18:30:00": 266.40000000000146,
  "18:35:00": 252.40000000000146,
  "18:40:00": 224.5899999999965,
  "18:45:00": 158.80999999999767,
  "18:50:00": 100.11000000000058,
  "18:55:00": 192.86000000000058,
  "19:00:00": 164.02999999999884,
  "19:05:00": 175.34000000000378,
  "19:10:00": 168.58000000000175,
  "19:15:00": 134.47000000000116,
  "19:20:00": 294.83000000000175,
  "19:25:00": 90.88999999999942,
  "19:30:00": 224.83000000000175,
  "19:35:00": 305.68999999999505,
  "19:40:00": 234.98999999999796,
  "19:45:00": 228.72000000000116,
  "19:50:00": 153.6999999999971,
  "19:55:00": 129.65000000000146,
  "20:00:00": 143.84000000000378,
  "20:05:00": 237.52999999999884,
  "20:10:00": 292.65000000000146,
  "20:15:00": 235.4100000000035,
  "20:20:00": 207.5199999999968,