{
  "00:00:00": 224.27000000000407,
  "00:05:00": 181.52000000000407,
  "00:10:00": 162.0,
  "00:15:00": 229.77999999999884,
  "00:20:00": 158.3000000000029,
  "00:25:00": 245.8700000000099,
  "00:30:00": 84.57000000000698,
  "00:35:00": 163.4499999999971,
  "00:40:00": 233.60000000000582,
  "00:45:00": 140.3399999999965,
  "00:50:00": 239.72999999999593,
  "00:55:00": 135.89999999999418,
  "01:00:00": 133.38000000000466,
  "01:05:00": 353.3500000000058,
  "01:10:00": 58.0
}