{
  "00:00:00": 224.27000000000407,
  "00:05:00": 181.52000000000407,
  "00:10:00": 162.0,
  "00:15:00": 229.77999999999884,
  "00:20:00": 158.3000000000029,
  "00:25:00": 245.8700000000099,
  "00:30:00": 84.57000000000698,
  "00:35:00": 163.4499999999971,
  "00:40:00": 233.60000000000582,
  "00:45:00": 140.3399999999965,
  "00:50:00": 239.72999999999593,
  "00:55:00": 135.89999999999418,
  "01:00:00": 133.38000000000466,
  "01:05:00": 353.3500000000058,
  "01:10:00": 371.0,
  "01:15:00": 232.74000000000524,
  "01:20:00": 293.4400000000023,
  "01:25:00": 138.1299999999901,
  "01:30:00": 209.94000000000233,
  "01:35:00": 108.19999999999709,
  "01:40:00": 287.8099999999977,
  "01:45:00": 127.11000000000058,
  "01:50:00": 158.61999999999534,
  "01:55:00": 152.61000000000058,
  "02:00:00": 192.41999999999825,
  "02:05:00": 242.43000000000757,
  "02:10:00": 179.02999999999884,
  "02:15:00": 126.88000000000466,
  "02:20:00": 85.91999999999825,
  "02:25:00": 113.09999999999127,
  "02:30:00": 280.86999999999534,
  "02:35:00": 172.02000000000407,
  "02:40:00": 112.50999999999476,
  "02:45:00": 197.77999999999884,
  "02:50:00": 156.75,
  "02:55:00": 149.25,
  "03:00:00": 203.27999999999884,
  "03:05:00": 122.61000000000058,
  "03:10:00": 112.07000000000698,
  "03:15:00": 147.5399999999936,
  "03:20:00": 147.0899999999965,
  "03:25:00": 159.66999999999825,
  "03:30:00": 158.74000000000524,
  "03:35:00": 125.0,
  "03:40:00": 135.69000000000233,
  "03:45:00": 86.11999999999534,
  "03:50:00": 79.69999999999709,
  "03:55:00": 103.0,
  "04:00:00": 94.9600000000064,
  "04:05:00": 175.52000000000407,
  "04:10:00": 135.19000000000233,
  "04:15:00": 118.75,
  "04:20:00": 155.7899999999936,
  "04:25:00": 106.52000000000407,
  "04:30:00": 207.72000000000116,
  "04:35:00": 315.84000000001106,
  "04:40:00": 228.5399999999936,
  "04:45:00": 224.99000000000524,
  "04:50:00": 193.47999999999593,
  "04:55:00": 182.19000000000233,
  "05:00:00": 138.11000000000058,
  "05:05:00": 107.75,
  "05:10:00": 12.059999999997672
}