{
  "00:00:00": 171.8000000000029,
  "00:05:00": 239.50999999999476,
  "00:10:00": 99.44000000000233,
  "00:15:00": 89.22000000000116,
  "00:20:00": 161.88999999999942,
  "00:25:00": 195.57000000000698,
  "00:30:00": 131.17999999999302,
  "00:35:00": 96.50999999999476,
  "00:40:00": 149.88999999999942,
  "00:45:00": 149.27999999999884,
  "00:50:00": 189.27999999999884,
  "00:55:00": 98.38999999999942,
  "01:00:00": 201.0,
  "01:05:00": 225.10000000000582,
  "01:10:00": 345.5100000000093,
  "01:15:00": 267.81999999999243,
  "01:20:00": 249.93000000000757,
  "01:25:00": 127.2100000000064,
  "01:30:00": 286.83000000000175,
  "01:35:00": 251.1999999999971,
  "01:40:00": 124.19000000000233,
  "01:45:00": 727.820000000007,
  "01:50:00": 430.4800000000105,
  "01:55:00": 172.54000000000815,
  "02:00:00": 854.5599999999977,
  "02:05:00": 430.7100000000064,
  "02:10:00": 277.0,
  "02:15:00": 358.320000000007,
  "02:20:00": 184.2600000000093,
  "02:25:00": 174.66999999999825,
  "02:30:00": 221.32000000000698,
  "02:35:00": 156.14999999999418,
  "02:40:00": 354.8700000000099,
  "02:45:00": 432.4100000000035,
  "02:50:00": 160.4499999999971,
  "02:55:00": 160.4100000000035,
  "03:00:00": 88.04000000000815,
  "03:05:00": 152.39999999999418,
  "03:10:00": 129.11999999999534,
  "03:15:00": 116.22000000000116,
  "03:20:00": 303.75,
  "03:25:00": 221.66999999999825,
  "03:30:00": 128.88999999999942,
  "03:35:00": 95.72000000000116,
  "03:40:00": 159.0,
  "03:45:00": 157.75999999999476,
  "03:50:00": 178.91999999999825,
  "03:55:00": 135.55999999999767,
  "04:00:00": 111.36000000000058,
  "04:05:00": 159.91999999999825,
  "04:10:00": 169.4600000000064,
  "04:15:00": 278.6399999999994,
  "04:20:00": 120.29000000000815,
  "04:25:00": 160.44000000000233,
  "04:30:00": 90.34000000001106,
  "04:35:00": 119.15000000000873,
  "04:40:00": 155.22999999999593,
  "04:45:00": 77.59999999999127,
  "04:50:00": 82.92999999999302,
  "04:55:00": 71.30000000000291,
  "05:00:00": 147.0899999999965,
  "05:05:00": 160.3799999999901,
  "05:10:00": 124.4600000000064,
  "05:15:00": 110.75,
  "05:20:00": 159.81000000001222,
  "05:25:00": 72.16000000000349,
  "05:30:00": 82.02999999999884,
  "05:35:00": 114.06999999999243,
  "05:40:00": 145.86000000000058,
  "05:45:00": 100.67999999999302,
  "05:50:00": 168.02000000000407,
  "05:55:00": 53.25999999999476,
  "06:00:00": 139.19000000000233,
  "06:05:00": 182.17999999999302,
  "06:10:00": 204.47999999999593,
  "06:15:00": 192.82000000000698,
  "06:20:00": 162.99000000000524,
  "06:25:00": 115.70000000001164,
  "06:30:00": 200.59000000001106,
  "06:35:00": 116.19000000000233,
  "06:40:00": 149.8700000000099,
  "06:45:00": 145.10000000000582,
  "06:50:00": 125.15999999998894,
  "06:55:00": 49.70000000001164,
  "07:00:00": 131.0500000000029,
  "07:05:00": 95.33000000000175,
  "07:10:00": 197.8000000000029,
  "07:15:00": 76.67999999999302,
  "07:20:00": 88.02000000000407,
  "07:25:00": 53.94999999999709,
  "07:30:00": 187.44000000000233,
  "07:35:00": 117.39999999999418,
  "07:40:00": 147.6600000000035,
  "07:45:00": 104.85000000000582,
  "07:50:00": 92.51000000000931,
  "07:55:00": 36.919999999998254,
  "08:00:00": 231.43000000000757,
  "08:05:00": 223.0100000000093,
  "08:10:00": 165.35000000000582,
  "08:15:00": 76.61999999999534,
  "08:20:00": 176.5,
  "08:25:00": 76.68000000000757,
  "08:30:00": 105.08000000000175,
  "08:35:00": 88.33999999999651,
  "08:40:00": 122.11000000000058,
  "08:45:00": 181.7600000000093,
  "08:50:00": 527.6300000000047,
  "08:55:00": 182.5399999999936,
  "09:00:00": 343.1100000000006,
  "09:05:00": 153.11000000000058,
  "09:10:00": 76.6700000000128,
  "09:15:00": 196.19000000000233,
  "09:20:00": 156.0,
  "09:25:00": 99.38999999999942,
  "09:30:00": 208.11000000000058,
  "09:35:00": 181.5500000000029,
  "09:40:00": 127.35000000000582,
  "09:45:00": 112.75,
  "09:50:00": 120.27999999999884,
  "09:55:00": 99.91999999999825,
  "10:00:00": 212.81999999999243,
  "10:05:00": 213.40999999998894,
  "10:10:00": 183.31999999999243,
  "10:15:00": 85.19999999999709,
  "10:20:00": 94.41999999999825,
  "10:25:00": 88.77000000000407,
  "10:30:00": 92.77999999999884,
  "10:35:00": 258.5899999999965,
  "10:40:00": 131.38999999999942,
  "10:45:00": 161.1600000000035,
  "10:50:00": 93.72000000000116,
  "10:55:00": 51.70999999999185,
  "11:00:00": 47.669999999998254,
  "11:05:00": 84.00999999999476,
  "11:10:00": 42.620000000009895,
  "11:15:00": 154.30999999999767,
  "11:20:00": 115.92999999999302,
  "11:25:00": 50.429999999993015,
  "11:30:00": 160.5399999999936,
  "11:35:00": 85.2899999999936,
  "11:40:00": 158.58000000000175,
  "11:45:00": 104.47000000000116,
  "11:50:00": 62.470000000001164,
  "11:55:00": 56.9600000000064,
  "12:00:00": 73.54000000000815,
  "12:05:00": 102.0,
  "12:10:00": 49.58999999999651,
  "12:15:00": 74.05999999999767,
  "12:20:00": 118.5,
  "12:25:00": 82.34999999999127,
  "12:30:00": 189.58000000000175,
  "12:35:00": 115.83000000000175,
  "12:40:00": 189.1299999999901,
  "12:45:00": 171.00999999999476,
  "12:50:00": 68.13999999999942,
  "12:55:00": 70.58000000000175,
  "13:00:00": 173.61999999999534,
  "13:05:00": 142.0,
  "13:10:00": 68.47000000000116,
  "13:15:00": 96.56000000001222,
  "13:20:00": 202.8000000000029,
  "13:25:00": 170.47000000000116,
  "13:30:00": 102.25,
  "13:35:00": 107.58999999999651,
  "13:40:00": 96.5399999999936,
  "13:45:00": 52.94000000000233,
  "13:50:00": 977.6300000000047,
  "13:55:00": 360.4899999999907,
  "14:00:00": 296.6100000000006,
  "14:05:00": 342.570000000007,
  "14:10:00": 178.90000000000873,
  "14:15:00": 48.270000000004075
}