{
  "00:00:00": 158.1600000000035,
  "00:15:00": 147.63000000000466,
  "00:30:00": 179.9200000000128,
  "00:45:00": 76.7899999999936,
  "01:00:00": 162.88999999999942,
  "01:15:00": 88.54999999998836,
  "01:30:00": 97.15000000000873,
  "01:45:00": 82.52999999999884,
  "02:00:00": 92.94999999999709,
  "02:15:00": 174.15000000000873,
  "02:30:00": 140.63999999999942,
  "02:45:00": 216.24000000000524,
  "03:00:00": 227.1999999999971,
  "03:15:00": 287.1100000000006,
  "03:30:00": 95.75,
  "03:45:00": 123.35000000000582,
  "04:00:00": 311.9100000000035,
  "04:15:00": 126.08000000000175,
  "04:30:00": 186.75999999999476,
  "04:45:00": 78.97000000000116,
  "05:00:00": 184.64999999999418,
  "05:15:00": 144.74000000000524,
  "05:30:00": 153.9499999999971,
  "05:45:00": 134.47999999999593,
  "06:00:00": 86.86999999999534,
  "06:15:00": 148.50999999999476,
  "06:30:00": 177.24000000000524,
  "06:45:00": 383.54000000000815,
  "07:00:00": 286.5899999999965,
  "07:15:00": 156.9699999999866,
  "07:30:00": 131.5,
  "07:45:00": 102.16000000000349,
  "08:00:00": 110.2899999999936,
  "08:15:00": 168.31000000001222,
  "08:30:00": 131.50999999999476,
  "08:45:00": 212.99000000000524,
  "09:00:00": 236.69000000000233,
  "09:15:00": 144.64999999999418,
  "09:30:00": 84.08000000000175,
  "09:45:00": 74.22000000000116,
  "10:00:00": 146.93000000000757,
  "10:15:00": 178.51999999998952,
  "10:30:00": 99.38999999999942,
  "10:45:00": 116.13000000000466,
  "11:00:00": 358.22000000000116,
  "11:15:00": 139.38999999999942,
  "11:30:00": 107.82000000000698,
  "11:45:00": 119.99000000000524,
  "12:00:00": 131.5,
  "12:15:00": 91.44000000000233,
  "12:30:00": 121.40000000000873,
  "12:45:00": 131.47999999999593,
  "13:00:00": 133.27000000000407,
  "13:15:00": 120.97000000000116,
  "13:30:00": 193.36000000000058,
  "13:45:00": 93.63999999999942,
  "14:00:00": 319.70999999999185,
  "14:15:00": 126.35999999998603,
  "14:30:00": 282.8099999999977,
  "14:45:00": 110.44999999999709,
  "15:00:00": 25.0
}