{
  "00:00:00": 92.58999999999651,
  "00:05:00": 88.52999999999884,
  "00:10:00": 150.95000000001164,
  "00:15:00": 144.29999999998836,
  "00:20:00": 51.04000000000815,
  "00:25:00": 166.82000000000698,
  "00:30:00": 92.38000000000466,
  "00:35:00": 35.020000000004075,
  "00:40:00": 134.41999999999825,
  "00:45:00": 33.0,
  "00:50:00": 71.91999999999825,
  "00:55:00": 56.00999999999476,
  "01:00:00": 80.55000000000291,
  "01:05:00": 143.17999999999302,
  "01:10:00": 39.419999999998254,
  "01:15:00": 135.30999999999767,
  "01:20:00": 84.58000000000175,
  "01:25:00": 142.34999999999127,
  "01:30:00": 116.41999999999825,
  "01:35:00": 77.47000000000116,
  "01:40:00": 89.99000000000524,
  "01:45:00": 94.9600000000064,
  "01:50:00": 51.69000000000233,
  "01:55:00": 52.11000000000058,
  "02:00:00": 78.51999999998952,
  "02:05:00": 106.55000000000291,
  "02:10:00": 57.86000000000058,
  "02:15:00": 65.86999999999534,
  "02:20:00": 70.36000000000058,
  "02:25:00": 36.020000000004075,
  "02:30:00": 45.99000000000524,
  "02:35:00": 52.89999999999418,
  "02:40:00": 43.30999999999767,
  "02:45:00": 36.020000000004075,
  "02:50:00": 51.45999999999185,
  "02:55:00": 59.59999999999127,
  "03:00:00": 117.91000000000349,
  "03:05:00": 45.10000000000582,
  "03:10:00": 57.79000000000815,
  "03:15:00": 65.63000000000466,
  "03:20:00": 62.36000000000058,
  "03:25:00": 110.33000000000175,
  "03:30:00": 108.00999999999476,
  "03:35:00": 91.2100000000064,
  "03:40:00": 51.120000000009895,
  "03:45:00": 65.30999999999767,
  "03:50:00": 52.379999999990105,
  "03:55:00": 49.38999999999942,
  "04:00:00": 35.61999999999534,
  "04:05:00": 73.81999999999243,
  "04:10:00": 54.729999999995925,
  "04:15:00": 64.63999999999942,
  "04:20:00": 44.570000000006985,
  "04:25:00": 174.47000000000116,
  "04:30:00": 185.02999999999884,
  "04:35:00": 82.00999999999476,
  "04:40:00": 59.63999999999942,
  "04:45:00": 51.38000000000466,
  "04:50:00": 94.38999999999942,
  "04:55:00": 44.88000000000466,
  "05:00:00": 61.84999999999127,
  "05:05:00": 41.84000000001106,
  "05:10:00": 48.16000000000349,
  "05:15:00": 35.919999999998254,
  "05:20:00": 52.94000000000233,
  "05:25:00": 61.86000000000058,
  "05:30:00": 101.77000000000407,
  "05:35:00": 99.1099999999933,
  "05:40:00": 74.16000000000349,
  "05:45:00": 59.63999999999942,
  "05:50:00": 66.90999999999622,
  "05:55:00": 97.98999999999796,
  "06:00:00": 34.58999999999651,
  "06:05:00": 58.4600000000064,
  "06:10:00": 137.99000000000524,
  "06:15:00": 990.7599999999948,
  "06:20:00": 426.16999999999825,
  "06:25:00": 586.3799999999974,
  "06:30:00": 504.0399999999936,
  "06:35:00": 657.9099999999962,
  "06:40:00": 381.8600000000006,
  "06:45:00": 326.22000000000116,
  "06:50:00": 397.0699999999997,
  "06:55:00": 404.40000000000146,
  "07:00:00": 591.3699999999953,
  "07:05:00": 288.98999999999796,
  "07:10:00": 318.4599999999991,
  "07:15:00": 157.05999999999767,
  "07:20:00": 415.9300000000003,
  "07:25:00": 212.88999999999942,
  "07:30:00": 386.99000000000524,
  "07:35:00": 556.75,
  "07:40:00": 244.15000000000146,
  "07:45:00": 263.58000000000175,
  "07:50:00": 185.45999999999913,
  "07:55:00": 140.9300000000003,
  "08:00:00": 242.65999999999622,
  "08:05:00": 345.2299999999959,
  "08:10:00": 169.70999999999913,
  "08:15:00": 198.19000000000233,
  "08:20:00": 195.6800000000003,
  "08:25:00": 119.27999999999884,
  "08:30:00": 198.01000000000204,
  "08:35:00": 176.1999999999971,
  "08:40:00": 178.75999999999476,
  "08:45:00": 101.45999999999913,
  "08:50:00": 179.56000000000495,
  "08:55:00": 195.0,
  "09:00:00": 131.26000000000204,
  "09:05:00": 232.59999999999854,
  "09:10:00": 340.45000000000437,
  "09:15:00": 122.81000000000495,
  "09:20:00": 336.6600000000035,
  "09:25:00": 163.5899999999965,
  "09:30:00": 123.40999999999622,
  "09:35:00": 192.01000000000204,
  "09:40:00": 73.81999999999971,
  "09:45:00": 122.06999999999971,
  "09:50:00": 153.34999999999854,
  "09:55:00": 72.52000000000407,
  "10:00:00": 186.91999999999825,
  "10:05:00": 113.90000000000146,
  "10:10:00": 74.11000000000058,
  "10:15:00": 223.9300000000003,
  "10:20:00": 218.0,
  "10:25:00": 165.23999999999796,
  "10:30:00": 204.45999999999913,
  "10:35:00": 75.62000000000262,
  "10:40:00": 74.97000000000116,
  "10:45:00": 85.30999999999767,
  "10:50:00": 129.98999999999796,
  "10:55:00": 114.9800000000032,
  "11:00:00": 262.1599999999962,
  "11:05:00": 124.44000000000233,
  "11:10:00": 92.45000000000437,
  "11:15:00": 70.02999999999884,
  "11:20:00": 129.5500000000029,
  "11:25:00": 215.8199999999997,
  "11:30:00": 134.27000000000407,
  "11:35:00": 143.61000000000058,
  "11:40:00": 73.26000000000204,
  "11:45:00": 94.33999999999651,
  "11:50:00": 103.50999999999476,
  "11:55:00": 182.70000000000437,
  "12:00:00": 120.66000000000349,
  "12:05:00": 106.51000000000204,
  "12:10:00": 76.08999999999651,
  "12:15:00": 116.22000000000116,
  "12:20:00": 101.44000000000233,
  "12:25:00": 54.86999999999534,
  "12:30:00": 59.62999999999738,
  "12:35:00": 84.86000000000058,
  "12:40:00": 57.43000000000029,
  "12:45:00": 132.77999999999884,
  "12:50:00": 155.15000000000146,
  "12:55:00": 150.01000000000204,
  "13:00:00": 206.43999999999505,
  "13:05:00": 111.08000000000175,
  "13:10:00": 81.86000000000058,
  "13:15:00": 139.37999999999738,
  "13:20:00": 101.77999999999884,
  "13:25:00": 58.19000000000233,
  "13:30:00": 85.5,
  "13:35:00": 114.38000000000466,
  "13:40:00": 157.23999999999796,
  "13:45:00": 779.439999999995,
  "13:50:00": 670.2299999999959,
  "13:55:00": 586.3000000000029,
  "14:00:00": 603.6399999999994,
  "14:05:00": 192.06000000000495,
  "14:10:00": 302.5400000000009,
  "14:15:00": 222.27999999999884,
  "14:20:00": 194.0199999999968,
  "14:25:00": 110.75,
  "14:30:00": 130.63999999999942,
  "14:35:00": 492.5,
  "14:40:00": 221.69000000000233,
  "14:45:00": 328.11999999999534,
  "14:50:00": 414.54999999999563,
  "14:55:00": 222.87000000000262,
  "15:00:00": 146.63999999999942,
  "15:05:00": 245.6600000000035,
  "15:10:00": 234.5,
  "15:15:00": 181.2300000000032,
  "15:20:00": 190.4800000000032,
  "15:25:00": 313.27999999999884,
  "15:30:00": 235.80999999999767,
  "15:35:00": 244.65999999999622,
  "15:40:00": 86.04000000000087,
  "15:45:00": 86.01000000000204,
  "15:50:00": 130.99000000000524,
  "15:55:00": 135.79000000000087,
  "16:00:00": 136.30999999999767,
  "16:05:00": 225.2300000000032,
  "16:10:00": 165.51000000000204,
  "16:15:00": 159.5199999999968,
  "16:20:00": 248.25999999999476,
  "16:25:00": 91.75,
  "16:30:00": 93.02999999999884,
  "16:35:00": 91.29000000000087,
  "16:40:00": 302.9400000000023,
  "16:45:00": 171.98999999999796,
  "16:50:00": 118.68000000000029,
  "16:55:00": 141.4800000000032,
  "17:00:00": 100.31999999999971,
  "17:05:00": 77.44000000000233,
  "17:10:00": 108.24000000000524,
  "17:15:00": 95.13999999999942,
  "17:20:00": 106.87000000000262,
  "17:25:00": 130.47000000000116,
  "17:30:00": 107.19000000000233,
  "17:35:00": 82.46999999999389,
  "17:40:00": 191.8000000000029,
  "17:45:00": 326.3199999999997,
  "17:50:00": 56.18999999999505,
  "17:55:00": 456.1100000000006,
  "18:00:00": 149.72000000000116,
  "18:05:00": 124.95000000000437,
  "18:10:00": 143.6999999999971,
  "18:15:00": 93.0,
  "18:20:00": 176.13999999999942,
  "18:25:00": 69.95999999999913,
  "18:30:00": 266.5,
  "18:35:00": 369.33000000000175,
  "18:40:00": 143.1600000000035,
  "18:45:00": 154.14999999999418,
  "18:50:00": 298.320000000007,
  "18:55:00": 317.820000000007,
  "19:00:00": 196.08000000000175,
  "19:05:00": 147.7899999999936,
  "19:10:00": 275.5200000000041,
  "19:15:00": 149.61000000000058,
  "19:20:00": 62.33999999999651,
  "19:25:00": 132.8700000000099,
  "19:30:00": 658.1999999999971,
  "19:35:00": 486.13000000000466,
  "19:40:00": 392.2299999999959,
  "19:45:00": 219.99000000000524,
  "19:50:00": 225.9499999999971,
  "19:55:00": 197.47999999999593,
  "20:00:00": 159.02000000000407,
  "20:05:00": 163.29000000000815,
  "20:10:00": 295.02999999999884,