{
  "00:00:00": 268.8399999999965,
  "00:15:00": 318.9100000000035,
  "00:30:00": 475.81999999999243,
  "00:45:00": 297.33000000000175,
  "01:00:00": 237.97000000000116,
  "01:15:00": 391.179999999993,
  "01:30:00": 723.7000000000116,
  "01:45:00": 360.4800000000105,
  "02:00:00": 275.88000000000466,
  "02:15:00": 264.15000000000873,
  "02:30:00": 200.9100000000035,
  "02:45:00": 299.95000000001164,
  "03:00:00": 267.0600000000122,
  "03:15:00": 443.91999999999825,
  "03:30:00": 608.0599999999977,
  "03:45:00": 330.5200000000041,
  "04:00:00": 30.44999999999709
}