{
  "10:30:00": 121.49000000000524,
  "10:35:00": 127.72999999999593,
  "10:40:00": 39.75,
  "10:45:00": 65.30999999999767,
  "10:50:00": 134.05999999999767,
  "10:55:00": 79.85000000000582,
  "11:00:00": 63.580000000001746,
  "11:05:00": 71.23000000001048,
  "11:10:00": 33.74000000000524,
  "11:15:00": 60.25,
  "11:20:00": 46.5,
  "11:25:00": 81.47999999999593,
  "11:30:00": 25.470000000001164,
  "11:35:00": 197.02999999999884,
  "11:40:00": 67.80000000000291,
  "11:45:00": 93.26000000000931,
  "11:50:00": 213.22000000000116,
  "11:55:00": 76.93000000000757,
  "12:00:00": 109.29000000000815,
  "12:05:00": 228.9499999999971,
  "12:10:00": 81.27000000000407,
  "12:15:00": 109.9600000000064,
  "12:20:00": 143.76999999998952,
  "12:25:00": 76.41000000000349,
  "12:30:00": 53.66000000000349,
  "12:35:00": 213.19000000000233,
  "12:40:00": 72.23000000001048,
  "12:45:00": 129.44000000000233,
  "12:50:00": 62.0,
  "12:55:00": 41.36999999999534,
  "13:00:00": 133.67999999999302,
  "13:05:00": 209.59000000001106,
  "13:10:00": 90.47999999999593,
  "13:15:00": 254.25999999999476,
  "13:20:00": 121.98000000001048,
  "13:25:00": 91.92999999999302,
  "13:30:00": 143.99000000000524,
  "13:35:00": 210.32000000000698,
  "13:40:00": 178.52000000000407,
  "13:45:00": 211.5500000000029,
  "13:50:00": 248.0,
  "13:55:00": 93.27000000000407,
  "14:00:00": 148.92999999999302,
  "14:05:00": 102.68000000000757,
  "14:10:00": 216.27999999999884,
  "14:15:00": 156.54000000000815,
  "14:20:00": 107.75,
  "14:25:00": 183.07000000000698,
  "14:30:00": 395.49000000000524,
  "14:35:00": 589.1900000000023,
  "14:40:00": 313.679999999993,
  "14:45:00": 308.679999999993,
  "14:50:00": 393.8600000000006,
  "14:55:00": 337.8799999999901,
  "15:00:00": 376.45999999999185,
  "15:05:00": 287.3899999999994,
  "15:10:00": 412.6600000000035,
  "15:15:00": 324.68000000000757,
  "15:20:00": 248.61999999999534,
  "15:25:00": 206.80999999999767,
  "15:30:00": 339.5199999999895,
  "15:35:00": 285.1399999999994,
  "15:40:00": 164.0399999999936,
  "15:45:00": 337.5600000000122,
  "15:50:00": 199.70000000001164,
  "15:55:00": 164.83000000000175,
  "16:00:00": 311.75,
  "16:05:00": 291.7299999999959,
  "16:10:00": 180.0399999999936,
  "16:15:00": 282.4400000000023,
  "16:20:00": 156.0899999999965,
  "16:25:00": 171.5100000000093,
  "16:30:00": 332.9100000000035,
  "16:35:00": 218.86000000000058,
  "16:40:00": 127.80000000000291,
  "16:45:00": 200.90999999998894,
  "16:50:00": 267.4400000000023,
  "16:55:00": 186.2100000000064,
  "17:00:00": 159.11000000000058,
  "17:05:00": 157.97000000000116,
  "17:10:00": 366.04000000000815,
  "17:15:00": 489.820000000007,
  "17:20:00": 137.47999999999593,
  "17:25:00": 259.08000000000175,
  "17:30:00": 161.6600000000035,
  "17:35:00": 133.22000000000116,
  "17:40:00": 216.83000000000175,
  "17:45:00": 267.8700000000099,
  "17:50:00": 366.93000000000757,
  "17:55:00": 165.94000000000233,
  "18:00:00": 142.19000000000233,
  "18:05:00": 240.22000000000116,
  "18:10:00": 319.0200000000041,
  "18:15:00": 126.08000000000175,
  "18:20:00": 372.1900000000023,
  "18:25:00": 112.97999999999593,
  "18:30:00": 258.320000000007,
  "18:35:00": 173.63999999999942,
  "18:40:00": 226.14999999999418,
  "18:45:00": 140.75,
  "18:50:00": 106.69999999999709,
  "18:55:00": 164.7899999999936,
  "19:00:00": 206.19000000000233,
  "19:05:00": 212.59999999999127,
  "19:10:00": 197.2100000000064,
  "19:15:00": 158.6600000000035,
  "19:20:00": 137.11000000000058,
  "19:25:00": 176.13999999999942,
  "19:30:00": 136.38000000000466,
  "19:35:00": 192.41999999999825,
  "19:40:00": 189.1700000000128,
  "19:45:00": 128.8399999999965,
  "19:50:00": 304.5,
  "19:55:00": 88.06000000001222,
  "20:00:00": 165.0,
  "20:05:00": 120.97000000000116,
  "20:10:00": 84.6299999999901,
  "20:15:00": 174.5899999999965,
  "20:20:00": 98.19999999999709,
  "20:25:00": 85.61000000000058,
  "20:30:00": 116.00999999999476,
  "20:35:00": 141.61999999999534,
  "20:40:00": 98.16999999999825,
  "20:45:00": 233.07000000000698,
  "20:50:00": 94.24000000000524,
  "20:55:00": 96.74000000000524,
  "21:00:00": 145.63000000000466,
  "21:05:00": 92.25999999999476,
  "21:10:00": 92.97000000000116,
  "21:15:00": 63.479999999995925,
  "21:20:00": 84.27000000000407,
  "21:25:00": 56.419999999998254,
  "21:30:00": 69.20999999999185,
  "21:35:00": 83.22999999999593,
  "21:40:00": 61.41000000000349,
  "21:45:00": 36.11000000000058,
  "21:50:00": 83.97000000000116,
  "21:55:00": 50.36999999999534,
  "22:00:00": 182.72999999999593,
  "22:05:00": 94.13000000000466,
  "22:10:00": 129.99000000000524,
  "22:15:00": 113.25999999999476,
  "22:25:00": 60.479999999995925,
  "22:30:00": 135.86000000000058,
  "22:35:00": 65.56999999999243,
  "22:40:00": 185.63000000000466,
  "22:45:00": 97.70999999999185,
  "22:50:00": 120.47000000000116,
  "22:55:00": 94.18000000000757,
  "23:00:00": 113.91999999999825,
  "23:05:00": 106.41000000000349,
  "23:10:00": 81.44999999999709,
  "23:15:00": 80.99000000000524,
  "23:20:00": 94.25,
  "23:25:00": 51.13999999999942,
  "23:30:00": 75.91000000000349,
  "23:35:00": 89.06999999999243,
  "23:40:00": 45.370000000009895,
  "23:45:00": 107.97999999999593,
  "23:50:00": 85.4600000000064,
  "23:55:00": 47.49000000000524
}