{
  "00:00:00": 224.27000000000407,
  "00:05:00": 181.52000000000407,
  "00:10:00": 162.0,
  "00:15:00": 229.77999999999884,
  "00:20:00": 158.3000000000029,
  "00:25:00": 245.8700000000099,
  "00:30:00": 84.57000000000698,
  "00:35:00": 163.4499999999971,
  "00:40:00": 233.60000000000582,
  "00:45:00": 140.3399999999965,
  "00:50:00": 239.72999999999593,
  "00:55:00": 135.89999999999418,
  "01:00:00": 133.38000000000466,
  "01:05:00": 353.3500000000058,
  "01:10:00": 371.0,
  "01:15:00": 232.74000000000524,
  "01:20:00": 293.4400000000023,
  "01:25:00": 138.1299999999901,
  "01:30:00": 209.94000000000233,
  "01:35:00": 108.19999999999709,
  "01:40:00": 287.8099999999977,
  "01:45:00": 127.11000000000058,
  "01:50:00": 158.61999999999534,
  "01:55:00": 152.61000000000058,
  "02:00:00": 192.41999999999825,
  "02:05:00": 242.43000000000757,
  "02:10:00": 179.02999999999884,
  "02:15:00": 126.88000000000466,
  "02:20:00": 85.91999999999825,
  "02:25:00": 113.09999999999127,
  "02:30:00": 280.86999999999534,
  "02:35:00": 172.02000000000407,
  "02:40:00": 112.50999999999476,
  "02:45:00": 197.77999999999884,
  "02:50:00": 156.75,
  "02:55:00": 149.25,
  "03:00:00": 203.27999999999884,
  "03:05:00": 122.61000000000058,
  "03:10:00": 112.07000000000698,
  "03:15:00": 147.5399999999936,
  "03:20:00": 147.0899999999965,
  "03:25:00": 159.66999999999825,
  "03:30:00": 158.74000000000524,
  "03:35:00": 125.0,
  "03:40:00": 135.69000000000233,
  "03:45:00": 86.11999999999534,
  "03:50:00": 79.69999999999709,
  "03:55:00": 103.0,
  "04:00:00": 94.9600000000064,
  "04:05:00": 175.52000000000407,
  "04:10:00": 135.19000000000233,
  "04:15:00": 118.75,
  "04:20:00": 155.7899999999936,
  "04:25:00": 106.52000000000407,
  "04:30:00": 207.72000000000116,
  "04:35:00": 315.84000000001106,
  "04:40:00": 228.5399999999936,
  "04:45:00": 224.99000000000524,
  "04:50:00": 193.47999999999593,
  "04:55:00": 182.19000000000233,
  "05:00:00": 138.11000000000058,
  "05:05:00": 107.75,
  "05:10:00": 76.55000000000291,
  "05:15:00": 145.5399999999936,
  "05:20:00": 220.50999999999476,
  "05:25:00": 73.86000000000058,
  "05:30:00": 126.33000000000175,
  "05:35:00": 237.25999999999476,
  "05:40:00": 86.1200000000099,
  "05:45:00": 111.99000000000524,
  "05:50:00": 114.05000000000291,
  "05:55:00": 215.2100000000064,
  "06:00:00": 287.5899999999965,
  "06:05:00": 325.7899999999936,
  "06:10:00": 168.7899999999936,
  "06:15:00": 276.99000000000524,
  "06:20:00": 260.72000000000116,
  "06:25:00": 133.95999999999185,
  "06:30:00": 128.68000000000757,
  "06:35:00": 226.49000000000524,
  "06:40:00": 113.84999999999127,
  "06:45:00": 174.88999999999942,
  "06:50:00": 156.63999999999942,
  "06:55:00": 63.38999999999942,
  "07:00:00": 211.11000000000058,
  "07:05:00": 70.61000000000058,
  "07:10:00": 207.34000000001106,
  "07:15:00": 79.72999999999593,
  "07:20:00": 62.120000000009895,
  "07:25:00": 132.10000000000582,
  "07:30:00": 198.76999999998952,
  "07:35:00": 181.86000000000058,
  "07:40:00": 80.63999999999942,
  "07:45:00": 124.53000000001339,
  "07:50:00": 370.75,
  "07:55:00": 304.0399999999936,
  "08:00:00": 204.36000000000058,
  "08:05:00": 142.72999999999593,
  "08:10:00": 118.02000000000407,
  "08:15:00": 183.47000000000116,
  "08:20:00": 197.77999999999884,
  "08:25:00": 210.80999999999767,
  "08:30:00": 376.41999999999825,
  "08:35:00": 91.51000000000931,
  "08:40:00": 254.58000000000175,
  "08:45:00": 178.92999999999302,
  "08:50:00": 134.72000000000116,
  "08:55:00": 102.76999999998952,
  "09:00:00": 206.70999999999185,
  "09:05:00": 220.11000000000058,
  "09:10:00": 247.4600000000064,
  "09:15:00": 186.61999999999534,
  "09:20:00": 276.20999999999185,
  "09:25:00": 156.44000000000233,
  "09:30:00": 167.82000000000698,
  "09:35:00": 358.91999999999825,
  "09:40:00": 111.1200000000099,
  "09:45:00": 156.0,
  "09:50:00": 160.56000000001222,
  "09:55:00": 128.72999999999593,
  "10:00:00": 114.57000000000698,
  "10:05:00": 251.99000000000524,
  "10:10:00": 84.26999999998952,
  "10:15:00": 197.76999999998952,
  "10:20:00": 250.44000000000233,
  "10:25:00": 495.72000000000116,
  "10:30:00": 361.5899999999965,
  "10:35:00": 250.65000000000873,
  "10:40:00": 148.02000000000407,
  "10:45:00": 154.83000000000175,
  "10:50:00": 227.66999999999825,
  "10:55:00": 199.10000000000582,
  "11:00:00": 252.00999999999476,
  "11:05:00": 203.88000000000466,
  "11:10:00": 149.0,
  "11:15:00": 136.61000000000058,
  "11:20:00": 229.66999999999825,
  "11:25:00": 234.58000000000175,
  "11:30:00": 169.99000000000524,
  "11:35:00": 284.74000000000524,
  "11:40:00": 106.0399999999936,
  "11:45:00": 152.89999999999418,
  "11:50:00": 125.0399999999936,
  "11:55:00": 133.75,
  "12:00:00": 286.1600000000035,
  "12:05:00": 213.47999999999593,
  "12:10:00": 163.0100000000093,
  "12:15:00": 257.1999999999971,
  "12:20:00": 131.89999999999418,
  "12:25:00": 237.77999999999884,
  "12:30:00": 74.60000000000582,
  "12:35:00": 146.82000000000698,
  "12:40:00": 181.67999999999302,
  "12:45:00": 185.5399999999936,
  "12:50:00": 148.51999999998952,
  "12:55:00": 134.60000000000582,
  "13:00:00": 209.36999999999534,
  "13:05:00": 98.8799999999901,
  "13:10:00": 168.0899999999965,
  "13:15:00": 209.1600000000035,
  "13:20:00": 267.00999999999476,
  "13:25:00": 204.35000000000582,
  "13:30:00": 351.1200000000099,
  "13:35:00": 133.5399999999936,
  "13:40:00": 227.52000000000407,
  "13:45:00": 221.91999999999825,
  "13:50:00": 104.94000000000233,
  "13:55:00": 238.74000000000524,
  "14:00:00": 162.61999999999534,
  "14:05:00": 298.81999999999243,
  "14:10:00": 149.0,
  "14:15:00": 208.27999999999884,
  "14:20:00": 215.00999999999476,
  "14:25:00": 137.59999999999127,
  "14:30:00": 500.29000000000815,
  "14:35:00": 618.5,
  "14:40:00": 415.49000000000524,
  "14:45:00": 358.6000000000058,
  "14:50:00": 469.84999999999127,
  "14:55:00": 388.29000000000815,
  "15:00:00": 554.2299999999959,
  "15:05:00": 497.27999999999884,
  "15:10:00": 373.90000000000873,
  "15:15:00": 400.2899999999936,
  "15:20:00": 350.0,
  "15:25:00": 336.0,
  "15:30:00": 292.33000000000175,
  "15:35:00": 396.11999999999534,
  "15:40:00": 270.63000000000466,
  "15:45:00": 236.35000000000582,
  "15:50:00": 400.16999999999825,
  "15:55:00": 280.99000000000524,
  "16:00:00": 349.4899999999907,
  "16:05:00": 518.3800000000047,
  "16:10:00": 325.25,
  "16:15:00": 279.99000000000524,
  "16:20:00": 235.69000000000233,
  "16:25:00": 153.4100000000035,
  "16:30:00": 249.89999999999418,
  "16:35:00": 335.99000000000524,
  "16:40:00": 334.25,
  "16:45:00": 149.0899999999965,
  "16:50:00": 205.24000000000524,
  "16:55:00": 184.5899999999965,
  "17:00:00": 291.1999999999971,
  "17:05:00": 487.3000000000029,
  "17:10:00": 176.17999999999302,
  "17:15:00": 209.59000000001106,
  "17:20:00": 249.80999999999767,
  "17:25:00": 207.39000000001397,
  "17:30:00": 254.54000000000815,
  "17:35:00": 192.05999999999767,
  "17:40:00": 213.4100000000035,
  "17:45:00": 225.73000000001048,
  "17:50:00": 295.04000000000815,
  "17:55:00": 180.4600000000064,
  "18:00:00": 247.02999999999884,
  "18:05:00": 275.08000000000175,
  "18:10:00": 135.0899999999965,
  "18:15:00": 194.97999999999593,
  "18:20:00": 253.5,
  "18:25:00": 108.47999999999593,
  "18:30:00": 239.24000000000524,
  "18:35:00": 206.5399999999936,
  "18:40:00": 174.48000000001048,
  "18:45:00": 145.9100000000035,
  "18:50:00": 133.6600000000035,
  "18:55:00": 152.1999999999971,
  "19:00:00": 265.2699999999895,
  "19:05:00": 160.58000000000175,
  "19:10:00": 48.50999999999476
}