{
  "00:00:00": 268.8399999999965,
  "00:15:00": 318.9100000000035,
  "00:30:00": 475.81999999999243,
  "00:45:00": 297.33000000000175,
  "01:00:00": 237.97000000000116,
  "01:15:00": 391.179999999993,
  "01:30:00": 723.7000000000116,
  "01:45:00": 360.4800000000105,
  "02:00:00": 41.520000000004075
}