{
  "00:00:00": 221.15999999998894,
  "00:15:00": 173.10000000000582,
  "00:30:00": 141.49000000000524,
  "00:45:00": 233.81000000001222,
  "01:00:00": 260.36999999999534,
  "01:15:00": 546.5099999999948,
  "01:30:00": 712.9400000000023,
  "01:45:00": 243.32000000000698,
  "02:00:00": 226.79999999998836,
  "02:15:00": 389.4799999999959,
  "02:30:00": 222.13999999999942,
  "02:45:00": 200.54999999998836,
  "03:00:00": 287.070000000007,
  "03:15:00": 279.0599999999977,
  "03:30:00": 165.36000000000058,
  "03:45:00": 138.16999999999825,
  "04:00:00": 220.38999999999942,
  "04:15:00": 119.30999999999767,
  "04:30:00": 686.7799999999988,
  "04:45:00": 141.82000000000698,
  "05:00:00": 265.4899999999907,
  "05:15:00": 319.3000000000029,
  "05:30:00": 367.1399999999994,
  "05:45:00": 374.93000000000757,
  "06:00:00": 189.73000000001048,
  "06:15:00": 211.0,
  "06:30:00": 301.429999999993,
  "06:45:00": 270.3500000000058,
  "07:00:00": 341.59999999999127,
  "07:15:00": 340.49000000000524,
  "07:30:00": 240.74000000000524,
  "07:45:00": 140.85000000000582,
  "08:00:00": 184.38999999999942,
  "08:15:00": 169.89999999999418,
  "08:30:00": 166.02999999999884,
  "08:45:00": 221.44000000000233,
  "09:00:00": 298.8500000000058,
  "09:15:00": 249.11999999999534,
  "09:30:00": 264.9499999999971,
  "09:45:00": 187.97999999999593,
  "10:00:00": 191.47999999999593,
  "10:15:00": 161.43000000000757,
  "10:30:00": 282.6399999999994,
  "10:45:00": 154.02999999999884,
  "11:00:00": 198.1600000000035,
  "11:15:00": 70.14999999999418,
  "11:30:00": 282.22000000000116,
  "11:45:00": 210.58000000000175,
  "12:00:00": 449.5500000000029,
  "12:15:00": 271.6999999999971,
  "12:30:00": 351.33000000000175,
  "12:45:00": 421.97000000000116,
  "13:00:00": 135.97000000000116,
  "13:15:00": 391.5100000000093,
  "13:30:00": 593.4700000000012,
  "13:45:00": 874.7099999999919,
  "14:00:00": 662.8699999999953,
  "14:15:00": 378.7100000000064,
  "14:30:00": 695.3600000000006,
  "14:45:00": 735.7600000000093,
  "15:00:00": 349.74000000000524,
  "15:15:00": 471.3799999999901,
  "15:30:00": 422.5899999999965,
  "15:45:00": 467.7100000000064,
  "16:00:00": 531.2400000000052,
  "16:15:00": 353.97000000000116,
  "16:30:00": 334.8099999999977,
  "16:45:00": 386.11999999999534,
  "17:00:00": 259.75,
  "17:15:00": 388.0200000000041,
  "17:30:00": 573.7899999999936,
  "17:45:00": 246.04000000000815,
  "18:00:00": 451.8500000000058,
  "18:15:00": 187.99000000000524,
  "18:30:00": 215.30999999999767,
  "18:45:00": 343.41999999999825,
  "19:00:00": 272.91999999999825,
  "19:15:00": 15.220000000001164
}