{
  "00:00:00": 301.00999999999476,
  "00:15:00": 296.68000000000757,
  "00:30:00": 288.6000000000058,
  "00:45:00": 300.4600000000064,
  "01:00:00": 613.4400000000023,
  "01:15:00": 73.36999999999534
}