{
  "00:00:00": 93.26000000000931,
  "00:05:00": 113.06999999999243,
  "00:10:00": 54.38000000000466,
  "00:15:00": 46.63000000000466,
  "00:20:00": 124.76000000000931,
  "00:25:00": 68.25999999999476,
  "00:30:00": 179.9200000000128,
  "00:35:00": 62.11999999999534,
  "00:40:00": 47.83999999999651,
  "00:45:00": 56.94000000000233,
  "00:50:00": 54.64999999999418,
  "00:55:00": 76.25,
  "01:00:00": 89.61000000000058,
  "01:05:00": 53.86000000000058,
  "01:10:00": 157.4200000000128,
  "01:15:00": 46.7899999999936,
  "01:20:00": 86.76999999998952,
  "01:25:00": 45.779999999998836,
  "01:30:00": 64.66999999999825,
  "01:35:00": 74.0,
  "01:40:00": 68.3700000000099,
  "01:45:00": 37.85000000000582,
  "01:50:00": 51.69999999999709,
  "01:55:00": 68.3799999999901,
  "02:00:00": 51.88999999999942,
  "02:05:00": 70.98000000001048,
  "02:10:00": 72.77999999999884,
  "02:15:00": 47.68000000000757,
  "02:20:00": 131.00999999999476,
  "02:25:00": 69.33000000000175,
  "02:30:00": 43.81999999999243,
  "02:35:00": 87.99000000000524,
  "02:40:00": 66.52000000000407,
  "02:45:00": 51.80999999999767,
  "02:50:00": 60.979999999995925,
  "02:55:00": 156.6600000000035,
  "03:00:00": 88.7100000000064,
  "03:05:00": 68.15999999998894,
  "03:10:00": 197.5799999999872,
  "03:15:00": 231.86000000000058,
  "03:20:00": 114.55000000000291,
  "03:25:00": 85.80000000000291,
  "03:30:00": 60.48000000001048,
  "03:35:00": 70.61000000000058,
  "03:40:00": 51.05000000000291,
  "03:45:00": 69.17999999999302,
  "03:50:00": 80.88999999999942,
  "03:55:00": 63.330000000001746,
  "04:00:00": 311.9100000000035,
  "04:05:00": 113.47999999999593,
  "04:10:00": 92.9600000000064,
  "04:15:00": 6.8399999999965075
}