{
  "00:00:00": 152.8000000000029,
  "00:05:00": 179.24000000000524,
  "00:10:00": 172.00999999999476,
  "00:15:00": 260.66999999999825,
  "00:20:00": 155.9100000000035,
  "00:25:00": 101.98000000001048,
  "00:30:00": 365.6499999999942,
  "00:35:00": 220.1600000000035,
  "00:40:00": 109.38999999999942,
  "00:45:00": 270.0,
  "00:50:00": 148.4100000000035,
  "00:55:00": 125.91000000000349,
  "01:00:00": 216.9100000000035,
  "01:05:00": 227.77999999999884,
  "01:10:00": 155.42999999999302,
  "01:15:00": 186.34000000001106,
  "01:20:00": 147.14999999999418,
  "01:25:00": 386.8999999999942,
  "01:30:00": 401.99000000000524,
  "01:35:00": 184.97000000000116,
  "01:40:00": 350.1399999999994,
  "01:45:00": 338.8099999999977,
  "01:50:00": 126.02000000000407,
  "01:55:00": 113.18000000000757,
  "02:00:00": 188.77999999999884,
  "02:05:00": 164.07000000000698,
  "02:10:00": 186.11000000000058,
  "02:15:00": 156.23000000001048,
  "02:20:00": 163.91999999999825,
  "02:25:00": 114.36000000000058,
  "02:30:00": 165.81999999999243,
  "02:35:00": 200.9100000000035,
  "02:40:00": 80.5399999999936,
  "02:45:00": 212.23000000001048,
  "02:50:00": 118.82000000000698,
  "02:55:00": 88.48999999999069,
  "03:00:00": 236.88000000000466,
  "03:05:00": 168.16999999999825,
  "03:10:00": 213.23000000001048,
  "03:15:00": 126.2100000000064,
  "03:20:00": 222.35000000000582,
  "03:25:00": 263.1900000000023,
  "03:30:00": 506.5500000000029,
  "03:35:00": 286.3099999999977,
  "03:40:00": 246.20000000001164,
  "03:45:00": 257.1100000000006,
  "03:50:00": 106.14999999999418,
  "03:55:00": 205.41999999999825,
  "04:00:00": 274.2899999999936,
  "04:05:00": 113.97000000000116,
  "04:10:00": 238.88999999999942,
  "04:15:00": 302.070000000007,
  "04:20:00": 151.13000000000466,
  "04:25:00": 96.22000000000116,
  "04:30:00": 170.50999999999476,
  "04:35:00": 194.5,
  "04:40:00": 223.5,
  "04:45:00": 110.16999999999825,
  "04:50:00": 180.90000000000873,
  "04:55:00": 85.30000000000291,
  "05:00:00": 128.38999999999942,
  "05:05:00": 161.30999999999767,
  "05:10:00": 82.06999999999243,
  "05:15:00": 146.55999999999767,
  "05:20:00": 152.97000000000116,
  "05:25:00": 193.50999999999476,
  "05:30:00": 84.88999999999942,
  "05:35:00": 283.3600000000006,
  "05:40:00": 370.50999999999476,
  "05:45:00": 200.9100000000035,
  "05:50:00": 242.04000000000815,
  "05:55:00": 169.42999999999302,
  "06:00:00": 161.3000000000029,
  "06:05:00": 121.63000000000466,
  "06:10:00": 150.82000000000698,
  "06:15:00": 135.82000000000698,
  "06:20:00": 114.41999999999825,
  "06:25:00": 74.86000000000058,
  "06:30:00": 381.77999999999884,
  "06:35:00": 183.15000000000873,
  "06:40:00": 165.9499999999971,
  "06:45:00": 161.3000000000029,
  "06:50:00": 187.36000000000058,
  "06:55:00": 81.72999999999593,
  "07:00:00": 152.54999999998836,
  "07:05:00": 142.2199999999866,
  "07:10:00": 102.22000000000116,
  "07:15:00": 87.72999999999593,
  "07:20:00": 194.44000000000233,
  "07:25:00": 287.93000000000757,
  "07:30:00": 150.1600000000035,
  "07:35:00": 103.49000000000524,
  "07:40:00": 199.11000000000058,
  "07:45:00": 663.6500000000087,
  "07:50:00": 125.33000000000175,
  "07:55:00": 394.1499999999942,
  "08:00:00": 326.22000000000116,
  "08:05:00": 344.5399999999936,
  "08:10:00": 331.5,
  "08:15:00": 185.0500000000029,
  "08:20:00": 215.73000000001048,
  "08:25:00": 117.94000000000233,
  "08:30:00": 254.67999999999302,
  "08:35:00": 90.55999999999767,
  "08:40:00": 379.99000000000524,
  "08:45:00": 781.4400000000023,
  "08:50:00": 251.39999999999418,
  "08:55:00": 504.070000000007,
  "09:00:00": 356.47000000000116,
  "09:05:00": 502.11999999999534,
  "09:10:00": 222.8399999999965,
  "09:15:00": 441.99000000000524,
  "09:20:00": 249.15999999998894,
  "09:25:00": 174.22999999999593,
  "09:30:00": 333.1399999999994,
  "09:35:00": 383.0,
  "09:40:00": 222.45999999999185,
  "09:45:00": 196.95000000001164,
  "09:50:00": 477.40000000000873,
  "09:55:00": 201.9699999999866,
  "10:00:00": 147.10000000000582,
  "10:05:00": 504.8899999999994,
  "10:10:00": 224.59000000001106,
  "10:15:00": 267.9600000000064,
  "10:20:00": 206.0500000000029,
  "10:25:00": 189.77000000000407,
  "10:30:00": 260.0399999999936,
  "10:35:00": 151.15000000000873,
  "10:40:00": 135.00999999999476,
  "10:45:00": 147.29000000000815,
  "10:50:00": 209.20000000001164,
  "10:55:00": 120.19000000000233,
  "11:00:00": 120.18000000000757,
  "11:05:00": 182.0,
  "11:10:00": 189.60000000000582,
  "11:15:00": 77.86999999999534,
  "11:20:00": 207.6999999999971,
  "11:25:00": 102.63000000000466,
  "11:30:00": 212.29000000000815,
  "11:35:00": 256.75,
  "11:40:00": 172.83000000000175,
  "11:45:00": 101.27999999999884,
  "11:50:00": 231.8000000000029,
  "11:55:00": 131.30999999999767,
  "12:00:00": 201.52000000000407,
  "12:05:00": 242.56999999999243,
  "12:10:00": 111.75999999999476,
  "12:15:00": 241.72000000000116,
  "12:20:00": 153.86000000000058,
  "12:25:00": 166.95000000001164,
  "12:30:00": 229.7100000000064,
  "12:35:00": 308.4400000000023,
  "12:40:00": 169.3299999999872,
  "12:45:00": 258.77999999999884,
  "12:50:00": 118.13000000000466,
  "12:55:00": 256.91999999999825,
  "13:00:00": 146.05999999999767,
  "13:05:00": 326.54000000000815,
  "13:10:00": 272.0500000000029,
  "13:15:00": 141.0399999999936,
  "13:20:00": 164.6999999999971,
  "13:25:00": 182.5,
  "13:30:00": 153.11999999999534,
  "13:35:00": 198.97999999999593,
  "13:40:00": 139.27000000000407,
  "13:45:00": 95.39999999999418,
  "13:50:00": 141.9899999999907,
  "13:55:00": 164.74000000000524,
  "14:00:00": 158.99000000000524,
  "14:05:00": 298.22000000000116,
  "14:10:00": 279.36999999999534,
  "14:15:00": 386.33000000000175,
  "14:20:00": 143.5399999999936,
  "14:25:00": 181.0399999999936,
  "14:30:00": 977.3199999999924,
  "14:35:00": 731.3099999999977,
  "14:40:00": 702.8199999999924,
  "14:45:00": 386.79000000000815,
  "14:50:00": 268.54999999998836,
  "14:55:00": 237.86999999999534,
  "15:00:00": 485.8500000000058,
  "15:05:00": 519.0400000000081,
  "15:10:00": 288.47000000000116,
  "15:15:00": 398.5,
  "15:20:00": 338.86999999999534,
  "15:25:00": 729.9599999999919,
  "15:30:00": 373.8600000000006,
  "15:35:00": 236.9100000000035,
  "15:40:00": 300.6399999999994,
  "15:45:00": 290.91999999999825,
  "15:50:00": 388.9600000000064,
  "15:55:00": 475.2299999999959,
  "16:00:00": 317.91999999999825,
  "16:05:00": 439.8899999999994,
  "16:10:00": 280.6000000000058,
  "16:15:00": 260.88000000000466,
  "16:20:00": 331.2100000000064,
  "16:25:00": 416.2300000000105,
  "16:30:00": 219.97000000000116,
  "16:35:00": 198.7100000000064,
  "16:40:00": 168.41999999999825,
  "16:45:00": 208.22000000000116,
  "16:50:00": 184.0,
  "16:55:00": 248.93000000000757,
  "17:00:00": 319.6399999999994,
  "17:05:00": 211.33000000000175,
  "17:10:00": 303.59000000001106,
  "17:15:00": 477.3099999999977,
  "17:20:00": 353.2899999999936,
  "17:25:00": 150.27000000000407,
  "17:30:00": 222.02000000000407,
  "17:35:00": 146.40000000000873,
  "17:40:00": 153.09000000001106,
  "17:45:00": 196.06999999999243,
  "17:50:00": 244.61000000000058,
  "17:55:00": 146.74000000000524,
  "18:00:00": 170.8000000000029,
  "18:05:00": 134.14999999999418,
  "18:10:00": 393.5899999999965,
  "18:15:00": 369.2300000000105,
  "18:20:00": 111.02000000000407,
  "18:25:00": 106.97000000000116,
  "18:30:00": 268.3999999999942,
  "18:35:00": 152.55999999999767,
  "18:40:00": 283.5,
  "18:45:00": 224.4499999999971,
  "18:50:00": 198.16999999999825,
  "18:55:00": 197.16999999999825,
  "19:00:00": 180.8399999999965,
  "19:05:00": 264.3600000000006,
  "19:10:00": 364.66999999999825,
  "19:15:00": 271.5599999999977,
  "19:20:00": 445.58000000000175,
  "19:25:00": 228.30999999999767,
  "19:30:00": 176.91999999999825,
  "19:35:00": 319.61999999999534,
  "19:40:00": 203.27999999999884,
  "19:45:00": 147.0,
  "19:50:00": 214.43000000000757,
  "19:55:00": 149.7399999999907,
  "20:00:00": 178.0100000000093,
  "20:05:00": 355.0,