{
  "00:00:00": 93.26000000000931,
  "00:05:00": 113.06999999999243,
  "00:10:00": 54.38000000000466,
  "00:15:00": 46.63000000000466,
  "00:20:00": 124.76000000000931,
  "00:25:00": 68.25999999999476,
  "00:30:00": 179.9200000000128,
  "00:35:00": 62.11999999999534,
  "00:40:00": 47.83999999999651,
  "00:45:00": 56.94000000000233,
  "00:50:00": 54.64999999999418,
  "00:55:00": 76.25,
  "01:00:00": 89.61000000000058,
  "01:05:00": 53.86000000000058,
  "01:10:00": 157.4200000000128,
  "01:15:00": 46.7899999999936,
  "01:20:00": 86.76999999998952,
  "01:25:00": 45.779999999998836,
  "01:30:00": 64.66999999999825,
  "01:35:00": 74.0,
  "01:40:00": 68.3700000000099,
  "01:45:00": 37.85000000000582,
  "01:50:00": 51.69999999999709,
  "01:55:00": 68.3799999999901,
  "02:00:00": 51.88999999999942,
  "02:05:00": 70.98000000001048,
  "02:10:00": 72.77999999999884,
  "02:15:00": 47.68000000000757,
  "02:20:00": 131.00999999999476,
  "02:25:00": 69.33000000000175,
  "02:30:00": 43.81999999999243,
  "02:35:00": 87.99000000000524,
  "02:40:00": 66.52000000000407,
  "02:45:00": 51.80999999999767,
  "02:50:00": 60.979999999995925,
  "02:55:00": 156.6600000000035,
  "03:00:00": 88.7100000000064,
  "03:05:00": 68.15999999998894,
  "03:10:00": 197.5799999999872,
  "03:15:00": 231.86000000000058,
  "03:20:00": 114.55000000000291,
  "03:25:00": 85.80000000000291,
  "03:30:00": 60.48000000001048,
  "03:35:00": 70.61000000000058,
  "03:40:00": 51.05000000000291,
  "03:45:00": 69.17999999999302,
  "03:50:00": 80.88999999999942,
  "03:55:00": 63.330000000001746,
  "04:00:00": 311.9100000000035,
  "04:05:00": 113.47999999999593,
  "04:10:00": 92.9600000000064,
  "04:15:00": 82.3799999999901,
  "04:20:00": 88.26000000000931,
  "04:25:00": 36.80999999999767,
  "04:30:00": 69.13000000000466,
  "04:35:00": 158.1999999999971,
  "04:40:00": 41.2899999999936,
  "04:45:00": 50.90999999998894,
  "04:50:00": 69.66999999999825,
  "04:55:00": 57.73000000001048,
  "05:00:00": 64.02000000000407,
  "05:05:00": 68.94000000000233,
  "05:10:00": 155.1299999999901,
  "05:15:00": 144.74000000000524,
  "05:20:00": 67.72000000000116,
  "05:25:00": 71.61999999999534,
  "05:30:00": 76.23999999999069,
  "05:35:00": 86.98999999999069,
  "05:40:00": 58.24000000000524,
  "05:45:00": 69.43000000000757,
  "05:50:00": 32.529999999998836,
  "05:55:00": 87.5799999999872,
  "06:00:00": 63.189999999987776,
  "06:05:00": 67.5399999999936,
  "06:10:00": 60.470000000001164,
  "06:15:00": 66.11999999999534,
  "06:20:00": 68.41999999999825,
  "06:25:00": 80.11999999999534,
  "06:30:00": 74.13999999999942,
  "06:35:00": 134.11999999999534,
  "06:40:00": 88.60000000000582,
  "06:45:00": 59.05000000000291,
  "06:50:00": 338.3000000000029,
  "06:55:00": 85.92999999999302,
  "07:00:00": 141.61000000000058,
  "07:05:00": 184.93000000000757,
  "07:10:00": 233.99000000000524,
  "07:15:00": 44.69999999999709,
  "07:20:00": 156.9699999999866,
  "07:25:00": 50.080000000001746,
  "07:30:00": 50.970000000001164,
  "07:35:00": 108.41999999999825,
  "07:40:00": 115.7100000000064,
  "07:45:00": 90.0,
  "07:50:00": 58.669999999998254,
  "07:55:00": 67.08000000000175,
  "08:00:00": 52.85000000000582,
  "08:05:00": 47.169999999998254,
  "08:10:00": 73.63999999999942,
  "08:15:00": 100.27000000000407,
  "08:20:00": 128.86000000000058,
  "08:25:00": 57.979999999995925,
  "08:30:00": 84.15999999998894,
  "08:35:00": 61.55000000000291,
  "08:40:00": 39.470000000001164,
  "08:45:00": 44.669999999998254,
  "08:50:00": 39.169999999998254,
  "08:55:00": 166.90000000000873,
  "09:00:00": 67.74000000000524,
  "09:05:00": 60.80999999999767,
  "09:10:00": 128.05999999999767,
  "09:15:00": 128.29999999998836,
  "09:20:00": 51.63999999999942,
  "09:25:00": 45.43000000000757,
  "09:30:00": 65.5,
  "09:35:00": 47.50999999999476,
  "09:40:00": 49.69000000000233,
  "09:45:00": 68.36000000000058,
  "09:50:00": 49.11000000000058,
  "09:55:00": 58.4600000000064,
  "10:00:00": 91.69999999999709,
  "10:05:00": 61.080000000001746,
  "10:10:00": 60.48000000001048,
  "10:15:00": 114.38999999999942,
  "10:20:00": 43.35000000000582,
  "10:25:00": 58.86000000000058,
  "10:30:00": 65.74000000000524,
  "10:35:00": 82.14999999999418,
  "10:40:00": 49.080000000001746,
  "10:45:00": 52.09000000001106,
  "10:50:00": 74.99000000000524,
  "10:55:00": 53.00999999999476,
  "11:00:00": 34.329999999987194,
  "11:05:00": 76.0,
  "11:10:00": 312.6600000000035,
  "11:15:00": 118.33000000000175,
  "11:20:00": 105.19999999999709,
  "11:25:00": 54.729999999995925,
  "11:30:00": 73.55000000000291,
  "11:35:00": 42.25999999999476,
  "11:40:00": 68.49000000000524,
  "11:45:00": 60.070000000006985,
  "11:50:00": 41.25,
  "11:55:00": 69.91000000000349,
  "12:00:00": 82.80000000000291,
  "12:05:00": 111.70000000001164,
  "12:10:00": 42.079999999987194,
  "12:15:00": 65.24000000000524,
  "12:20:00": 40.26000000000931,
  "12:25:00": 91.44000000000233,
  "12:30:00": 39.43000000000757,
  "12:35:00": 43.420000000012806,
  "12:40:00": 89.40000000000873,
  "12:45:00": 78.5399999999936,
  "12:50:00": 86.77999999999884,
  "12:55:00": 51.5,
  "13:00:00": 76.19999999999709,
  "13:05:00": 126.22000000000116,
  "13:10:00": 46.80000000000291,
  "13:15:00": 112.55000000000291,
  "13:20:00": 47.330000000001746,
  "13:25:00": 83.80000000000291,
  "13:30:00": 89.30999999999767,
  "13:35:00": 149.83000000000175,
  "13:40:00": 75.91000000000349,
  "13:45:00": 69.16999999999825,
  "13:50:00": 48.13999999999942,
  "13:55:00": 39.529999999998836,
  "14:00:00": 176.22999999999593,
  "14:05:00": 154.88999999999942,
  "14:10:00": 156.63000000000466,
  "14:15:00": 106.92999999999302,
  "14:20:00": 65.83999999999651,
  "14:25:00": 40.429999999993015,
  "14:30:00": 30.320000000006985,
  "14:35:00": 263.1499999999942,
  "14:40:00": 71.0,
  "14:45:00": 78.36999999999534,
  "14:50:00": 73.61000000000058,
  "14:55:00": 35.220000000001164,
  "15:00:00": 78.52999999999884,
  "15:05:00": 70.42999999999302,
  "15:10:00": 2.389999999999418
}