{
  "00:00:00": 152.8000000000029,
  "00:05:00": 179.24000000000524,
  "00:10:00": 172.00999999999476,
  "00:15:00": 260.66999999999825,
  "00:20:00": 155.9100000000035,
  "00:25:00": 101.98000000001048,
  "00:30:00": 365.6499999999942,
  "00:35:00": 220.1600000000035,
  "00:40:00": 109.38999999999942,
  "00:45:00": 270.0,
  "00:50:00": 148.4100000000035,
  "00:55:00": 125.91000000000349,
  "01:00:00": 216.9100000000035,
  "01:05:00": 227.77999999999884,
  "01:10:00": 155.42999999999302,
  "01:15:00": 24.45000000001164
}