{
  "00:00:00": 224.27000000000407,
  "00:05:00": 181.52000000000407,
  "00:10:00": 162.0,
  "00:15:00": 229.77999999999884,
  "00:20:00": 158.3000000000029,
  "00:25:00": 245.8700000000099,
  "00:30:00": 84.57000000000698,
  "00:35:00": 163.4499999999971,
  "00:40:00": 233.60000000000582,
  "00:45:00": 140.3399999999965,
  "00:50:00": 239.72999999999593,
  "00:55:00": 135.89999999999418,
  "01:00:00": 133.38000000000466,
  "01:05:00": 353.3500000000058,
  "01:10:00": 371.0,
  "01:15:00": 232.74000000000524,
  "01:20:00": 293.4400000000023,
  "01:25:00": 138.1299999999901,
  "01:30:00": 209.94000000000233,
  "01:35:00": 108.19999999999709,
  "01:40:00": 287.8099999999977,
  "01:45:00": 127.11000000000058,
  "01:50:00": 158.61999999999534,
  "01:55:00": 152.61000000000058,
  "02:00:00": 192.41999999999825,
  "02:05:00": 242.43000000000757,
  "02:10:00": 24.730000000010477
}