{
  "00:00:00": 158.1600000000035,
  "00:15:00": 147.63000000000466,
  "00:30:00": 179.9200000000128,
  "00:45:00": 76.7899999999936,
  "01:00:00": 162.88999999999942,
  "01:15:00": 8.270000000004075
}