{
  "00:00:00": -227.99000000000524,
  "00:15:00": 186.40999999998894,
  "00:30:00": -325.2300000000105,
  "00:45:00": 135.2399999999907,
  "01:00:00": 27.360000000000582,
  "01:15:00": 113.22999999999593,
  "01:30:00": 474.5599999999977,
  "01:45:00": -298.6299999999901,
  "02:00:00": -188.22999999999593,
  "02:15:00": -137.88999999999942,
  "02:30:00": 56.84999999999127,
  "02:45:00": 191.41999999999825,
  "03:00:00": -61.330000000001746,
  "03:15:00": -276.5500000000029,
  "03:30:00": -420.0200000000041,
  "03:45:00": 158.33000000000175,
  "04:00:00": 84.49000000000524,
  "04:15:00": -226.43000000000757,
  "04:30:00": 52.99000000000524,
  "04:45:00": 151.0,
  "05:00:00": 121.68999999998778,
  "05:15:00": -90.55999999999767,
  "05:30:00": 374.97000000000116,
  "05:45:00": 8.160000000003492,
  "06:00:00": -19.470000000001164,
  "06:15:00": -67.90000000000873,
  "06:30:00": 551.7700000000041,
  "06:45:00": -171.64999999999418,
  "07:00:00": -97.25,
  "07:15:00": 364.91999999999825,
  "07:30:00": 194.0,
  "07:45:00": 535.6000000000058,
  "08:00:00": -62.26000000000931,
  "08:15:00": -117.0399999999936,
  "08:30:00": 578.4899999999907,
  "08:45:00": 1124.520000000004,
  "09:00:00": 30.720000000001164
}