{
  "00:00:00": 133.4100000000035,
  "00:15:00": -102.93000000000757,
  "00:30:00": -15.639999999999418,
  "00:45:00": 85.41999999999825,
  "01:00:00": -183.39999999999418,
  "01:15:00": -344.179999999993,
  "01:30:00": 703.25,
  "01:45:00": 89.99000000000524,
  "02:00:00": 71.92999999999302,
  "02:15:00": 8.169999999998254,
  "02:30:00": 12.209999999991851,
  "02:45:00": -101.83000000000175,
  "03:00:00": -181.55999999999767,
  "03:15:00": 112.80999999999767,
  "03:30:00": -88.36999999999534,
  "03:45:00": -9.30000000000291,
  "04:00:00": -166.85000000000582,
  "04:15:00": -46.33999999999651,
  "04:30:00": -345.75,
  "04:45:00": 90.20999999999185,
  "05:00:00": -72.47999999999593,
  "05:15:00": -139.9499999999971,
  "05:30:00": -197.88000000000466,
  "05:45:00": 227.43000000000757,
  "06:00:00": -127.08000000000175,
  "06:15:00": 114.38000000000466,
  "06:30:00": 247.88999999999942,
  "06:45:00": -69.36999999999534,
  "07:00:00": -42.05999999999767,
  "07:15:00": 301.84999999999127,
  "07:30:00": 216.98000000001048,
  "07:45:00": -6.490000000005239,
  "08:00:00": -124.47000000000116,
  "08:15:00": -8.0,
  "08:30:00": -17.239999999990687,
  "08:45:00": -125.27999999999884,
  "09:00:00": -220.36000000000058,
  "09:15:00": -166.50999999999476,
  "09:30:00": 137.8000000000029,
  "09:45:00": 14.39999999999418,
  "10:00:00": 122.15000000000873,
  "10:15:00": 85.17999999999302,
  "10:30:00": -213.11000000000058,
  "10:45:00": -28.75,
  "11:00:00": 28.75999999999476,
  "11:15:00": -6.419999999998254,
  "11:30:00": -167.09999999999127,
  "11:45:00": -172.26999999998952,
  "12:00:00": -284.6999999999971,
  "12:15:00": 20.160000000003492
}