{
  "00:00:00": 38.24000000000524,
  "00:15:00": 126.51000000000931,
  "00:30:00": 82.30000000000291,
  "00:45:00": -145.36999999999534,
  "01:00:00": 370.6499999999942,
  "01:15:00": -185.57000000000698,
  "01:30:00": -293.45999999999185,
  "01:45:00": -113.36999999999534,
  "02:00:00": 264.179999999993,
  "02:15:00": 43.7100000000064
}