{
  "00:00:00": 16.89999999999418,
  "00:05:00": -10.0,
  "00:10:00": -20.369999999995343
}