{
  "10:30:00": 40.13000000000466,
  "10:35:00": 38.20999999999185,
  "10:40:00": 3.0,
  "10:45:00": -51.330000000001746,
  "10:50:00": -110.85000000000582,
  "10:55:00": 53.720000000001164,
  "11:00:00": 31.80999999999767,
  "11:05:00": 36.91000000000349,
  "11:10:00": 10.55000000000291,
  "11:15:00": -31.69999999999709,
  "11:20:00": 21.910000000003492,
  "11:25:00": -65.02999999999884,
  "11:30:00": 7.569999999992433,
  "11:35:00": -153.75999999999476,
  "11:40:00": -26.019999999989523,
  "11:45:00": 16.69999999999709,
  "11:50:00": -170.2100000000064,
  "11:55:00": -21.40000000000873,
  "12:00:00": -53.7100000000064,
  "12:05:00": 102.67999999999302,
  "12:10:00": 21.74000000000524,
  "12:15:00": -53.54000000000815,
  "12:20:00": 123.83000000000175,
  "12:25:00": 34.10000000000582,
  "12:30:00": -31.830000000001746,
  "12:35:00": 1.9800000000104774,
  "12:40:00": -34.78000000001339,
  "12:45:00": -54.95999999999185,
  "12:50:00": -29.319999999992433,
  "12:55:00": -8.540000000008149,
  "13:00:00": -77.41000000000349,
  "13:05:00": -93.02000000000407,
  "13:10:00": 45.470000000001164,
  "13:15:00": -167.6200000000099,
  "13:20:00": -59.99000000000524,
  "13:25:00": 4.759999999994761,
  "13:30:00": 77.31000000001222,
  "13:35:00": -143.5500000000029,
  "13:40:00": -143.86000000000058,
  "13:45:00": -142.97000000000116,
  "13:50:00": 158.90000000000873,
  "13:55:00": -66.49000000000524,
  "14:00:00": -39.15000000000873,
  "14:05:00": 95.27999999999884,
  "14:10:00": 78.34999999999127,
  "14:15:00": -120.32000000000698,
  "14:20:00": 81.0,
  "14:25:00": -19.99000000000524,
  "14:30:00": -237.68000000000757,
  "14:35:00": 365.6600000000035,
  "14:40:00": 160.88999999999942,
  "14:45:00": -3.0900000000110595,
  "14:50:00": 202.4600000000064,
  "14:55:00": -37.779999999998836,
  "15:00:00": 185.7399999999907,
  "15:05:00": -223.4600000000064,
  "15:10:00": -312.33000000000175,
  "15:15:00": 96.18000000000757,
  "15:20:00": 29.729999999995925,
  "15:25:00": -30.05999999999767
}