{
  "00:00:00": -15.740000000005239,
  "00:05:00": -44.849999999998545,
  "00:10:00": -83.17000000000553,
  "00:15:00": 124.09000000000378,
  "00:20:00": 3.4799999999959255,
  "00:25:00": -79.98999999999796,
  "00:30:00": 74.87000000000262,
  "00:35:00": 140.45999999999913,
  "00:40:00": 78.87999999999738,
  "00:45:00": -34.0,
  "00:50:00": 60.94000000000233,
  "00:55:00": -66.79000000000087,
  "01:00:00": 72.48999999999796,
  "01:05:00": 135.8000000000029,
  "01:10:00": 1169.1299999999974,
  "01:15:00": 280.4100000000035,
  "01:20:00": 166.4100000000035,
  "01:25:00": -92.15999999998894,
  "01:30:00": 51.38999999999942,
  "01:35:00": 148.6600000000035,
  "01:40:00": -333.54000000000815,
  "01:45:00": 212.32000000000698,
  "01:50:00": -140.81000000001222,
  "01:55:00": 0.029999999998835847,
  "02:00:00": 45.94000000000233,
  "02:05:00": 141.00999999999476,
  "02:10:00": 153.47999999999593,
  "02:15:00": -100.65999999998894,
  "02:20:00": -49.86999999999534,
  "02:25:00": 27.569999999992433,
  "02:30:00": -164.77999999999884,
  "02:35:00": 5.190000000002328,
  "02:40:00": -19.69999999999709,
  "02:45:00": 44.05000000000291,
  "02:50:00": -31.510000000009313,
  "02:55:00": -64.36999999999534,
  "03:00:00": -29.389999999999418,
  "03:05:00": -37.41000000000349,
  "03:10:00": -34.0,
  "03:15:00": -262.0199999999895,
  "03:20:00": -26.139999999999418,
  "03:25:00": 28.889999999999418,
  "03:30:00": -46.5199999999968,
  "03:35:00": -52.26000000000204,
  "03:40:00": -17.25,
  "03:45:00": -57.86999999999534,
  "03:50:00": 18.57999999999447,
  "03:55:00": -34.70999999999913,
  "04:00:00": -93.01000000000204,
  "04:05:00": 26.459999999999127,
  "04:10:00": 115.23999999999796,
  "04:15:00": 46.669999999998254,
  "04:20:00": 83.22999999999593,
  "04:25:00": 19.119999999995343,
  "04:30:00": -7.490000000005239,
  "04:35:00": 25.929999999993015,
  "04:40:00": 18.480000000010477,
  "04:45:00": -79.49000000000524,
  "04:50:00": -89.79000000000087,
  "04:55:00": -5.4799999999959255,
  "05:00:00": 0.010000000002037268,
  "05:05:00": 4.610000000000582,
  "05:10:00": -124.0,
  "05:15:00": -28.349999999998545,
  "05:20:00": -115.59000000000378,
  "05:25:00": 2.860000000000582,
  "05:30:00": -167.63999999999942,
  "05:35:00": -130.5,
  "05:40:00": -66.55999999999767,
  "05:45:00": 102.45999999999913,
  "05:50:00": -19.69999999999709,
  "05:55:00": -35.36999999999534,
  "06:00:00": 101.19999999999709,
  "06:05:00": 3.650000000001455,
  "06:10:00": -5.889999999999418,
  "06:15:00": 2.5900000000037835,
  "06:20:00": 81.81999999999971,
  "06:25:00": -59.98999999999796,
  "06:30:00": 45.93000000000029,
  "06:35:00": 26.80999999999767,
  "06:40:00": -3.319999999999709,
  "06:45:00": -63.65999999999622,
  "06:50:00": -127.75999999999476,
  "06:55:00": -4.040000000000873,
  "07:00:00": -9.230000000003201,
  "07:05:00": 74.04999999999563,
  "07:10:00": 63.729999999995925,
  "07:15:00": 86.00999999999476,
  "07:20:00": -67.06000000000495,
  "07:25:00": 62.55000000000291,
  "07:30:00": 33.029999999998836,
  "07:35:00": -123.25,
  "07:40:00": -71.77999999999884,
  "07:45:00": 18.05000000000291,
  "07:50:00": 62.700000000004366,
  "07:55:00": -1.3400000000037835,
  "08:00:00": -42.11999999999534,
  "08:05:00": 32.32999999999447,
  "08:10:00": 0.22000000000116415,
  "08:15:00": 62.13000000000466,
  "08:20:00": 139.45999999999913,
  "08:25:00": -33.11999999999534,
  "08:30:00": 119.27000000000407,
  "08:35:00": 111.94999999999709,
  "08:40:00": 7.940000000002328,
  "08:45:00": 2.1299999999973807,
  "08:50:00": 147.61000000000058,
  "08:55:00": -54.03000000000611,
  "09:00:00": 63.32999999999447,
  "09:05:00": -51.23999999999796,
  "09:10:00": 17.220000000001164,
  "09:15:00": 26.630000000004657,
  "09:20:00": -15.89999999999418,
  "09:25:00": 6.070000000006985,
  "09:30:00": -41.220000000001164,
  "09:35:00": -62.38000000000466,
  "09:40:00": -0.47999999999592546,
  "09:45:00": 70.27999999999884,
  "09:50:00": 20.540000000000873,
  "09:55:00": -2.75,
  "10:00:00": -34.93000000000757,
  "10:05:00": 30.250000000007276,
  "10:10:00": 22.629999999990105,
  "10:15:00": -66.64999999999418,
  "10:20:00": -112.09000000000378,
  "10:25:00": -21.30000000000291,
  "10:30:00": 10.92000000000553,
  "10:35:00": 29.910000000003492,
  "10:40:00": 18.290000000000873,
  "10:45:00": 57.43000000000029,
  "10:50:00": -80.56999999999971,
  "10:55:00": -2.680000000000291,
  "11:00:00": -50.84000000000378,
  "11:05:00": -54.60000000000582,
  "11:10:00": -55.18999999999505,
  "11:15:00": -49.580000000001746,
  "11:20:00": 138.12000000000262,
  "11:25:00": 22.849999999998545,
  "11:30:00": 5.0200000000040745,
  "11:35:00": 106.79999999999563,
  "11:40:00": -35.229999999995925,
  "11:45:00": -37.979999999995925,
  "11:50:00": 30.660000000003492,
  "11:55:00": -5.580000000001746,
  "12:00:00": -4.019999999996799,
  "12:05:00": 60.849999999998545,
  "12:10:00": 24.25,
  "12:15:00": 215.34999999999854,
  "12:20:00": 81.52999999999884,
  "12:25:00": -24.5,
  "12:30:00": 23.879999999990105,
  "12:35:00": -23.94000000000233,
  "12:40:00": 63.76000000000931,
  "12:45:00": 179.58000000000175,
  "12:50:00": 114.55999999999767,
  "12:55:00": -58.879999999990105,
  "13:00:00": 47.779999999998836,
  "13:05:00": -5.350000000005821,
  "13:10:00": -66.52999999999884,
  "13:15:00": 48.09999999999127,
  "13:20:00": 10.65999999998894,
  "13:25:00": 73.30000000000291,
  "13:30:00": 2.429999999993015,
  "13:35:00": 85.57000000000698,
  "13:40:00": 40.19999999999709,
  "13:45:00": 333.29000000000815,
  "13:50:00": -336.4800000000105,
  "13:55:00": -61.19000000000233,
  "14:00:00": 58.55000000000291,
  "14:05:00": 132.52999999999884,
  "14:10:00": 44.23000000001048,
  "14:15:00": 21.210000000006403,
  "14:20:00": 61.75,
  "14:25:00": 16.470000000001164,
  "14:30:00": -30.770000000004075,
  "14:35:00": -302.8700000000099,
  "14:40:00": 6.4799999999959255,
  "14:45:00": 548.5899999999965,
  "14:50:00": -98.64000000001397,
  "14:55:00": 279.6399999999994,
  "15:00:00": 150.14999999999418,
  "15:05:00": -285.84999999999127,
  "15:10:00": 21.229999999995925,
  "15:15:00": 3.039999999993597,
  "15:20:00": 18.889999999999418,
  "15:25:00": 202.8700000000099,
  "15:30:00": 171.0,
  "15:35:00": 76.32000000000698,
  "15:40:00": 195.33000000000175,
  "15:45:00": 1.3399999999965075,
  "15:50:00": -190.99000000000524,
  "15:55:00": 80.97999999999593,
  "16:00:00": 43.270000000004075,
  "16:05:00": 25.119999999995343,
  "16:10:00": 125.05000000000291,
  "16:15:00": 235.8700000000099,
  "16:20:00": 177.27000000000407,
  "16:25:00": -134.04000000000815,
  "16:30:00": -17.94999999999709,
  "16:35:00": 31.389999999999418,
  "16:40:00": 62.5399999999936,
  "16:45:00": 155.94000000000233,
  "16:50:00": -65.19000000000233,
  "16:55:00": 275.16999999999825,
  "17:00:00": -102.5,
  "17:05:00": 93.75999999999476,
  "17:10:00": 223.25999999999476,
  "17:15:00": -221.3299999999872,
  "17:20:00": 376.83000000000175,
  "17:25:00": -85.16000000000349,
  "17:30:00": -65.31999999999243,
  "17:35:00": 78.82000000000698,
  "17:40:00": 175.80999999999767,
  "17:45:00": -16.55999999999767,
  "17:50:00": -18.060000000012224,
  "17:55:00": -70.0,
  "18:00:00": -228.11999999999534,
  "18:05:00": 304.20999999999185,
  "18:10:00": 110.63999999999942,
  "18:15:00": -50.91000000000349,
  "18:20:00": 127.36000000000058,
  "18:25:00": 402.679999999993,
  "18:30:00": -33.85000000000582,
  "18:35:00": 142.69000000000233,
  "18:40:00": 23.94999999999709,
  "18:45:00": -170.40000000000873,
  "18:50:00": 16.24000000000524,
  "18:55:00": 20.05000000000291,
  "19:00:00": -194.08000000000175,
  "19:05:00": -96.13999999999942,
  "19:10:00": -126.82000000000698,
  "19:15:00": -33.31999999999243,
  "19:20:00": 220.47999999999593,
  "19:25:00": -124.25,
  "19:30:00": -159.57000000000698,
  "19:35:00": 45.929999999993015,
  "19:40:00": 29.810000000012224,
  "19:45:00": 180.79999999998836,
  "19:50:00": -24.229999999995925,
  "19:55:00": -14.710000000006403,