{
  "00:00:00": -227.99000000000524,
  "00:15:00": 186.40999999998894,
  "00:30:00": -325.2300000000105,
  "00:45:00": 135.2399999999907,
  "01:00:00": 27.360000000000582,
  "01:15:00": 113.22999999999593,
  "01:30:00": 474.5599999999977,
  "01:45:00": -298.6299999999901,
  "02:00:00": -188.22999999999593,
  "02:15:00": -137.88999999999942,
  "02:30:00": 56.84999999999127,
  "02:45:00": 191.41999999999825,
  "03:00:00": -61.330000000001746,
  "03:15:00": -276.5500000000029,
  "03:30:00": -420.0200000000041,
  "03:45:00": 158.33000000000175,
  "04:00:00": 84.49000000000524,
  "04:15:00": -226.43000000000757,
  "04:30:00": 52.99000000000524,
  "04:45:00": 151.0,
  "05:00:00": 121.68999999998778,
  "05:15:00": -90.55999999999767,
  "05:30:00": 374.97000000000116,
  "05:45:00": 8.160000000003492,
  "06:00:00": -19.470000000001164,
  "06:15:00": -67.90000000000873,
  "06:30:00": 551.7700000000041,
  "06:45:00": -171.64999999999418,
  "07:00:00": -97.25,
  "07:15:00": 364.91999999999825,
  "07:30:00": 194.0,
  "07:45:00": 535.6000000000058,
  "08:00:00": -62.26000000000931,
  "08:15:00": -117.0399999999936,
  "08:30:00": 578.4899999999907,
  "08:45:00": 1124.520000000004,
  "09:00:00": 68.7100000000064,
  "09:15:00": 230.82000000000698,
  "09:30:00": 450.58000000000175,
  "09:45:00": -248.00999999999476,
  "10:00:00": 138.30999999999767,
  "10:15:00": -132.72000000000116,
  "10:30:00": -210.93000000000757,
  "10:45:00": 30.270000000004075,
  "11:00:00": 79.47999999999593,
  "11:15:00": -192.61999999999534,
  "11:30:00": -117.76000000000931,
  "11:45:00": -8.669999999998254,
  "12:00:00": -224.5500000000029,
  "12:15:00": -250.68000000000757,
  "12:30:00": 336.1399999999994,
  "12:45:00": 375.1100000000006,
  "13:00:00": -45.7899999999936,
  "13:15:00": 57.25,
  "13:30:00": 85.54999999998836,
  "13:45:00": 43.90000000000873,
  "14:00:00": 319.27999999999884,
  "14:15:00": -54.779999999998836,
  "14:30:00": -315.6200000000099,
  "14:45:00": 218.5,
  "15:00:00": 368.0200000000041,
  "15:15:00": 990.0099999999948,
  "15:30:00": -275.11999999999534,
  "15:45:00": 692.820000000007,
  "16:00:00": -541.4300000000076,
  "16:15:00": 116.38999999999942,
  "16:30:00": 198.0,
  "16:45:00": 149.61000000000058,
  "17:00:00": 252.25999999999476,
  "17:15:00": -491.0,
  "17:30:00": 79.07000000000698,
  "17:45:00": 67.91000000000349,
  "18:00:00": -170.84999999999127,
  "18:15:00": 375.52999999999884,
  "18:30:00": 99.77999999999884,
  "18:45:00": 173.5100000000093,
  "19:00:00": -13.5
}