{
  "00:00:00": 11.760000000009313,
  "00:05:00": 97.70999999999185,
  "00:10:00": -6.029999999998836,
  "00:15:00": 19.029999999998836,
  "00:20:00": -14.700000000011642,
  "00:25:00": -6.94999999999709,
  "00:30:00": 92.05999999999767,
  "00:35:00": -15.129999999990105,
  "00:40:00": 2.0100000000093132,
  "00:45:00": 16.039999999993597,
  "00:50:00": 39.44000000000233,
  "00:55:00": -76.25,
  "01:00:00": 58.86999999999534,
  "01:05:00": -11.55000000000291,
  "01:10:00": -93.08000000000175,
  "01:15:00": 8.270000000004075
}