{
  "00:00:00": 38.24000000000524,
  "00:15:00": 126.51000000000931,
  "00:30:00": 82.30000000000291,
  "00:45:00": -145.36999999999534,
  "01:00:00": 370.6499999999942,
  "01:15:00": -185.57000000000698,
  "01:30:00": -293.45999999999185,
  "01:45:00": -113.36999999999534,
  "02:00:00": 264.179999999993,
  "02:15:00": -95.38000000000466,
  "02:30:00": -358.4799999999959,
  "02:45:00": 146.47000000000116,
  "03:00:00": 117.52999999999884,
  "03:15:00": -86.80000000000291,
  "03:30:00": -184.6999999999971,
  "03:45:00": 148.02999999999884,
  "04:00:00": 169.43000000000757,
  "04:15:00": -2.5599999999976717
}