{
  "00:00:00": 128.41999999999825,
  "00:05:00": 116.91999999999825,
  "00:10:00": -35.16000000000349,
  "00:15:00": -53.679999999993015,
  "00:20:00": 90.41999999999825,
  "00:25:00": -84.73000000001048,
  "00:30:00": 53.970000000001164,
  "00:35:00": 139.16999999999825,
  "00:40:00": 487.6000000000058,
  "00:45:00": -44.919999999998254,
  "00:50:00": -26.0,
  "00:55:00": -39.56999999999243,
  "01:00:00": 28.05999999999767,
  "01:05:00": 210.68000000000757,
  "01:10:00": 173.55999999999767,
  "01:15:00": -121.85000000000582,
  "01:20:00": -210.95999999999185,
  "01:25:00": -33.439999999987776,
  "01:30:00": 36.720000000001164,
  "01:35:00": 29.00999999999476,
  "01:40:00": -54.35000000000582,
  "01:45:00": -86.69999999999709,
  "01:50:00": 124.41000000000349,
  "01:55:00": -80.29000000000815,
  "02:00:00": 16.44000000000233,
  "02:05:00": -368.7299999999959,
  "02:10:00": -83.52000000000407,
  "02:15:00": -7.929999999993015,
  "02:20:00": 137.34999999999127,
  "02:25:00": -28.60000000000582,
  "02:30:00": 131.44000000000233,
  "02:35:00": 72.66999999999825,
  "02:40:00": -87.66000000000349,
  "02:45:00": -85.25999999999476,
  "02:50:00": 11.320000000006985,
  "02:55:00": 27.0,
  "03:00:00": -106.22000000000116,
  "03:05:00": 187.00999999999476,
  "03:10:00": 126.49000000000524,
  "03:15:00": 136.42999999999302,
  "03:20:00": 134.8000000000029,
  "03:25:00": 15.60999999998603,
  "03:30:00": -27.29999999998836,
  "03:35:00": 122.63000000000466,
  "03:40:00": 13.239999999990687,
  "03:45:00": 7.4799999999959255,
  "03:50:00": -18.879999999990105,
  "03:55:00": -53.979999999995925,
  "04:00:00": -83.20999999999185,
  "04:05:00": -9.270000000004075,
  "04:10:00": 20.14999999999418,
  "04:15:00": -27.860000000000582,
  "04:20:00": 61.169999999998254,
  "04:25:00": 160.80999999999767,
  "04:30:00": -8.710000000006403,
  "04:35:00": -87.00999999999476,
  "04:40:00": -25.25,
  "04:45:00": -147.5,
  "04:50:00": 83.91999999999825,
  "04:55:00": 119.28000000001339,
  "05:00:00": -178.61999999999534,
  "05:05:00": -37.529999999998836,
  "05:10:00": 56.520000000004075,
  "05:15:00": 47.69999999999709,
  "05:20:00": -128.0,
  "05:25:00": 46.86000000000058,
  "05:30:00": 74.27000000000407,
  "05:35:00": -0.9000000000087311,
  "05:40:00": 225.52000000000407,
  "05:45:00": -77.08000000000175,
  "05:50:00": -66.33000000000175,
  "05:55:00": -96.97000000000116,
  "06:00:00": -141.17999999999302,
  "06:05:00": -38.570000000006985,
  "06:10:00": 52.59000000001106,
  "06:15:00": -380.3700000000099,
  "06:20:00": -85.61000000000058,
  "06:25:00": 131.35000000000582,
  "06:30:00": 30.25999999999476,
  "06:35:00": -70.21999999998661,
  "06:40:00": 29.279999999998836,
  "06:45:00": -99.93000000000757,
  "06:50:00": 1.4100000000034925,
  "06:55:00": 38.89999999999418,
  "07:00:00": -235.29999999998836,
  "07:05:00": -299.1900000000023,
  "07:10:00": 25.24000000000524,
  "07:15:00": -143.69000000000233,
  "07:20:00": 190.97000000000116,
  "07:25:00": 44.83999999999651,
  "07:30:00": 5.819999999992433,
  "07:35:00": 188.66999999999825,
  "07:40:00": -14.190000000002328,
  "07:45:00": -19.869999999995343,
  "07:50:00": -21.80999999999767,
  "07:55:00": 83.36000000000058,
  "08:00:00": -190.2899999999936,
  "08:05:00": 74.80999999999767,
  "08:10:00": 158.07000000000698,
  "08:15:00": -79.50999999999476,
  "08:20:00": -211.94000000000233,
  "08:25:00": -31.339999999996508,
  "08:30:00": 50.64999999999418,
  "08:35:00": 135.5399999999936,
  "08:40:00": 59.38000000000466,
  "08:45:00": 73.83999999999651,
  "08:50:00": 162.00999999999476,
  "08:55:00": 71.77999999999884,
  "09:00:00": -57.370000000009895,
  "09:05:00": 132.69000000000233,
  "09:10:00": 37.66000000000349,
  "09:15:00": 150.57000000000698,
  "09:20:00": -39.560000000012224,
  "09:25:00": -96.97999999999593,
  "09:30:00": 66.13000000000466,
  "09:35:00": -82.69999999999709,
  "09:40:00": -8.779999999998836,
  "09:45:00": -35.570000000006985,
  "09:50:00": -62.629999999990105,
  "09:55:00": -126.19999999999709,
  "10:00:00": 123.2899999999936,
  "10:05:00": 21.439999999987776,
  "10:10:00": -167.55999999999767,
  "10:15:00": 23.49000000000524,
  "10:20:00": 51.419999999998254,
  "10:25:00": 41.00999999999476,
  "10:30:00": 34.89999999999418,
  "10:35:00": 95.02000000000407,
  "10:40:00": -96.17999999999302,
  "10:45:00": -3.9799999999959255,
  "10:50:00": -73.58999999999651,
  "10:55:00": 108.11000000000058,
  "11:00:00": -32.929999999993015,
  "11:05:00": -173.38999999999942,
  "11:10:00": -19.480000000010477,
  "11:15:00": 59.36999999999534,
  "11:20:00": 40.18000000000757,
  "11:25:00": -117.0799999999872,
  "11:30:00": 9.479999999995925,
  "11:35:00": 128.48000000001048,
  "11:40:00": 80.36000000000058,
  "11:45:00": 57.30999999999767,
  "11:50:00": -99.55999999999767,
  "11:55:00": 105.5799999999872,
  "12:00:00": 12.400000000008731,
  "12:05:00": -25.889999999999418,
  "12:10:00": 8.080000000001746,
  "12:15:00": -127.52000000000407,
  "12:20:00": -109.43000000000757,
  "12:25:00": 23.64999999999418,
  "12:30:00": -16.029999999998836,
  "12:35:00": -75.44000000000233,
  "12:40:00": -56.11999999999534,
  "12:45:00": 16.80000000000291,
  "12:50:00": -9.330000000001746,
  "12:55:00": -33.13999999999942,
  "13:00:00": -76.8700000000099,
  "13:05:00": -35.44999999999709,
  "13:10:00": 8.559999999997672,
  "13:15:00": 95.63999999999942,
  "13:20:00": 96.47000000000116,
  "13:25:00": -235.38999999999942,
  "13:30:00": 23.09999999999127,
  "13:35:00": -103.91999999999825,
  "13:40:00": -148.27000000000407,
  "13:45:00": -109.01000000000204,
  "13:50:00": -54.98999999999796,
  "13:55:00": 11.529999999998836,
  "14:00:00": -23.039999999993597,
  "14:05:00": 112.31999999999971,
  "14:10:00": 24.830000000009022,
  "14:15:00": -65.8900000000067,
  "14:20:00": -10.37000000000262,
  "14:25:00": 105.19000000000233,
  "14:30:00": 680.7799999999988,
  "14:35:00": 93.77999999999884,
  "14:40:00": 283.3500000000058,
  "14:45:00": 371.52999999999884,
  "14:50:00": -16.04000000000815,
  "14:55:00": 209.36999999999534,
  "15:00:00": 101.22000000000116,
  "15:05:00": 484.8600000000006,
  "15:10:00": 677.2599999999948,
  "15:15:00": -51.330000000001746,
  "15:20:00": 266.8999999999942,
  "15:25:00": -76.08000000000175,
  "15:30:00": 311.91999999999825,
  "15:35:00": 575.0099999999948,
  "15:40:00": 93.77999999999884,
  "15:45:00": -263.9399999999878,
  "15:50:00": -327.0500000000029,
  "15:55:00": 176.45999999999185,
  "16:00:00": 141.42999999999302,
  "16:05:00": 476.40000000000873,
  "16:10:00": -71.61999999999534,
  "16:15:00": -202.50999999999476,
  "16:20:00": 124.5399999999936,
  "16:25:00": -198.54999999998836,
  "16:30:00": -104.58000000000175,
  "16:35:00": -100.80000000000291,
  "16:40:00": 671.8600000000006,
  "16:45:00": -22.939999999987776,
  "16:50:00": -192.6200000000099,
  "16:55:00": -190.02999999999884,
  "17:00:00": 114.38999999999942,
  "17:05:00": -253.75,
  "17:10:00": 111.89999999999418,
  "17:15:00": -139.3000000000029,
  "17:20:00": 123.52000000000407,
  "17:25:00": -10.290000000008149,
  "17:30:00": -113.54999999998836,
  "17:35:00": -192.49000000000524,
  "17:40:00": -261.9200000000128,
  "17:45:00": 115.19000000000233,
  "17:50:00": 208.29000000000815,
  "17:55:00": 29.389999999999418,
  "18:00:00": -253.33000000000175,
  "18:05:00": 94.22999999999593,
  "18:10:00": 158.01999999998952,
  "18:15:00": -181.24000000000524,
  "18:20:00": 31.660000000003492,
  "18:25:00": 60.39999999999418,
  "18:30:00": 94.47000000000116,
  "18:35:00": -131.84999999999127,
  "18:40:00": 67.30999999999767,
  "18:45:00": -16.779999999998836,
  "18:50:00": -73.19000000000233,
  "18:55:00": -153.13000000000466,
  "19:00:00": 9.740000000005239,
  "19:05:00": -118.41999999999825,
  "19:10:00": -25.430000000007567,
  "19:15:00": 115.36999999999534,
  "19:20:00": -26.05000000000291,
  "19:25:00": -19.830000000001746,
  "19:30:00": 78.89999999999418,
  "19:35:00": -32.419999999998254,
  "19:40:00": -108.4600000000064,