{
  "00:00:00": 53.970000000001164,
  "00:05:00": 12.369999999995343,
  "00:10:00": -23.470000000001164,
  "00:15:00": -18.95000000001164,
  "00:20:00": -128.86999999999534,
  "00:25:00": -4.190000000002328,
  "00:30:00": -7.540000000008149,
  "00:35:00": 37.80999999999767,
  "00:40:00": -47.71999999998661,
  "00:45:00": 17.339999999996508,
  "00:50:00": 33.91000000000349,
  "00:55:00": 46.78000000001339,
  "01:00:00": 49.169999999998254,
  "01:05:00": 50.520000000004075,
  "01:10:00": -13.979999999995925,
  "01:15:00": 32.58999999999651,
  "01:20:00": 35.270000000004075,
  "01:25:00": 21.389999999999418,
  "01:30:00": -43.88999999999942,
  "01:35:00": -9.740000000005239,
  "01:40:00": 61.810000000012224,
  "01:45:00": 29.419999999998254,
  "01:50:00": -8.669999999998254,
  "01:55:00": 19.19000000000233,
  "02:00:00": -16.979999999995925,
  "02:05:00": 66.02000000000407,
  "02:10:00": 11.0,
  "02:15:00": -122.58000000000175,
  "02:20:00": -31.169999999998254,
  "02:25:00": -18.779999999998836,
  "02:30:00": 59.770000000004075,
  "02:35:00": -116.88000000000466,
  "02:40:00": -4.709999999991851,
  "02:45:00": -11.80000000000291,
  "02:50:00": 31.080000000001746,
  "02:55:00": -94.32000000000698,
  "03:00:00": 57.13000000000466,
  "03:05:00": 43.2899999999936,
  "03:10:00": 7.720000000001164,
  "03:15:00": -160.34999999999127,
  "03:20:00": 33.61999999999534,
  "03:25:00": 78.30000000000291,
  "03:30:00": -16.760000000009313,
  "03:35:00": 4.059999999997672,
  "03:40:00": 32.55000000000291,
  "03:45:00": 65.27000000000407,
  "03:50:00": -54.929999999993015,
  "03:55:00": 48.10000000000582,
  "04:00:00": 24.139999999999418,
  "04:05:00": -34.179999999993015,
  "04:10:00": 32.89999999999418,
  "04:15:00": -32.70999999999185,
  "04:20:00": -15.330000000001746,
  "04:25:00": -12.789999999993597,
  "04:30:00": -3.779999999998836,
  "04:35:00": -3.7699999999895226,
  "04:40:00": -8.509999999994761,
  "04:45:00": -12.330000000001746,
  "04:50:00": 26.880000000004657,
  "04:55:00": -23.80999999999767,
  "05:00:00": -12.380000000004657,
  "05:05:00": -15.169999999998254,
  "05:10:00": -36.08999999999651,
  "05:15:00": -12.819999999992433,
  "05:20:00": 48.70999999999185,
  "05:25:00": 0.13999999999941792,
  "05:30:00": -19.830000000001746,
  "05:35:00": 12.34000000001106,
  "05:40:00": -5.989999999990687,
  "05:45:00": -39.39999999999418,
  "05:50:00": 17.94999999999709,
  "05:55:00": 62.29000000000815,
  "06:00:00": 55.19999999999709,
  "06:05:00": 5.019999999989523,
  "06:10:00": 10.239999999990687,
  "06:15:00": 4.690000000002328,
  "06:20:00": -14.309999999997672,
  "06:25:00": 68.75,
  "06:30:00": 45.60000000000582,
  "06:35:00": -96.82000000000698,
  "06:40:00": 8.330000000001746,
  "06:45:00": 6.739999999990687,
  "06:50:00": -15.119999999995343,
  "06:55:00": -16.220000000001164,
  "07:00:00": -0.8100000000122236,
  "07:05:00": -19.25,
  "07:10:00": 18.179999999993015,
  "07:15:00": -32.88999999999942,
  "07:20:00": 9.439999999987776,
  "07:25:00": 4.619999999995343,
  "07:30:00": 28.360000000000582,
  "07:35:00": -11.419999999998254,
  "07:40:00": 47.129999999990105,
  "07:45:00": -23.539999999993597,
  "07:50:00": -46.979999999995925,
  "07:55:00": -4.600000000005821,
  "08:00:00": -2.470000000001164,
  "08:05:00": -5.0,
  "08:10:00": -17.539999999993597,
  "08:15:00": 26.310000000012224,
  "08:20:00": -56.70999999999185,
  "08:25:00": 11.14999999999418,
  "08:30:00": 4.830000000001746,
  "08:35:00": 16.94999999999709,
  "08:40:00": -29.869999999995343,
  "08:45:00": 1.8099999999976717,
  "08:50:00": 6.889999999999418,
  "08:55:00": -7.580000000001746,
  "09:00:00": 51.070000000006985,
  "09:05:00": 23.55999999999767,
  "09:10:00": 4.9799999999959255,
  "09:15:00": 6.9799999999959255,
  "09:20:00": -25.24000000000524,
  "09:25:00": -0.8500000000058208,
  "09:30:00": -6.600000000005821,
  "09:35:00": 8.210000000006403,
  "09:40:00": 30.279999999998836,
  "09:45:00": 30.110000000000582,
  "09:50:00": 10.94999999999709,
  "09:55:00": -37.330000000001746,
  "10:00:00": -26.40999999998894,
  "10:05:00": 17.829999999987194,
  "10:10:00": -5.399999999994179,
  "10:15:00": 17.739999999990687,
  "10:20:00": 40.270000000004075,
  "10:25:00": -11.029999999998836,
  "10:30:00": -19.620000000009895,
  "10:35:00": 0.0,
  "10:40:00": 20.669999999998254,
  "10:45:00": 13.80000000000291,
  "10:50:00": 37.929999999993015,
  "10:55:00": -17.179999999993015,
  "11:00:00": 56.13999999999942,
  "11:05:00": 25.770000000004075,
  "11:10:00": 3.1199999999953434,
  "11:15:00": 12.330000000001746,
  "11:20:00": -1.9499999999970896,
  "11:25:00": 7.940000000002328,
  "11:30:00": 7.740000000005239,
  "11:35:00": -66.61999999999534,
  "11:40:00": 18.830000000001746,
  "11:45:00": 4.920000000012806,
  "11:50:00": -5.850000000005821,
  "11:55:00": 27.00999999999476,
  "12:00:00": -79.99000000000524,
  "12:05:00": -106.06999999999243,
  "12:10:00": -13.490000000005239,
  "12:15:00": 16.380000000004657,
  "12:20:00": 39.929999999993015,
  "12:25:00": 10.920000000012806,
  "12:30:00": -51.25,
  "12:35:00": -110.58000000000175,
  "12:40:00": -33.91000000000349,
  "12:45:00": 64.63000000000466,
  "12:50:00": -6.789999999993597,
  "12:55:00": -17.780000000013388,
  "13:00:00": 80.48000000001048,
  "13:05:00": -43.279999999998836,
  "13:10:00": 23.10000000000582,
  "13:15:00": 4.889999999999418,
  "13:20:00": -31.29000000000815,
  "13:25:00": -37.879999999990105,
  "13:30:00": -79.0,
  "13:35:00": -203.58000000000175,
  "13:40:00": 1.110000000000582,
  "13:45:00": 44.14999999999418,
  "13:50:00": -60.330000000001746,
  "13:55:00": 18.870000000009895,
  "14:00:00": -118.43000000000757,
  "14:05:00": 52.870000000009895,
  "14:10:00": 64.5799999999872,
  "14:15:00": -57.0399999999936,
  "14:20:00": 32.570000000006985,
  "14:25:00": 7.349999999991269,
  "14:30:00": 26.930000000007567,
  "14:35:00": -54.95000000001164,
  "14:40:00": -157.7899999999936,
  "14:45:00": -30.220000000001164,
  "14:50:00": 63.99000000000524,
  "14:55:00": -29.99000000000524,
  "15:00:00": -16.00999999999476,
  "15:05:00": -76.30000000000291,
  "15:10:00": 61.88999999999942,
  "15:15:00": -26.09999999999127,
  "15:20:00": 90.51999999998952,
  "15:25:00": 109.56999999999243,
  "15:30:00": 42.94000000000233,
  "15:35:00": 168.55999999999767,
  "15:40:00": -28.470000000001164,
  "15:45:00": -47.51000000000931,
  "15:50:00": -7.330000000001746,
  "15:55:00": -35.479999999995925,
  "16:00:00": -61.7100000000064,
  "16:05:00": -2.0099999999947613,
  "16:10:00": -37.179999999993015,
  "16:15:00": 34.69999999999709,
  "16:20:00": -73.47999999999593,
  "16:25:00": -8.580000000001746,
  "16:30:00": 15.309999999997672,
  "16:35:00": -27.160000000003492,
  "16:40:00": 50.810000000012224,
  "16:45:00": 55.30000000000291,
  "16:50:00": 5.9100000000034925,
  "16:55:00": -5.169999999998254,
  "17:00:00": -35.30000000000291,
  "17:05:00": -54.279999999998836,
  "17:10:00": 24.629999999990105,
  "17:15:00": -19.639999999999418,
  "17:20:00": -5.989999999990687,
  "17:25:00": -45.83999999999651,
  "17:30:00": -195.68000000000757,
  "17:35:00": -25.989999999990687,
  "17:40:00": -14.819999999992433,
  "17:45:00": 90.52000000000407,
  "17:50:00": 13.64999999999418,
  "17:55:00": 11.209999999991851,
  "18:00:00": -3.7599999999947613,
  "18:05:00": 43.179999999993015,
  "18:10:00": -16.789999999993597,
  "18:15:00": -11.309999999997672,
  "18:20:00": -11.309999999997672,
  "18:25:00": -46.810000000012224,
  "18:30:00": 9.740000000005239,
  "18:35:00": 24.429999999993015,
  "18:40:00": 0.40000000000873115,
  "18:45:00": 21.40999999998894,
  "18:50:00": 21.120000000009895,
  "18:55:00": -4.820000000006985,
  "19:00:00": 49.0,
  "19:05:00": 22.629999999990105,
  "19:10:00": -77.52000000000407,
  "19:15:00": 17.770000000004075,
  "19:20:00": 19.539999999993597,
  "19:25:00": -20.329999999987194,
  "19:30:00": 31.960000000006403,
  "19:35:00": -0.8200000000069849,
  "19:40:00": 13.490000000005239,
  "19:45:00": -31.14999999999418,