{
  "10:30:00": 40.13000000000466,
  "10:35:00": 38.20999999999185,
  "10:40:00": 3.0,
  "10:45:00": -51.330000000001746,
  "10:50:00": -110.85000000000582,
  "10:55:00": 53.720000000001164,
  "11:00:00": 31.80999999999767,
  "11:05:00": 36.91000000000349,
  "11:10:00": 10.55000000000291,
  "11:15:00": -31.69999999999709,
  "11:20:00": 21.910000000003492,
  "11:25:00": -65.02999999999884,
  "11:30:00": 7.569999999992433,
  "11:35:00": -153.75999999999476,
  "11:40:00": -26.019999999989523,
  "11:45:00": 16.69999999999709,
  "11:50:00": -170.2100000000064,
  "11:55:00": -21.40000000000873,
  "12:00:00": -53.7100000000064,
  "12:05:00": 102.67999999999302,
  "12:10:00": 21.74000000000524,
  "12:15:00": -53.54000000000815,
  "12:20:00": 123.83000000000175,
  "12:25:00": 34.10000000000582,
  "12:30:00": -31.830000000001746,
  "12:35:00": 1.9800000000104774,
  "12:40:00": -34.78000000001339,
  "12:45:00": -54.95999999999185,
  "12:50:00": -29.319999999992433,
  "12:55:00": -8.540000000008149,
  "13:00:00": -77.41000000000349,
  "13:05:00": -93.02000000000407,
  "13:10:00": 45.470000000001164,
  "13:15:00": -167.6200000000099,
  "13:20:00": -59.99000000000524,
  "13:25:00": 4.759999999994761,
  "13:30:00": 77.31000000001222,
  "13:35:00": -143.5500000000029,
  "13:40:00": -143.86000000000058,
  "13:45:00": -142.97000000000116,
  "13:50:00": 158.90000000000873,
  "13:55:00": -66.49000000000524,
  "14:00:00": -39.15000000000873,
  "14:05:00": 95.27999999999884,
  "14:10:00": 78.34999999999127,
  "14:15:00": -120.32000000000698,
  "14:20:00": 81.0,
  "14:25:00": -19.99000000000524,
  "14:30:00": -237.68000000000757,
  "14:35:00": 365.6600000000035,
  "14:40:00": 160.88999999999942,
  "14:45:00": -3.0900000000110595,
  "14:50:00": 202.4600000000064,
  "14:55:00": -37.779999999998836,
  "15:00:00": 185.7399999999907,
  "15:05:00": -223.4600000000064,
  "15:10:00": -312.33000000000175,
  "15:15:00": 96.18000000000757,
  "15:20:00": 29.729999999995925,
  "15:25:00": -162.75999999999476,
  "15:30:00": 249.8399999999965,
  "15:35:00": 133.42999999999302,
  "15:40:00": 49.69999999999709,
  "15:45:00": -165.75999999999476,
  "15:50:00": -23.65999999998894,
  "15:55:00": 111.8700000000099,
  "16:00:00": -297.16999999999825,
  "16:05:00": 38.88000000000466,
  "16:10:00": 17.039999999993597,
  "16:15:00": 169.91999999999825,
  "16:20:00": -82.9600000000064,
  "16:25:00": -61.179999999993015,
  "16:30:00": 313.1999999999971,
  "16:35:00": 3.3799999999901047,
  "16:40:00": -97.60000000000582,
  "16:45:00": -98.11999999999534,
  "16:50:00": 101.97000000000116,
  "16:55:00": -129.4200000000128,
  "17:00:00": 102.34000000001106,
  "17:05:00": -66.2100000000064,
  "17:10:00": 336.66999999999825,
  "17:15:00": 313.4899999999907,
  "17:20:00": -121.55999999999767,
  "17:25:00": -235.5399999999936,
  "17:30:00": -100.27999999999884,
  "17:35:00": -6.509999999994761,
  "17:40:00": 92.54000000000815,
  "17:45:00": -158.33000000000175,
  "17:50:00": -240.5799999999872,
  "17:55:00": 147.5,
  "18:00:00": -95.75,
  "18:05:00": 131.86000000000058,
  "18:10:00": 242.3399999999965,
  "18:15:00": -70.3700000000099,
  "18:20:00": 259.0599999999977,
  "18:25:00": 81.0,
  "18:30:00": -177.54000000000815,
  "18:35:00": 88.20999999999185,
  "18:40:00": 193.57000000000698,
  "18:45:00": 15.389999999999418,
  "18:50:00": 18.130000000004657,
  "18:55:00": -7.139999999999418,
  "19:00:00": 11.369999999995343,
  "19:05:00": 55.5,
  "19:10:00": -183.72000000000116,
  "19:15:00": 63.38999999999942,
  "19:20:00": 79.65999999998894,
  "19:25:00": -113.99000000000524,
  "19:30:00": -40.0,
  "19:35:00": -163.9899999999907,
  "19:40:00": 136.0399999999936,
  "19:45:00": -44.63000000000466,
  "19:50:00": 195.52999999999884,
  "19:55:00": 23.55999999999767,
  "20:00:00": 26.839999999996508,
  "20:05:00": -76.44000000000233,
  "20:10:00": -20.54000000000815,
  "20:15:00": -56.810000000012224,
  "20:20:00": -14.829999999987194,
  "20:25:00": 27.779999999998836,
  "20:30:00": 74.72000000000116,
  "20:35:00": -116.01000000000931,
  "20:40:00": 40.16000000000349,
  "20:45:00": 134.88999999999942,
  "20:50:00": 48.10000000000582,
  "20:55:00": 14.179999999993015,
  "21:00:00": -17.55000000000291,
  "21:05:00": -16.270000000004075,
  "21:10:00": -89.50999999999476,
  "21:15:00": 15.229999999995925,
  "21:20:00": -52.2899999999936,
  "21:25:00": 50.31999999999243,
  "21:30:00": -33.11999999999534,
  "21:35:00": -11.85000000000582,
  "21:40:00": -36.13000000000466,
  "21:45:00": 30.630000000004657,
  "21:50:00": -73.94000000000233,
  "21:55:00": 4.209999999991851,
  "22:00:00": -148.25,
  "22:05:00": 59.85000000000582,
  "22:10:00": 68.40000000000873,
  "22:15:00": -56.25,
  "22:25:00": -55.15999999998894,
  "22:30:00": -71.25999999999476,
  "22:35:00": 15.039999999993597,
  "22:40:00": 139.08000000000175,
  "22:45:00": -33.68000000000757,
  "22:50:00": 103.66999999999825,
  "22:55:00": -8.990000000005239,
  "23:00:00": -29.00999999999476,
  "23:05:00": -11.589999999996508,
  "23:10:00": -20.89999999999418,
  "23:15:00": 76.75,
  "23:20:00": 65.27999999999884,
  "23:25:00": 13.599999999991269,
  "23:30:00": -36.61999999999534,
  "23:35:00": 14.0,
  "23:40:00": -13.910000000003492,
  "23:45:00": -15.059999999997672,
  "23:50:00": 36.09000000001106,
  "23:55:00": 12.039999999993597
}