{
  "00:00:00": -178.67999999999302,
  "00:05:00": 284.1399999999994,
  "00:10:00": 63.10000000000582,
  "00:15:00": 28.660000000003492,
  "00:20:00": 196.93000000000757,
  "00:25:00": -96.91999999999825,
  "00:30:00": 198.4100000000035,
  "00:35:00": -322.679999999993,
  "00:40:00": 48.10000000000582,
  "00:45:00": 18.55999999999767,
  "00:50:00": 101.41999999999825,
  "00:55:00": 18.180000000007567,
  "01:00:00": 152.48000000001048,
  "01:05:00": 62.029999999998836,
  "01:10:00": 2.8399999999965075,
  "01:15:00": -37.24000000000524,
  "01:20:00": 13.169999999998254,
  "01:25:00": -150.5799999999872,
  "01:30:00": -45.330000000001746,
  "01:35:00": 38.54999999998836,
  "01:40:00": -17.79999999998836,
  "01:45:00": 10.5,
  "01:50:00": -123.19000000000233,
  "01:55:00": 16.279999999998836,
  "02:00:00": -273.8000000000029,
  "02:05:00": 30.429999999993015,
  "02:10:00": -145.19000000000233,
  "02:15:00": 150.85000000000582,
  "02:20:00": -84.18000000000757,
  "02:25:00": 6.05000000000291,
  "02:30:00": 81.82000000000698,
  "02:35:00": -31.369999999995343,
  "02:40:00": 189.47999999999593,
  "02:45:00": -57.9600000000064,
  "02:50:00": 109.32000000000698,
  "02:55:00": 17.19999999999709,
  "03:00:00": 28.0,
  "03:05:00": -224.02999999999884,
  "03:10:00": 85.83000000000175,
  "03:15:00": 9.080000000001746,
  "03:20:00": -70.27000000000407,
  "03:25:00": 9.309999999997672,
  "03:30:00": 167.70999999999185,
  "03:35:00": -150.8399999999965,
  "03:40:00": 111.61999999999534,
  "03:45:00": 49.36000000000058,
  "03:50:00": -88.27999999999884,
  "03:55:00": 17.30999999999767,
  "04:00:00": 53.169999999998254,
  "04:05:00": 178.02999999999884,
  "04:10:00": 81.9200000000128,
  "04:15:00": 76.39999999999418,
  "04:20:00": -76.77000000000407,
  "04:25:00": 32.919999999998254,
  "04:30:00": 174.13999999999942,
  "04:35:00": -1.4600000000064028,
  "04:40:00": -1.429999999993015,
  "04:45:00": -38.36999999999534,
  "04:50:00": -36.19000000000233,
  "04:55:00": -94.5,
  "05:00:00": -86.36000000000058,
  "05:05:00": -144.18000000000757,
  "05:10:00": -37.94999999999709,
  "05:15:00": -30.320000000006985,
  "05:20:00": 84.85000000000582,
  "05:25:00": -3.0099999999947613,
  "05:30:00": 51.5,
  "05:35:00": -33.329999999987194,
  "05:40:00": 45.729999999995925,
  "05:45:00": 36.06999999999243,
  "05:50:00": -31.169999999998254,
  "05:55:00": 35.58999999999651,
  "06:00:00": -123.60999999998603,
  "06:05:00": 98.05000000000291,
  "06:10:00": 35.44999999999709,
  "06:15:00": -136.07000000000698,
  "06:20:00": 60.38000000000466,
  "06:25:00": -135.5799999999872,
  "06:30:00": -30.95000000001164,
  "06:35:00": 3.679999999993015,
  "06:40:00": -94.51000000000931,
  "06:45:00": 9.650000000008731,
  "06:50:00": -1.6699999999982538,
  "06:55:00": 46.0,
  "07:00:00": 52.429999999993015,
  "07:05:00": 3.220000000001164,
  "07:10:00": -11.610000000000582,
  "07:15:00": -100.47999999999593,
  "07:20:00": 70.36000000000058,
  "07:25:00": -15.839999999996508,
  "07:30:00": -73.85000000000582,
  "07:35:00": -40.59999999999127,
  "07:40:00": -65.6200000000099,
  "07:45:00": -8.009999999994761,
  "07:50:00": -101.13999999999942,
  "07:55:00": -51.48000000001048,
  "08:00:00": 49.670000000012806,
  "08:05:00": 3.5099999999947613,
  "08:10:00": 158.4499999999971,
  "08:15:00": 30.14999999999418,
  "08:20:00": 85.08000000000175,
  "08:25:00": -123.50999999999476,
  "08:30:00": -21.34999999999127,
  "08:35:00": 118.64999999999418,
  "08:40:00": -129.88999999999942,
  "08:45:00": 63.229999999995925,
  "08:50:00": -24.25,
  "08:55:00": -77.66999999999825,
  "09:00:00": 26.15999999998894,
  "09:05:00": 108.25,
  "09:10:00": 224.23000000001048,
  "09:15:00": -127.25999999999476,
  "09:20:00": 7.19999999999709,
  "09:25:00": -30.00999999999476,
  "09:30:00": 114.86999999999534,
  "09:35:00": 168.5,
  "09:40:00": -63.63000000000466,
  "09:45:00": 118.52000000000407,
  "09:50:00": 71.77999999999884,
  "09:55:00": -7.94999999999709,
  "10:00:00": 39.61000000000058,
  "10:05:00": -2.0600000000122236,
  "10:10:00": -95.1299999999901,
  "10:15:00": -48.38000000000466,
  "10:20:00": -5.460000000006403,
  "10:25:00": -140.95999999999185,
  "10:30:00": 34.779999999998836,
  "10:35:00": 97.6200000000099,
  "10:40:00": -24.830000000001746,
  "10:45:00": -72.56000000001222,
  "10:50:00": -92.0,
  "10:55:00": 25.889999999999418,
  "11:00:00": 57.88000000000466,
  "11:05:00": -98.65000000000873,
  "11:10:00": 81.86999999999534,
  "11:15:00": -127.25,
  "11:20:00": -10.770000000004075,
  "11:25:00": -56.24000000000524,
  "11:30:00": 53.50999999999476,
  "11:35:00": -50.620000000009895,
  "11:40:00": -79.27000000000407,
  "11:45:00": -63.55999999999767,
  "11:50:00": -19.610000000000582,
  "11:55:00": 44.25,
  "12:00:00": 117.91000000000349,
  "12:05:00": 61.63999999999942,
  "12:10:00": -28.429999999993015,
  "12:15:00": 27.619999999995343,
  "12:20:00": 61.570000000006985,
  "12:25:00": -135.20000000001164,
  "12:30:00": 58.0,
  "12:35:00": 53.279999999998836,
  "12:40:00": -176.2899999999936,
  "12:45:00": 107.63999999999942,
  "12:50:00": -5.779999999998836,
  "12:55:00": 0.5200000000040745,
  "13:00:00": -10.630000000004657,
  "13:05:00": -41.79999999998836,
  "13:10:00": -100.82000000000698,
  "13:15:00": -16.589999999996508,
  "13:20:00": 6.960000000006403,
  "13:25:00": 140.47999999999593,
  "13:30:00": -32.16000000000349,
  "13:35:00": -62.39000000001397,
  "13:40:00": 34.570000000006985,
  "13:45:00": 22.860000000000582,
  "13:50:00": -132.02999999999884,
  "13:55:00": -66.57000000000698,
  "14:00:00": -65.19999999999709,
  "14:05:00": -102.86999999999534,
  "14:10:00": 250.30999999999767,
  "14:15:00": -92.41000000000349,
  "14:20:00": 221.55999999999767,
  "14:25:00": 5.529999999998836,
  "14:30:00": -23.30000000000291,
  "14:35:00": -234.9899999999907,
  "14:40:00": -65.1299999999901,
  "14:45:00": -419.5599999999977,
  "14:50:00": 125.14999999999418,
  "14:55:00": 209.41999999999825,
  "15:00:00": -151.8399999999965,
  "15:05:00": -188.9100000000035,
  "15:10:00": 18.589999999996508,
  "15:15:00": -407.4100000000035,
  "15:20:00": 8.620000000009895,
  "15:25:00": -8.479999999995925,
  "15:30:00": -173.00999999999476,
  "15:35:00": 483.27999999999884,
  "15:40:00": 69.69999999999709,
  "15:45:00": 84.01999999998952,
  "15:50:00": -96.0,
  "15:55:00": 38.570000000006985,
  "16:00:00": -54.99000000000524,
  "16:05:00": -201.15999999998894,
  "16:10:00": 29.189999999987776,
  "16:15:00": 57.7100000000064,
  "16:20:00": 105.57000000000698,
  "16:25:00": 119.41999999999825,
  "16:30:00": -236.8399999999965,
  "16:35:00": -136.44000000000233,
  "16:40:00": -32.54000000000815,
  "16:45:00": -10.80000000000291,
  "16:50:00": -435.66999999999825,
  "16:55:00": 44.69999999999709,
  "17:00:00": 256.6499999999942,
  "17:05:00": 9.360000000000582,
  "17:10:00": -28.25,
  "17:15:00": 40.75999999999476,
  "17:20:00": -78.47000000000116,
  "17:25:00": 88.25,
  "17:30:00": 16.569999999992433,
  "17:35:00": -154.63000000000466,
  "17:40:00": -51.99000000000524,
  "17:45:00": -58.88000000000466,
  "17:50:00": 155.38000000000466,
  "17:55:00": -19.45000000001164,
  "18:00:00": 22.339999999996508,
  "18:05:00": -169.30999999999767,
  "18:10:00": 95.61999999999534,
  "18:15:00": 237.91999999999825,
  "18:20:00": -57.60000000000582,
  "18:25:00": -91.83000000000175,
  "18:30:00": 412.6499999999942,
  "18:35:00": -28.230000000010477,
  "18:40:00": 12.360000000000582,
  "18:45:00": -10.879999999990105,
  "18:50:00": 37.69999999999709,
  "18:55:00": 24.910000000003492,
  "19:00:00": 439.8000000000029,
  "19:05:00": -221.40000000000873,
  "19:10:00": -28.029999999998836,
  "19:15:00": 54.98999999999069,
  "19:20:00": 168.38000000000466,
  "19:25:00": -146.51999999998952,
  "19:30:00": 108.00999999999476,
  "19:35:00": -132.44000000000233,
  "19:40:00": -65.2100000000064,
  "19:45:00": 45.919999999998254,
  "19:50:00": 67.11000000000058,
  "19:55:00": -20.419999999998254,
  "20:00:00": 223.07000000000698,