{
  "00:00:00": 18.10000000000582,
  "00:05:00": -94.97000000000116,
  "00:10:00": 112.47999999999593,
  "00:15:00": 199.52000000000407,
  "00:20:00": 37.470000000001164,
  "00:25:00": -110.47000000000116,
  "00:30:00": -32.81999999999243,
  "00:35:00": -13.990000000005239,
  "00:40:00": 129.33000000000175,
  "00:45:00": -15.309999999997672,
  "00:50:00": -120.69999999999709,
  "00:55:00": -16.05999999999767,
  "01:00:00": -27.020000000004075,
  "01:05:00": 338.06999999999243,
  "01:10:00": 59.60000000000582,
  "01:15:00": -93.61999999999534,
  "01:20:00": -171.42999999999302,
  "01:25:00": 82.02999999999884,
  "01:30:00": -111.61999999999534,
  "01:35:00": -19.139999999999418,
  "01:40:00": -162.6999999999971,
  "01:45:00": -44.65000000000873,
  "01:50:00": -54.220000000001164,
  "01:55:00": -14.479999999995925,
  "02:00:00": 110.19999999999709,
  "02:05:00": 98.52999999999884,
  "02:10:00": -6.639999999999418
}