{
  "00:00:00": 38.24000000000524,
  "00:15:00": 126.51000000000931,
  "00:30:00": 82.30000000000291,
  "00:45:00": -145.36999999999534,
  "01:00:00": 370.6499999999942,
  "01:15:00": 69.64999999999418
}