{
  "00:00:00": 18.10000000000582,
  "00:05:00": -94.97000000000116,
  "00:10:00": 112.47999999999593,
  "00:15:00": 199.52000000000407,
  "00:20:00": 37.470000000001164,
  "00:25:00": -110.47000000000116,
  "00:30:00": -32.81999999999243,
  "00:35:00": -13.990000000005239,
  "00:40:00": 129.33000000000175,
  "00:45:00": -15.309999999997672,
  "00:50:00": -120.69999999999709,
  "00:55:00": -16.05999999999767,
  "01:00:00": -27.020000000004075,
  "01:05:00": 338.06999999999243,
  "01:10:00": 59.60000000000582,
  "01:15:00": -93.61999999999534,
  "01:20:00": -171.42999999999302,
  "01:25:00": 82.02999999999884,
  "01:30:00": -111.61999999999534,
  "01:35:00": -19.139999999999418,
  "01:40:00": -162.6999999999971,
  "01:45:00": -44.65000000000873,
  "01:50:00": -54.220000000001164,
  "01:55:00": -14.479999999995925,
  "02:00:00": 110.19999999999709,
  "02:05:00": 98.52999999999884,
  "02:10:00": 52.61999999999534,
  "02:15:00": -29.94000000000233,
  "02:20:00": -16.5,
  "02:25:00": -47.66000000000349,
  "02:30:00": -255.0,
  "02:35:00": -65.52999999999884,
  "02:40:00": -37.94999999999709,
  "02:45:00": 157.90000000000873,
  "02:50:00": -49.76999999998952,
  "02:55:00": 35.79999999998836,
  "03:00:00": 130.08000000000175,
  "03:05:00": 6.580000000001746,
  "03:10:00": -18.50999999999476,
  "03:15:00": -98.88000000000466,
  "03:20:00": 23.529999999998836,
  "03:25:00": -11.44999999999709,
  "03:30:00": -124.69999999999709,
  "03:35:00": 5.6600000000034925,
  "03:40:00": -69.13999999999942,
  "03:45:00": 76.02999999999884,
  "03:50:00": 39.49000000000524,
  "03:55:00": 31.630000000004657,
  "04:00:00": 30.820000000006985,
  "04:05:00": 47.80999999999767,
  "04:10:00": 88.7100000000064,
  "04:15:00": 22.95999999999185,
  "04:20:00": 53.36000000000058,
  "04:25:00": 52.44999999999709,
  "04:30:00": -201.13999999999942,
  "04:35:00": 170.22000000000116,
  "04:40:00": 151.8000000000029,
  "04:45:00": -49.929999999993015,
  "04:50:00": -128.25,
  "04:55:00": 81.95999999999185,
  "05:00:00": -34.479999999995925,
  "05:05:00": 32.30000000000291,
  "05:10:00": 0.11000000000058208,
  "05:15:00": -115.94000000000233,
  "05:20:00": -187.22999999999593,
  "05:25:00": -37.33999999999651,
  "05:30:00": 4.059999999997672,
  "05:35:00": -87.91999999999825,
  "05:40:00": 17.130000000004657,
  "05:45:00": -8.869999999995343,
  "05:50:00": -4.2999999999883585,
  "05:55:00": 21.270000000004075,
  "06:00:00": -17.879999999990105,
  "06:05:00": -283.90000000000873,
  "06:10:00": 27.889999999999418,
  "06:15:00": 159.16999999999825,
  "06:20:00": 136.39999999999418,
  "06:25:00": -36.529999999998836,
  "06:30:00": 19.260000000009313,
  "06:35:00": 101.47000000000116,
  "06:40:00": -98.38999999999942,
  "06:45:00": 132.77000000000407,
  "06:50:00": -17.30999999999767,
  "06:55:00": 8.05000000000291,
  "07:00:00": -91.47000000000116,
  "07:05:00": 14.30000000000291,
  "07:10:00": 172.63000000000466,
  "07:15:00": 10.55000000000291,
  "07:20:00": 1.1200000000098953,
  "07:25:00": -126.8700000000099,
  "07:30:00": -178.1999999999971,
  "07:35:00": -110.01999999998952,
  "07:40:00": -45.470000000001164,
  "07:45:00": -38.5399999999936,
  "07:50:00": -349.0,
  "07:55:00": 256.5200000000041,
  "08:00:00": -157.51999999998952,
  "08:05:00": -25.50999999999476,
  "08:10:00": -44.66000000000349,
  "08:15:00": 56.279999999998836,
  "08:20:00": 60.720000000001164,
  "08:25:00": -109.5,
  "08:30:00": 240.7100000000064,
  "08:35:00": -19.139999999999418,
  "08:40:00": 127.91999999999825,
  "08:45:00": 81.19999999999709,
  "08:50:00": 24.039999999993597,
  "08:55:00": 44.580000000001746,
  "09:00:00": 149.4100000000035,
  "09:05:00": 75.69000000000233,
  "09:10:00": 57.429999999993015,
  "09:15:00": -92.5,
  "09:20:00": 78.22000000000116,
  "09:25:00": 103.63999999999942,
  "09:30:00": 5.529999999998836,
  "09:35:00": -168.43000000000757,
  "09:40:00": 31.89999999999418,
  "09:45:00": -18.379999999990105,
  "09:50:00": -36.69999999999709,
  "09:55:00": 85.2899999999936,
  "10:00:00": -37.55000000000291,
  "10:05:00": 129.6999999999971,
  "10:10:00": 38.70000000001164,
  "10:15:00": 91.25999999999476,
  "10:20:00": 116.72999999999593,
  "10:25:00": 231.88999999999942,
  "10:30:00": 344.9499999999971,
  "10:35:00": -223.41999999999825,
  "10:40:00": 17.55999999999767,
  "10:45:00": 68.43000000000757,
  "10:50:00": 62.69999999999709,
  "10:55:00": -35.88999999999942,
  "11:00:00": -157.79000000000815,
  "11:05:00": -101.22000000000116,
  "11:10:00": 66.5,
  "11:15:00": -116.58999999999651,
  "11:20:00": -159.79999999998836,
  "11:25:00": 197.95999999999185,
  "11:30:00": -75.89999999999418,
  "11:35:00": -258.91999999999825,
  "11:40:00": 50.080000000001746,
  "11:45:00": 31.05999999999767,
  "11:50:00": -75.47999999999593,
  "11:55:00": 108.97000000000116,
  "12:00:00": -109.17999999999302,
  "12:05:00": 125.02000000000407,
  "12:10:00": 15.259999999994761,
  "12:15:00": -60.5,
  "12:20:00": -9.580000000001746,
  "12:25:00": -65.47000000000116,
  "12:30:00": 3.3699999999953434,
  "12:35:00": -19.889999999999418,
  "12:40:00": 107.43999999998778,
  "12:45:00": 151.3000000000029,
  "12:50:00": -62.09999999999127,
  "12:55:00": -107.74000000000524,
  "13:00:00": -126.47000000000116,
  "13:05:00": -52.99000000000524,
  "13:10:00": -29.94999999999709,
  "13:15:00": -10.80000000000291,
  "13:20:00": -176.8700000000099,
  "13:25:00": 35.44000000000233,
  "13:30:00": -178.8700000000099,
  "13:35:00": 24.039999999993597,
  "13:40:00": 150.4499999999971,
  "13:45:00": 97.80000000000291,
  "13:50:00": 8.130000000004657,
  "13:55:00": -140.81999999999243,
  "14:00:00": 63.83999999999651,
  "14:05:00": -15.019999999989523,
  "14:10:00": 84.20000000001164,
  "14:15:00": -113.61999999999534,
  "14:20:00": 7.5899999999965075,
  "14:25:00": 59.36000000000058,
  "14:30:00": 156.9100000000035,
  "14:35:00": -497.27999999999884,
  "14:40:00": -205.14999999999418,
  "14:45:00": 125.14999999999418,
  "14:50:00": 347.63000000000466,
  "14:55:00": 134.00999999999476,
  "15:00:00": -357.820000000007,
  "15:05:00": -423.2899999999936,
  "15:10:00": -52.2100000000064,
  "15:15:00": -116.50999999999476,
  "15:20:00": -140.36000000000058,
  "15:25:00": -262.1100000000006,
  "15:30:00": 40.25999999999476,
  "15:35:00": 325.97000000000116,
  "15:40:00": -174.61000000000058,
  "15:45:00": -113.48000000001048,
  "15:50:00": 352.0899999999965,
  "15:55:00": -46.66000000000349,
  "16:00:00": -337.54999999998836,
  "16:05:00": -459.16999999999825,
  "16:10:00": 151.31999999999243,
  "16:15:00": -121.02999999999884,
  "16:20:00": 175.3399999999965,
  "16:25:00": -55.73999999999069,
  "16:30:00": 177.7600000000093,
  "16:35:00": 257.5200000000041,
  "16:40:00": -92.0,
  "16:45:00": -28.019999999989523,
  "16:50:00": -105.56999999999243,
  "16:55:00": 105.47000000000116,
  "17:00:00": 232.11000000000058,
  "17:05:00": -466.7100000000064,
  "17:10:00": 90.11000000000058,
  "17:15:00": -163.36000000000058,
  "17:20:00": 62.729999999995925,
  "17:25:00": -141.83000000000175,
  "17:30:00": -149.67999999999302,
  "17:35:00": 139.56999999999243,
  "17:40:00": -55.2899999999936,
  "17:45:00": -190.02000000000407,
  "17:50:00": 148.9899999999907,
  "17:55:00": -30.979999999995925,
  "18:00:00": 152.65999999998894,
  "18:05:00": 132.1299999999901,
  "18:10:00": 73.33000000000175,
  "18:15:00": -139.67999999999302,
  "18:20:00": -47.419999999998254,
  "18:25:00": -32.44000000000233,
  "18:30:00": 169.40000000000873,
  "18:35:00": -80.75,
  "18:40:00": 47.80999999999767,
  "18:45:00": -18.40000000000873,
  "18:50:00": -56.36999999999534,
  "18:55:00": 126.94000000000233,
  "19:00:00": 161.05999999999767,
  "19:05:00": 119.42999999999302,
  "19:10:00": 84.02000000000407,
  "19:15:00": -45.120000000009895,
  "19:20:00": -71.01999999998952,
  "19:25:00": -139.1999999999971,
  "19:30:00": -64.75,
  "19:35:00": -31.429999999993015,
  "19:40:00": 3.029999999998836,
  "19:45:00": 50.0,
  "19:50:00": -132.17999999999302,