{
  "00:00:00": 18.10000000000582,
  "00:05:00": -94.97000000000116,
  "00:10:00": 112.47999999999593,
  "00:15:00": 199.52000000000407,
  "00:20:00": 37.470000000001164,
  "00:25:00": -110.47000000000116,
  "00:30:00": -32.81999999999243,
  "00:35:00": -13.990000000005239,
  "00:40:00": 129.33000000000175,
  "00:45:00": -15.309999999997672,
  "00:50:00": -120.69999999999709,
  "00:55:00": -16.05999999999767,
  "01:00:00": -27.020000000004075,
  "01:05:00": 338.06999999999243,
  "01:10:00": 46.320000000006985
}