{
  "00:00:00": 63.830000000001746,
  "00:05:00": -201.63999999999942,
  "00:10:00": 92.27000000000407,
  "00:15:00": -47.38000000000466,
  "00:20:00": 79.52999999999884,
  "00:25:00": -169.75,
  "00:30:00": -51.76999999998952,
  "00:35:00": 17.039999999993597,
  "00:40:00": -105.08000000000175,
  "00:45:00": 75.04999999998836,
  "00:50:00": 144.5500000000029,
  "00:55:00": -56.51000000000931,
  "01:00:00": -200.30999999999767,
  "01:05:00": -139.1600000000035,
  "01:10:00": -162.52000000000407,
  "01:15:00": -89.38999999999942,
  "01:20:00": 213.0,
  "01:25:00": -68.16000000000349,
  "01:30:00": 182.45999999999185,
  "01:35:00": 127.80999999999767,
  "01:40:00": -29.029999999998836,
  "01:45:00": 712.9900000000052,
  "01:50:00": 31.29000000000815,
  "01:55:00": -22.69999999999709,
  "02:00:00": 670.5899999999965,
  "02:05:00": -240.38999999999942,
  "02:10:00": 104.19000000000233,
  "02:15:00": -111.52000000000407,
  "02:20:00": -158.0500000000029,
  "02:25:00": 130.5899999999965,
  "02:30:00": 87.1200000000099,
  "02:35:00": -42.620000000009895,
  "02:40:00": 265.1200000000099,
  "02:45:00": -319.0399999999936,
  "02:50:00": -17.869999999995343,
  "02:55:00": -112.79000000000815,
  "03:00:00": 76.88000000000466,
  "03:05:00": 61.970000000001164,
  "03:10:00": -36.7100000000064,
  "03:15:00": -37.129999999990105,
  "03:20:00": -266.95000000001164,
  "03:25:00": 141.57000000000698,
  "03:30:00": -67.82000000000698,
  "03:35:00": 26.139999999999418,
  "03:40:00": 124.27999999999884,
  "03:45:00": 16.55000000000291,
  "03:50:00": -147.69000000000233,
  "03:55:00": -11.960000000006403,
  "04:00:00": 21.860000000000582,
  "04:05:00": -155.72000000000116,
  "04:10:00": -88.25,
  "04:15:00": -100.7899999999936,
  "04:20:00": 55.970000000001164,
  "04:25:00": 86.52999999999884,
  "04:30:00": -5.7700000000040745,
  "04:35:00": -25.820000000006985,
  "04:40:00": 104.14999999999418,
  "04:45:00": -44.94000000000233,
  "04:50:00": -19.029999999998836,
  "04:55:00": 17.630000000004657,
  "05:00:00": -15.529999999998836,
  "05:05:00": 32.929999999993015,
  "05:10:00": -37.35000000000582,
  "05:15:00": 87.63000000000466,
  "05:20:00": 92.50999999999476,
  "05:25:00": -57.679999999993015,
  "05:30:00": 74.72000000000116,
  "05:35:00": -11.980000000010477,
  "05:40:00": -127.64999999999418,
  "05:45:00": 55.0,
  "05:50:00": -151.02000000000407,
  "05:55:00": 10.679999999993015,
  "06:00:00": -38.080000000001746,
  "06:05:00": -160.89999999999418,
  "06:10:00": -23.70000000001164,
  "06:15:00": -97.55999999999767,
  "06:20:00": 96.79000000000815,
  "06:25:00": -27.830000000001746,
  "06:30:00": -149.2899999999936,
  "06:35:00": -9.169999999998254,
  "06:40:00": 45.85000000000582,
  "06:45:00": -117.0399999999936,
  "06:50:00": 111.14999999999418,
  "06:55:00": -2.460000000006403,
  "07:00:00": -97.11000000000058,
  "07:05:00": 39.0399999999936,
  "07:10:00": 170.83000000000175,
  "07:15:00": -19.110000000000582,
  "07:20:00": 2.8399999999965075,
  "07:25:00": -14.19999999999709,
  "07:30:00": 110.75999999999476,
  "07:35:00": 87.10000000000582,
  "07:40:00": -87.10000000000582,
  "07:45:00": -12.580000000001746,
  "07:50:00": 34.919999999998254,
  "07:55:00": 13.30000000000291,
  "08:00:00": -171.61999999999534,
  "08:05:00": 157.42999999999302,
  "08:10:00": 138.91999999999825,
  "08:15:00": -40.479999999995925,
  "08:20:00": 43.580000000001746,
  "08:25:00": -38.51999999998952,
  "08:30:00": -49.04000000000815,
  "08:35:00": 49.25,
  "08:40:00": -89.51000000000931,
  "08:45:00": -170.25999999999476,
  "08:50:00": -460.8899999999994,
  "08:55:00": 54.61000000000058,
  "09:00:00": 72.60000000000582,
  "09:05:00": -22.95999999999185,
  "09:10:00": -14.44999999999709,
  "09:15:00": 117.47999999999593,
  "09:20:00": -115.61000000000058,
  "09:25:00": 26.0,
  "09:30:00": -171.66999999999825,
  "09:35:00": -100.19000000000233,
  "09:40:00": -40.820000000006985,
  "09:45:00": 46.11000000000058,
  "09:50:00": 25.589999999996508,
  "09:55:00": 28.960000000006403,
  "10:00:00": -65.65000000000873,
  "10:05:00": 70.91000000000349,
  "10:10:00": 103.3799999999901,
  "10:15:00": -50.69000000000233,
  "10:20:00": 66.54000000000815,
  "10:25:00": 44.220000000001164,
  "10:30:00": 1.7600000000093132,
  "10:35:00": -98.41999999999825,
  "10:40:00": -82.36000000000058,
  "10:45:00": 68.66000000000349,
  "10:50:00": -1.0500000000029104,
  "10:55:00": -7.3399999999965075,
  "11:00:00": 16.939999999987776,
  "11:05:00": 31.60000000000582,
  "11:10:00": -3.1900000000023283,
  "11:15:00": 52.93000000000757,
  "11:20:00": -29.44000000000233,
  "11:25:00": 2.8500000000058208,
  "11:30:00": -112.25,
  "11:35:00": 27.09999999999127,
  "11:40:00": -78.27999999999884,
  "11:45:00": 48.44999999999709,
  "11:50:00": 52.4600000000064,
  "11:55:00": -31.75,
  "12:00:00": 17.089999999996508,
  "12:05:00": 51.379999999990105,
  "12:10:00": -26.779999999998836,
  "12:15:00": 33.84000000001106,
  "12:20:00": -84.5,
  "12:25:00": -41.580000000001746,
  "12:30:00": -125.48000000001048,
  "12:35:00": 44.7100000000064,
  "12:40:00": 151.4499999999971,
  "12:45:00": -134.94000000000233,
  "12:50:00": -1.8000000000029104,
  "12:55:00": -49.770000000004075,
  "13:00:00": -20.729999999995925,
  "13:05:00": 53.9600000000064,
  "13:10:00": -12.869999999995343,
  "13:15:00": 26.339999999996508,
  "13:20:00": -108.69999999999709,
  "13:25:00": 90.86000000000058,
  "13:30:00": -11.380000000004657,
  "13:35:00": -20.879999999990105,
  "13:40:00": 68.38999999999942,
  "13:45:00": 21.50999999999476,
  "13:50:00": 778.3099999999977,
  "13:55:00": -216.54000000000815,
  "14:00:00": 44.520000000004075,
  "14:05:00": 76.97000000000116,
  "14:10:00": 16.669999999998254,
  "14:15:00": 22.44000000000233
}