{
  "00:00:00": 103.44000000000233,
  "00:15:00": -2.610000000000582,
  "00:30:00": 78.93000000000757,
  "00:45:00": -10.55000000000291,
  "01:00:00": -45.76000000000931,
  "01:15:00": -5.669999999998254,
  "01:30:00": 42.0,
  "01:45:00": -21.020000000004075,
  "02:00:00": -17.160000000003492,
  "02:15:00": -132.65999999998894,
  "02:30:00": 54.20999999999185,
  "02:45:00": 185.9600000000064,
  "03:00:00": 169.32000000000698,
  "03:15:00": -284.47000000000116,
  "03:30:00": -56.30999999999767,
  "03:45:00": -77.66000000000349,
  "04:00:00": -146.88000000000466,
  "04:15:00": 75.69999999999709,
  "04:30:00": 114.30999999999767,
  "04:45:00": -78.97000000000116,
  "05:00:00": -43.779999999998836,
  "05:15:00": 4.220000000001164,
  "05:30:00": 63.38000000000466,
  "05:45:00": -66.38000000000466,
  "06:00:00": -58.2100000000064,
  "06:15:00": -90.22999999999593,
  "06:30:00": 70.93999999998778,
  "06:45:00": -250.64999999999418,
  "07:00:00": -59.979999999995925,
  "07:15:00": 103.72999999999593,
  "07:30:00": 63.13000000000466,
  "07:45:00": 49.94000000000233,
  "08:00:00": 26.94999999999709,
  "08:15:00": 75.64999999999418,
  "08:30:00": -46.579999999987194,
  "08:45:00": -98.45000000001164,
  "09:00:00": 171.32000000000698,
  "09:15:00": -9.729999999995925,
  "09:30:00": 7.099999999991269,
  "09:45:00": 29.75,
  "10:00:00": 95.13999999999942,
  "10:15:00": -119.65999999998894,
  "10:30:00": -23.660000000003492,
  "10:45:00": -61.51999999998952,
  "11:00:00": 305.75,
  "11:15:00": -40.83999999999651,
  "11:30:00": -24.80000000000291,
  "11:45:00": -114.69000000000233,
  "12:00:00": -11.660000000003492,
  "12:15:00": 28.520000000004075,
  "12:30:00": -88.99000000000524,
  "12:45:00": 51.83999999999651,
  "13:00:00": 8.64999999999418
}