{
  "00:00:00": 103.44000000000233,
  "00:15:00": -2.610000000000582,
  "00:30:00": 78.93000000000757,
  "00:45:00": -10.55000000000291,
  "01:00:00": -45.76000000000931,
  "01:15:00": 8.270000000004075
}