{
  "00:00:00": -227.99000000000524,
  "00:15:00": 186.40999999998894,
  "00:30:00": -325.2300000000105,
  "00:45:00": 135.2399999999907,
  "01:00:00": 165.57000000000698
}