{
  "00:00:00": -8.419999999998254,
  "00:05:00": -25.220000000001164,
  "00:10:00": 33.029999999998836,
  "00:15:00": -59.529999999998836,
  "00:20:00": 3.139999999999418,
  "00:25:00": -29.570000000006985,
  "00:30:00": -34.04999999998836,
  "00:35:00": 18.14999999999418,
  "00:40:00": -65.36999999999534,
  "00:45:00": 22.59999999999127,
  "00:50:00": 7.260000000009313,
  "00:55:00": -31.860000000000582,
  "01:00:00": 47.30000000000291,
  "01:05:00": 31.089999999996508,
  "01:10:00": 18.860000000000582,
  "01:15:00": -51.080000000001746,
  "01:20:00": -7.899999999994179,
  "01:25:00": -0.029999999998835847,
  "01:30:00": 16.020000000004075,
  "01:35:00": 106.94000000000233,
  "01:40:00": -19.860000000000582,
  "01:45:00": 32.419999999998254,
  "01:50:00": -38.529999999998836,
  "01:55:00": -19.210000000006403,
  "02:00:00": -17.820000000006985,
  "02:05:00": 74.47000000000116,
  "02:10:00": -5.959999999991851,
  "02:15:00": 2.220000000001164,
  "02:20:00": 44.419999999998254,
  "02:25:00": 18.39999999999418,
  "02:30:00": -3.039999999993597,
  "02:35:00": 20.839999999996508,
  "02:40:00": -1.0199999999895226,
  "02:45:00": -71.16999999999825,
  "02:50:00": -1.5099999999947613,
  "02:55:00": -6.680000000007567,
  "03:00:00": -200.56999999999243,
  "03:05:00": -95.32000000000698,
  "03:10:00": 58.720000000001164,
  "03:15:00": -11.639999999999418,
  "03:20:00": 74.16999999999825,
  "03:25:00": -20.0,
  "03:30:00": 15.75,
  "03:35:00": -54.580000000001746,
  "03:40:00": -141.66999999999825,
  "03:45:00": 11.320000000006985,
  "03:50:00": 2.970000000001164,
  "03:55:00": 22.630000000004657,
  "04:00:00": -35.279999999998836,
  "04:05:00": 54.11999999999534,
  "04:10:00": -26.39999999999418,
  "04:15:00": -35.40000000000873,
  "04:20:00": 50.01000000000931,
  "04:25:00": 49.20000000001164,
  "04:30:00": -18.380000000004657,
  "04:35:00": -10.960000000006403,
  "04:40:00": 0.0,
  "04:45:00": 19.520000000004075,
  "04:50:00": 34.01999999998952,
  "04:55:00": 67.7100000000064,
  "05:00:00": 33.38000000000466,
  "05:05:00": -9.539999999993597,
  "05:10:00": 8.849999999991269,
  "05:15:00": 3.610000000000582,
  "05:20:00": 5.990000000005239,
  "05:25:00": 8.0,
  "05:30:00": 12.009999999994761,
  "05:35:00": -51.179999999993015,
  "05:40:00": 31.39999999999418,
  "05:45:00": -31.25999999999476,
  "05:50:00": 45.770000000004075,
  "05:55:00": -13.429999999993015,
  "06:00:00": 20.119999999995343,
  "06:05:00": -8.989999999990687,
  "06:10:00": 46.529999999998836,
  "06:15:00": -5.05000000000291,
  "06:20:00": -22.59999999999127,
  "06:25:00": -17.110000000000582,
  "06:30:00": -54.520000000004075,
  "06:35:00": -54.69999999999709,
  "06:40:00": 18.29000000000815,
  "06:45:00": -24.660000000003492,
  "06:50:00": 19.389999999999418,
  "06:55:00": 13.190000000002328,
  "07:00:00": -24.55000000000291,
  "07:05:00": 62.54000000000815,
  "07:10:00": -5.720000000001164,
  "07:15:00": 15.630000000004657,
  "07:20:00": 10.860000000000582,
  "07:25:00": 8.469999999986612,
  "07:30:00": 9.290000000008149,
  "07:35:00": 1.1600000000034925,
  "07:40:00": -32.270000000004075,
  "07:45:00": 0.5,
  "07:50:00": 5.630000000004657,
  "07:55:00": 13.270000000004075,
  "08:00:00": 5.169999999998254,
  "08:05:00": 27.419999999998254,
  "08:10:00": 18.44999999999709,
  "08:15:00": 34.970000000001164,
  "08:20:00": 18.679999999993015,
  "08:25:00": 12.740000000005239,
  "08:30:00": 11.80000000000291,
  "08:35:00": -40.83999999999651,
  "08:40:00": 56.2899999999936,
  "08:45:00": -7.5499999999883585,
  "08:50:00": 30.90000000000873,
  "08:55:00": 31.189999999987776,
  "09:00:00": -24.369999999995343,
  "09:05:00": -56.55000000000291,
  "09:10:00": 19.520000000004075,
  "09:15:00": 123.74000000000524,
  "09:20:00": 154.47999999999593,
  "09:25:00": -43.80000000000291,
  "09:30:00": -22.419999999998254,
  "09:35:00": 11.10000000000582,
  "09:40:00": -33.08999999999651,
  "09:45:00": 6.9799999999959255,
  "09:50:00": -51.94999999999709,
  "09:55:00": 1.2599999999947613,
  "10:00:00": 80.55999999999767,
  "10:05:00": -18.839999999996508,
  "10:10:00": -27.080000000001746,
  "10:15:00": -27.50999999999476,
  "10:20:00": 42.59999999999127,
  "10:25:00": -10.629999999990105,
  "10:30:00": -2.3100000000122236,
  "10:35:00": 33.58999999999651,
  "10:40:00": 10.570000000006985,
  "10:45:00": -28.610000000000582,
  "10:50:00": -36.99000000000524,
  "10:55:00": 54.98000000001048,
  "11:00:00": -23.270000000004075,
  "11:05:00": 67.83999999999651,
  "11:10:00": 6.290000000008149,
  "11:15:00": -22.810000000012224,
  "11:20:00": -54.0399999999936,
  "11:25:00": -12.360000000000582,
  "11:30:00": -41.4600000000064,
  "11:35:00": 7.9100000000034925,
  "11:40:00": -52.80000000000291,
  "11:45:00": -15.519999999989523,
  "11:50:00": 29.40999999998894,
  "11:55:00": -17.39999999999418,
  "12:00:00": 21.05000000000291,
  "12:05:00": -108.90000000000873,
  "12:10:00": -14.599999999991269,
  "12:15:00": -8.460000000006403,
  "12:20:00": 7.55000000000291,
  "12:25:00": -18.14999999999418,
  "12:30:00": -14.339999999996508,
  "12:35:00": 73.14999999999418,
  "12:40:00": 7.130000000004657,
  "12:45:00": 91.08000000000175,
  "12:50:00": 53.370000000009895,
  "12:55:00": 26.389999999999418,
  "13:00:00": -53.59000000001106,
  "13:05:00": 36.310000000012224,
  "13:10:00": -36.63999999999942,
  "13:15:00": -17.44999999999709,
  "13:20:00": 41.220000000001164,
  "13:25:00": 58.56999999999243,
  "13:30:00": -43.5,
  "13:35:00": 7.540000000008149,
  "13:40:00": -29.19000000000233,
  "13:45:00": 47.73000000001048,
  "13:50:00": -16.99000000000524,
  "13:55:00": 52.75999999999476,
  "14:00:00": -39.76999999998952,
  "14:05:00": 33.24000000000524,
  "14:10:00": 12.860000000000582,
  "14:15:00": -26.080000000001746,
  "14:20:00": 258.00999999999476,
  "14:25:00": -62.55999999999767,
  "14:30:00": 101.77000000000407,
  "14:35:00": -4.5899999999965075,
  "14:40:00": -6.709999999991851,
  "14:45:00": -44.7100000000064,
  "14:50:00": 7.009999999994761,
  "14:55:00": -50.30000000000291,
  "15:00:00": -11.94999999999709,
  "15:05:00": 54.529999999998836,
  "15:10:00": 3.970000000001164,
  "15:15:00": 56.73999999999069,
  "15:20:00": -22.779999999998836,
  "15:25:00": -66.47000000000116,
  "15:30:00": 73.97000000000116,
  "15:35:00": -11.30000000000291,
  "15:40:00": 107.09999999999127,
  "15:45:00": 35.98000000001048,
  "15:50:00": -33.98999999999069,
  "15:55:00": -14.839999999996508,
  "16:00:00": -207.35000000000582,
  "16:05:00": 17.089999999996508,
  "16:10:00": -64.80000000000291,
  "16:15:00": -92.79000000000815,
  "16:20:00": -68.94999999999709,
  "16:25:00": 73.33000000000175,
  "16:30:00": -47.580000000001746,
  "16:35:00": 129.88999999999942,
  "16:40:00": 7.419999999998254,
  "16:45:00": -41.320000000006985,
  "16:50:00": 37.25,
  "16:55:00": -25.99000000000524,
  "17:00:00": -21.229999999995925,
  "17:05:00": -32.70999999999185,
  "17:10:00": -11.0,
  "17:15:00": -21.360000000000582,
  "17:20:00": 25.319999999992433,
  "17:25:00": 20.910000000003492,
  "17:30:00": 5.440000000002328,
  "17:35:00": 57.85000000000582,
  "17:40:00": 73.97999999999593,
  "17:45:00": 21.069999999992433,
  "17:50:00": 15.430000000007567,
  "17:55:00": -18.839999999996508,
  "18:00:00": 13.020000000004075,
  "18:05:00": -33.470000000001164,
  "18:10:00": 24.960000000006403,
  "18:15:00": 92.94999999999709,
  "18:20:00": 28.10000000000582,
  "18:25:00": -28.19000000000233,
  "18:30:00": -0.8200000000069849,
  "18:35:00": 44.05000000000291,
  "18:40:00": 9.599999999991269,
  "18:45:00": 57.580000000001746,
  "18:50:00": 7.529999999998836,
  "18:55:00": -40.979999999995925,
  "19:00:00": -20.30999999999767,
  "19:05:00": 81.33999999999651,
  "19:10:00": -48.05000000000291,
  "19:15:00": 13.419999999998254,
  "19:20:00": -28.220000000001164,
  "19:25:00": 0.6400000000139698,
  "19:30:00": 30.0,
  "19:35:00": 16.44000000000233,
  "19:40:00": 7.380000000004657,
  "19:45:00": -29.180000000007567,
  "19:50:00": -70.35000000000582,