{
  "00:00:00": -45.5399999999936,
  "00:15:00": -137.60000000000582,
  "00:30:00": -139.80999999999767,
  "00:45:00": 159.04999999998836,
  "01:00:00": -502.0,
  "01:15:00": 52.61999999999534,
  "01:30:00": 283.36999999999534,
  "01:45:00": 713.4700000000012,
  "02:00:00": 536.75,
  "02:15:00": -138.99000000000524,
  "02:30:00": 309.6200000000099,
  "02:45:00": -449.6999999999971,
  "03:00:00": 105.2899999999936,
  "03:15:00": -162.50999999999476,
  "03:30:00": 80.43999999998778,
  "03:45:00": -143.0899999999965,
  "04:00:00": -222.0500000000029,
  "04:15:00": 41.69000000000233,
  "04:30:00": 71.40999999998894,
  "04:45:00": -46.33999999999651,
  "05:00:00": -19.95000000001164,
  "05:15:00": 122.4600000000064,
  "05:30:00": -65.02999999999884,
  "05:45:00": -90.01000000000931,
  "06:00:00": -225.08000000000175,
  "06:15:00": -28.59999999999127,
  "06:30:00": -110.90999999998894,
  "06:45:00": -8.369999999995343,
  "07:00:00": 112.76999999998952,
  "07:15:00": -30.489999999990687,
  "07:30:00": 110.75999999999476,
  "07:45:00": 34.070000000006985,
  "08:00:00": 127.55999999999767,
  "08:15:00": -35.429999999993015,
  "08:30:00": -89.29000000000815,
  "08:45:00": -576.5399999999936,
  "09:00:00": 27.130000000004657,
  "09:15:00": 27.869999999995343,
  "09:30:00": -311.72000000000116,
  "09:45:00": 103.47000000000116,
  "10:00:00": 108.6299999999901,
  "10:15:00": 59.63000000000466,
  "10:30:00": -173.7399999999907,
  "10:45:00": 60.26000000000931,
  "11:00:00": 45.34999999999127,
  "11:15:00": 42.60000000000582,
  "11:30:00": -159.43000000000757,
  "11:45:00": 71.34000000001106,
  "12:00:00": 41.689999999987776,
  "12:15:00": -92.23999999999069,
  "12:30:00": 70.67999999999302,
  "12:45:00": -187.02999999999884,
  "13:00:00": 19.270000000004075,
  "13:15:00": 8.479999999995925,
  "13:30:00": 36.13000000000466,
  "13:45:00": 582.9599999999919,
  "14:00:00": 58.65000000000873
}