{
  "00:00:00": 18.10000000000582,
  "00:05:00": -94.97000000000116,
  "00:10:00": 24.09999999999127
}