{
  "00:00:00": 38.24000000000524,
  "00:15:00": 126.51000000000931,
  "00:30:00": 82.30000000000291,
  "00:45:00": -145.36999999999534,
  "01:00:00": 370.6499999999942,
  "01:15:00": -185.57000000000698,
  "01:30:00": -293.45999999999185,
  "01:45:00": -113.36999999999534,
  "02:00:00": 264.179999999993,
  "02:15:00": -95.38000000000466,
  "02:30:00": -358.4799999999959,
  "02:45:00": 146.47000000000116,
  "03:00:00": 117.52999999999884,
  "03:15:00": -86.80000000000291,
  "03:30:00": -184.6999999999971,
  "03:45:00": 148.02999999999884,
  "04:00:00": 169.43000000000757,
  "04:15:00": 131.95999999999185,
  "04:30:00": 120.88000000000466,
  "04:45:00": -97.0,
  "05:00:00": -1.0800000000017462,
  "05:15:00": -340.5,
  "05:30:00": -68.72000000000116,
  "05:45:00": 7.110000000000582,
  "06:00:00": -273.8999999999942,
  "06:15:00": 259.0200000000041,
  "06:30:00": 17.279999999998836,
  "06:45:00": 126.94000000000233,
  "07:00:00": 95.16000000000349,
  "07:15:00": -115.2100000000064,
  "07:30:00": -336.22000000000116,
  "07:45:00": -134.1999999999971,
  "08:00:00": -227.69000000000233,
  "08:15:00": 6.509999999994761,
  "08:30:00": 349.49000000000524,
  "08:45:00": 153.81999999999243,
  "09:00:00": 282.52999999999884,
  "09:15:00": 87.69999999999709,
  "09:30:00": -131.0100000000093,
  "09:45:00": 30.19999999999709,
  "10:00:00": 128.29000000000815,
  "10:15:00": 439.8799999999901,
  "10:30:00": 131.91999999999825,
  "10:45:00": 94.99000000000524,
  "11:00:00": -192.40000000000873,
  "11:15:00": -74.83000000000175,
  "11:30:00": -284.84999999999127,
  "11:45:00": 63.50999999999476,
  "12:00:00": 31.089999999996508,
  "12:15:00": -133.4899999999907,
  "12:30:00": 92.84999999999127,
  "12:45:00": -17.860000000000582,
  "13:00:00": -209.41999999999825,
  "13:15:00": -153.13000000000466,
  "13:30:00": -4.4100000000034925,
  "13:45:00": -34.129999999990105,
  "14:00:00": 132.88000000000466,
  "14:15:00": -52.5,
  "14:30:00": -548.5399999999936,
  "14:45:00": 612.5899999999965,
  "15:00:00": -833.4000000000087,
  "15:15:00": -523.5199999999895,
  "15:30:00": 189.72000000000116,
  "15:45:00": 194.97999999999593,
  "16:00:00": -648.9199999999983,
  "16:15:00": -10.479999999995925,
  "16:30:00": 345.83000000000175,
  "16:45:00": -28.129999999990105,
  "17:00:00": -144.50999999999476,
  "17:15:00": -242.45000000001164,
  "17:30:00": -61.629999999990105,
  "17:45:00": -170.6600000000035,
  "18:00:00": 329.56999999999243,
  "18:15:00": -219.5399999999936,
  "18:30:00": 134.6600000000035,
  "18:45:00": 52.169999999998254,
  "19:00:00": 363.0200000000041,
  "19:15:00": -255.33000000000175,
  "19:30:00": -90.97999999999593,
  "19:45:00": -101.11999999999534,
  "20:00:00": 180.33000000000175,
  "20:15:00": 85.68000000000757,
  "20:30:00": -24.279999999998836,
  "20:45:00": 81.06000000001222,
  "21:00:00": 82.97000000000116,
  "21:15:00": 213.24000000000524,
  "21:30:00": -323.72000000000116,
  "21:45:00": -62.83999999999651,
  "22:00:00": 35.0,
  "22:15:00": -21.30999999999767,
  "22:30:00": 120.95999999999185,
  "22:45:00": -65.41999999999825,
  "23:00:00": -4.369999999995343,
  "23:15:00": -6.169999999998254
}