{
  "00:00:00": 11.760000000009313,
  "00:05:00": 97.70999999999185,
  "00:10:00": -6.029999999998836,
  "00:15:00": 19.029999999998836,
  "00:20:00": -14.700000000011642,
  "00:25:00": -6.94999999999709,
  "00:30:00": 92.05999999999767,
  "00:35:00": -15.129999999990105,
  "00:40:00": 2.0100000000093132,
  "00:45:00": 16.039999999993597,
  "00:50:00": 39.44000000000233,
  "00:55:00": -76.25,
  "01:00:00": 58.86999999999534,
  "01:05:00": -11.55000000000291,
  "01:10:00": -93.08000000000175,
  "01:15:00": 11.55000000000291,
  "01:20:00": -47.11999999999534,
  "01:25:00": 29.910000000003492,
  "01:30:00": -23.919999999998254,
  "01:35:00": 41.14999999999418,
  "01:40:00": 24.770000000004075,
  "01:45:00": 13.160000000003492,
  "01:50:00": 21.05000000000291,
  "01:55:00": -57.86999999999534,
  "02:00:00": -5.100000000005821,
  "02:05:00": 28.379999999990105,
  "02:10:00": -41.88000000000466,
  "02:15:00": 3.9199999999982538
}