{
  "00:00:00": -227.99000000000524,
  "00:15:00": 186.40999999998894,
  "00:30:00": -325.2300000000105,
  "00:45:00": 135.2399999999907,
  "01:00:00": 27.360000000000582,
  "01:15:00": 113.22999999999593,
  "01:30:00": 474.5599999999977,
  "01:45:00": -298.6299999999901,
  "02:00:00": 21.30999999999767
}