{
  "00:00:00": 116.66999999999825,
  "00:05:00": -10.10000000000582,
  "00:10:00": -118.25,
  "00:15:00": -96.52999999999884,
  "00:20:00": 6.870000000009895,
  "00:25:00": 73.67999999999302,
  "00:30:00": 151.2100000000064,
  "00:35:00": 147.17999999999302,
  "00:40:00": 3.7599999999947613,
  "00:45:00": -128.80999999999767,
  "00:50:00": -0.6600000000034925,
  "00:55:00": 111.11000000000058,
  "01:00:00": -24.830000000001746,
  "01:05:00": 22.5,
  "01:10:00": 43.44000000000233,
  "01:15:00": -221.2100000000064,
  "01:20:00": 94.40000000000873,
  "01:25:00": -95.52000000000407,
  "01:30:00": 80.65000000000873,
  "01:35:00": 8.84000000001106,
  "01:40:00": 18.710000000006403,
  "01:45:00": 27.19000000000233,
  "01:50:00": -181.80999999999767,
  "01:55:00": -110.20999999999185,
  "02:00:00": -188.94000000000233,
  "02:05:00": 54.48999999999069,
  "02:10:00": -31.789999999993597,
  "02:15:00": -57.979999999995925,
  "02:20:00": -156.75999999999476,
  "02:25:00": 73.51999999998952,
  "02:30:00": 42.479999999995925,
  "02:35:00": -94.84999999999127,
  "02:40:00": 63.85000000000582,
  "02:45:00": 121.22000000000116,
  "02:50:00": -109.23999999999069,
  "02:55:00": 29.610000000000582,
  "03:00:00": -103.69000000000233,
  "03:05:00": -42.19000000000233,
  "03:10:00": 94.02999999999884,
  "03:15:00": -137.80999999999767,
  "03:20:00": 11.089999999996508,
  "03:25:00": 91.26999999998952,
  "03:30:00": 55.59000000001106,
  "03:35:00": -8.639999999999418,
  "03:40:00": -57.58999999999651,
  "03:45:00": -59.779999999998836,
  "03:50:00": -26.630000000004657,
  "03:55:00": 45.770000000004075,
  "04:00:00": 54.38999999999942,
  "04:05:00": -103.13999999999942,
  "04:10:00": 38.39999999999418,
  "04:15:00": 1.9199999999982538,
  "04:20:00": -23.529999999998836,
  "04:25:00": -23.610000000000582,
  "04:30:00": 27.20999999999185,
  "04:35:00": -90.04000000000815,
  "04:40:00": -66.93000000000757,
  "04:45:00": -100.11000000000058,
  "04:50:00": 31.010000000009313,
  "04:55:00": 1.7200000000011642,
  "05:00:00": 17.80999999999767,
  "05:05:00": 153.77999999999884,
  "05:10:00": 93.91999999999825,
  "05:15:00": 123.86999999999534,
  "05:20:00": -93.05000000000291,
  "05:25:00": -13.5,
  "05:30:00": -190.08000000000175,
  "05:35:00": -62.80000000000291,
  "05:40:00": -74.52000000000407,
  "05:45:00": -215.0500000000029,
  "05:50:00": 88.38000000000466,
  "05:55:00": -14.639999999999418,
  "06:00:00": -44.30999999999767,
  "06:05:00": 34.54999999998836,
  "06:10:00": 28.789999999993597,
  "06:15:00": -17.25999999999476,
  "06:20:00": -54.73000000001048,
  "06:25:00": 7.769999999989523,
  "06:30:00": -15.360000000000582,
  "06:35:00": 47.90000000000873,
  "06:40:00": 62.919999999998254,
  "06:45:00": -128.26999999998952,
  "06:50:00": 155.86000000000058,
  "06:55:00": 80.13999999999942,
  "07:00:00": 18.19000000000233,
  "07:05:00": -80.08000000000175,
  "07:10:00": 119.22999999999593,
  "07:15:00": 50.479999999995925,
  "07:20:00": 34.91000000000349,
  "07:25:00": -6.940000000002328,
  "07:30:00": -105.11000000000058,
  "07:35:00": -49.20999999999185,
  "07:40:00": 126.70999999999185,
  "07:45:00": -47.029999999998836,
  "07:50:00": 45.69000000000233,
  "07:55:00": -39.70999999999185,
  "08:00:00": -11.979999999995925,
  "08:05:00": 2.930000000007567,
  "08:10:00": -155.13999999999942,
  "08:15:00": -9.30000000000291,
  "08:20:00": -64.38999999999942,
  "08:25:00": -182.82000000000698,
  "08:30:00": -122.97999999999593,
  "08:35:00": -118.84999999999127,
  "08:40:00": -166.47000000000116,
  "08:45:00": -199.18999999998778,
  "08:50:00": -35.50999999999476,
  "08:55:00": -108.55000000000291,
  "09:00:00": -34.020000000004075,
  "09:05:00": 192.39999999999418,
  "09:10:00": -60.38000000000466,
  "09:15:00": 35.770000000004075,
  "09:20:00": -127.33999999999651,
  "09:25:00": -385.41999999999825,
  "09:30:00": -7.14000000001397,
  "09:35:00": 26.110000000000582,
  "09:40:00": -101.8700000000099,
  "09:45:00": -86.4600000000064,
  "09:50:00": 81.63000000000466,
  "09:55:00": 114.97999999999593,
  "10:00:00": -29.289999999993597,
  "10:05:00": -127.35000000000582,
  "10:10:00": 9.150000000008731,
  "10:15:00": 41.79000000000815,
  "10:20:00": 93.5399999999936,
  "10:25:00": -119.0,
  "10:30:00": -14.619999999995343,
  "10:35:00": -49.429999999993015,
  "10:40:00": 258.27999999999884,
  "10:45:00": 264.75999999999476,
  "10:50:00": -216.47999999999593,
  "10:55:00": 100.44999999999709,
  "11:00:00": 120.69000000000233,
  "11:05:00": 0.25,
  "11:10:00": -10.339999999996508,
  "11:15:00": -176.27999999999884,
  "11:20:00": 191.22000000000116,
  "11:25:00": -146.92999999999302,
  "11:30:00": 50.279999999998836,
  "11:35:00": 178.0100000000093,
  "11:40:00": 13.959999999991851,
  "11:45:00": -16.919999999998254,
  "11:50:00": -56.970000000001164,
  "11:55:00": 20.30000000000291,
  "12:00:00": 213.63999999999942,
  "12:05:00": 262.40000000000873,
  "12:10:00": 243.52999999999884,
  "12:15:00": -212.77999999999884,
  "12:20:00": 6.180000000007567,
  "12:25:00": 39.11000000000058,
  "12:30:00": -150.76999999998952,
  "12:35:00": 0.9900000000052387,
  "12:40:00": -66.11999999999534,
  "12:45:00": 23.25,
  "12:50:00": 6.940000000002328,
  "12:55:00": 2.529999999998836,
  "13:00:00": -251.86000000000058,
  "13:05:00": 42.05999999999767,
  "13:10:00": -218.3000000000029,
  "13:15:00": 148.1999999999971,
  "13:20:00": -25.819999999992433,
  "13:25:00": 8.69999999999709,
  "13:30:00": -72.77000000000407,
  "13:35:00": -56.58999999999651,
  "13:40:00": -120.04000000000815,
  "13:45:00": -107.50999999999476,
  "13:50:00": 165.30999999999767,
  "13:55:00": 21.669999999998254,
  "14:00:00": 277.3600000000006,
  "14:05:00": -2.0,
  "14:10:00": -39.61999999999534,
  "14:15:00": -56.24000000000524,
  "14:20:00": 67.05000000000291,
  "14:25:00": -66.0,
  "14:30:00": -229.99000000000524,
  "14:35:00": 114.66999999999825,
  "14:40:00": -525.2700000000041,
  "14:45:00": -167.05999999999767,
  "14:50:00": 505.320000000007,
  "14:55:00": -217.66999999999825,
  "15:00:00": 67.54999999998836,
  "15:05:00": 79.79000000000815,
  "15:10:00": 160.31999999999243,
  "15:15:00": -316.75,
  "15:20:00": 166.86999999999534,
  "15:25:00": 103.2100000000064,
  "15:30:00": 433.86999999999534,
  "15:35:00": 321.2399999999907,
  "15:40:00": -42.06999999999243,
  "15:45:00": 243.58000000000175,
  "15:50:00": -194.6600000000035,
  "15:55:00": 154.91999999999825,
  "16:00:00": 216.6200000000099,
  "16:05:00": 570.0200000000041,
  "16:10:00": -15.440000000002328,
  "16:15:00": -99.19999999999709,
  "16:20:00": 515.4600000000064,
  "16:25:00": -61.55999999999767,
  "16:30:00": -451.3299999999872,
  "16:35:00": -509.02999999999884,
  "16:40:00": -122.66999999999825,
  "16:45:00": 338.0200000000041,
  "16:50:00": 169.79000000000815,
  "16:55:00": -65.08000000000175,
  "17:00:00": -177.7600000000093,
  "17:05:00": -93.83000000000175,
  "17:10:00": 38.38999999999942,
  "17:15:00": 147.22000000000116,
  "17:20:00": 142.97000000000116,
  "17:25:00": -1.6199999999953434,
  "17:30:00": -358.08000000000175,
  "17:35:00": 125.94999999999709,
  "17:40:00": 145.95999999999185,
  "17:45:00": 137.94000000000233,
  "17:50:00": 0.0,
  "17:55:00": 30.339999999996508,
  "18:00:00": -45.779999999998836,
  "18:05:00": 0.04000000000814907,
  "18:10:00": -178.66999999999825,
  "18:15:00": 209.43000000000757,
  "18:20:00": 191.9499999999971,
  "18:25:00": -19.960000000006403,
  "18:30:00": 207.95000000001164,
  "18:35:00": 92.9200000000128,
  "18:40:00": -80.27999999999884,
  "18:45:00": 39.61999999999534,
  "18:50:00": 2.3000000000029104,
  "18:55:00": -91.15000000000873,
  "19:00:00": 6.760000000009313,
  "19:05:00": -260.3600000000006,
  "19:10:00": 227.56999999999243,
  "19:15:00": 45.270000000004075,
  "19:20:00": 136.02999999999884,
  "19:25:00": -154.38999999999942,
  "19:30:00": -162.27000000000407,
  "19:35:00": 117.94000000000233,
  "19:40:00": 97.08999999999651,
  "19:45:00": -117.86000000000058,
  "19:50:00": -78.18000000000757,