{
  "00:00:00": 38.24000000000524,
  "00:15:00": 18.830000000001746
}