{
  "00:00:00": 42.070000000006985,
  "00:05:00": -2.8800000000046566,
  "00:10:00": 90.86999999999534,
  "00:15:00": -118.25,
  "00:20:00": -3.849999999991269,
  "00:25:00": -102.23000000001048,
  "00:30:00": 48.05999999999767,
  "00:35:00": 12.009999999994761,
  "00:40:00": 121.43000000000757,
  "00:45:00": 7.5,
  "00:50:00": -27.389999999999418,
  "00:55:00": 1.4199999999982538,
  "01:00:00": 23.179999999993015,
  "01:05:00": -109.66000000000349,
  "01:10:00": 11.75,
  "01:15:00": 63.580000000001746,
  "01:20:00": 18.479999999995925,
  "01:25:00": -106.2899999999936,
  "01:30:00": -57.61000000000058,
  "01:35:00": 48.86000000000058,
  "01:40:00": -35.98999999999069,
  "01:45:00": 40.18000000000757,
  "01:50:00": -22.70999999999185,
  "01:55:00": -33.74000000000524,
  "02:00:00": 35.570000000006985,
  "02:05:00": 82.38000000000466,
  "02:10:00": -22.720000000001164,
  "02:15:00": 54.11000000000058,
  "02:20:00": -17.620000000009895,
  "02:25:00": 12.270000000004075,
  "02:30:00": 29.389999999999418,
  "02:35:00": 26.580000000001746,
  "02:40:00": -10.229999999995925,
  "02:45:00": 31.55000000000291,
  "02:50:00": 22.789999999993597,
  "02:55:00": -57.51999999998952,
  "03:00:00": -104.0,
  "03:05:00": 35.98000000001048,
  "03:10:00": -34.05000000000291,
  "03:15:00": 65.63000000000466,
  "03:20:00": -26.80000000000291,
  "03:25:00": -3.6900000000023283,
  "03:30:00": -55.9600000000064,
  "03:35:00": -43.90000000000873,
  "03:40:00": -27.110000000000582,
  "03:45:00": 32.81999999999243,
  "03:50:00": 28.580000000001746,
  "03:55:00": -30.15000000000873,
  "04:00:00": 6.399999999994179,
  "04:05:00": -51.83999999999651,
  "04:10:00": 2.1600000000034925,
  "04:15:00": -13.520000000004075,
  "04:20:00": 31.75,
  "04:25:00": -105.80999999999767,
  "04:30:00": -71.00999999999476,
  "04:35:00": 54.470000000001164,
  "04:40:00": -6.440000000002328,
  "04:45:00": 26.54000000000815,
  "04:50:00": 27.5,
  "04:55:00": -33.61000000000058,
  "05:00:00": 13.610000000000582,
  "05:05:00": 8.0,
  "05:10:00": 40.0,
  "05:15:00": -11.860000000000582,
  "05:20:00": -26.839999999996508,
  "05:25:00": -34.0,
  "05:30:00": -71.38999999999942,
  "05:35:00": 15.35000000000582,
  "05:40:00": -34.54000000000815,
  "05:45:00": -0.9099999999889405,
  "05:50:00": -33.19000000000233,
  "05:55:00": 68.55999999999767,
  "06:00:00": -25.229999999995925,
  "06:05:00": -11.779999999998836,
  "06:10:00": -60.38999999999214,
  "06:15:00": -549.7000000000044,
  "06:20:00": 13.37000000000262,
  "06:25:00": -384.9100000000035,
  "06:30:00": -471.67000000000553,
  "06:35:00": -317.2900000000009,
  "06:40:00": 269.7900000000009,
  "06:45:00": -282.34999999999854,
  "06:50:00": -369.8199999999997,
  "06:55:00": -176.11999999999534,
  "07:00:00": 327.09999999999854,
  "07:05:00": 115.72000000000116,
  "07:10:00": 110.66000000000349,
  "07:15:00": -4.3399999999965075,
  "07:20:00": -333.27999999999884,
  "07:25:00": 78.95999999999913,
  "07:30:00": 328.84999999999854,
  "07:35:00": 368.9800000000032,
  "07:40:00": -147.14999999999418,
  "07:45:00": -244.50999999999476,
  "07:50:00": 117.93000000000029,
  "07:55:00": -103.87000000000262,
  "08:00:00": -12.729999999995925,
  "08:05:00": -210.3000000000029,
  "08:10:00": 22.869999999995343,
  "08:15:00": -0.010000000002037268,
  "08:20:00": -48.279999999998836,
  "08:25:00": 55.43000000000029,
  "08:30:00": -59.63999999999942,
  "08:35:00": 92.13000000000466,
  "08:40:00": -41.61000000000058,
  "08:45:00": 31.599999999998545,
  "08:50:00": -72.31000000000495,
  "08:55:00": -95.57999999999447,
  "09:00:00": 75.86000000000058,
  "09:05:00": -162.01000000000204,
  "09:10:00": 315.6999999999971,
  "09:15:00": -115.01000000000204,
  "09:20:00": 315.4599999999991,
  "09:25:00": -65.13999999999942,
  "09:30:00": -120.43999999999505,
  "09:35:00": -81.19000000000233,
  "09:40:00": -21.56999999999971,
  "09:45:00": -44.98999999999796,
  "09:50:00": 126.0,
  "09:55:00": -50.30999999999767,
  "10:00:00": -186.91999999999825,
  "10:05:00": 76.68999999999505,
  "10:10:00": 17.81999999999971,
  "10:15:00": 181.6800000000003,
  "10:20:00": 166.05999999999767,
  "10:25:00": -71.67000000000553,
  "10:30:00": 169.9100000000035,
  "10:35:00": -17.530000000006112,
  "10:40:00": -40.63999999999942,
  "10:45:00": 5.690000000002328,
  "10:50:00": -5.69999999999709,
  "10:55:00": 59.63999999999942,
  "11:00:00": 142.01000000000204,
  "11:05:00": -100.81999999999971,
  "11:10:00": 34.06999999999971,
  "11:15:00": -28.25,
  "11:20:00": 62.89999999999418,
  "11:25:00": 128.7100000000064,
  "11:30:00": -68.22999999999593,
  "11:35:00": -142.0,
  "11:40:00": -29.470000000001164,
  "11:45:00": 35.63999999999942,
  "11:50:00": -97.2699999999968,
  "11:55:00": -103.97999999999593,
  "12:00:00": 26.839999999996508,
  "12:05:00": 30.560000000004948,
  "12:10:00": 36.32999999999447,
  "12:15:00": 105.81999999999971,
  "12:20:00": -39.330000000001746,
  "12:25:00": -0.5399999999935972,
  "12:30:00": -4.709999999999127,
  "12:35:00": 42.80999999999767,
  "12:40:00": -28.57999999999447,
  "12:45:00": -76.76000000000204,
  "12:50:00": -20.239999999997963,
  "12:55:00": 107.38999999999942,
  "13:00:00": -76.48999999999796,
  "13:05:00": 85.52999999999884,
  "13:10:00": 44.349999999998545,
  "13:15:00": -21.400000000001455,
  "13:20:00": 14.470000000001164,
  "13:25:00": -26.470000000001164,
  "13:30:00": 28.06999999999971,
  "13:35:00": -89.08000000000175,
  "13:40:00": 77.7300000000032,
  "13:45:00": 468.04999999999563,
  "13:50:00": 338.0699999999997,
  "13:55:00": 241.97000000000116,
  "14:00:00": -299.0400000000009,
  "14:05:00": 114.02999999999884,
  "14:10:00": -110.91000000000349,
  "14:15:00": 21.62000000000262,
  "14:20:00": -5.209999999999127,
  "14:25:00": -40.080000000001746,
  "14:30:00": -67.18000000000029,
  "14:35:00": 396.1900000000023,
  "14:40:00": -178.25,
  "14:45:00": -173.61000000000058,
  "14:50:00": -326.83000000000175,
  "14:55:00": 1.0399999999935972,
  "15:00:00": 111.66999999999825,
  "15:05:00": -133.48999999999796,
  "15:10:00": -181.8000000000029,
  "15:15:00": 14.930000000000291
}