{
  "00:00:00": 18.10000000000582,
  "00:05:00": -94.97000000000116,
  "00:10:00": 112.47999999999593,
  "00:15:00": 199.52000000000407,
  "00:20:00": 37.470000000001164,
  "00:25:00": -110.47000000000116,
  "00:30:00": -32.81999999999243,
  "00:35:00": -13.990000000005239,
  "00:40:00": 129.33000000000175,
  "00:45:00": -15.309999999997672,
  "00:50:00": -120.69999999999709,
  "00:55:00": -16.05999999999767,
  "01:00:00": -27.020000000004075,
  "01:05:00": 338.06999999999243,
  "01:10:00": 59.60000000000582,
  "01:15:00": -93.61999999999534,
  "01:20:00": -171.42999999999302,
  "01:25:00": 82.02999999999884,
  "01:30:00": -111.61999999999534,
  "01:35:00": -19.139999999999418,
  "01:40:00": -162.6999999999971,
  "01:45:00": -44.65000000000873,
  "01:50:00": -54.220000000001164,
  "01:55:00": -14.479999999995925,
  "02:00:00": 110.19999999999709,
  "02:05:00": 98.52999999999884,
  "02:10:00": 52.61999999999534,
  "02:15:00": -29.94000000000233,
  "02:20:00": -16.5,
  "02:25:00": -47.66000000000349,
  "02:30:00": -255.0,
  "02:35:00": -65.52999999999884,
  "02:40:00": -37.94999999999709,
  "02:45:00": 157.90000000000873,
  "02:50:00": -49.76999999998952,
  "02:55:00": 35.79999999998836,
  "03:00:00": 130.08000000000175,
  "03:05:00": 6.580000000001746,
  "03:10:00": -18.50999999999476,
  "03:15:00": -98.88000000000466,
  "03:20:00": 23.529999999998836,
  "03:25:00": -11.44999999999709,
  "03:30:00": -124.69999999999709,
  "03:35:00": 5.6600000000034925,
  "03:40:00": -69.13999999999942,
  "03:45:00": 76.02999999999884,
  "03:50:00": 39.49000000000524,
  "03:55:00": 31.630000000004657,
  "04:00:00": 30.820000000006985,
  "04:05:00": 47.80999999999767,
  "04:10:00": 88.7100000000064,
  "04:15:00": 22.95999999999185,
  "04:20:00": 53.36000000000058,
  "04:25:00": 52.44999999999709,
  "04:30:00": -201.13999999999942,
  "04:35:00": 170.22000000000116,
  "04:40:00": 151.8000000000029,
  "04:45:00": -49.929999999993015,
  "04:50:00": -128.25,
  "04:55:00": 81.95999999999185,
  "05:00:00": -34.479999999995925,
  "05:05:00": 32.30000000000291,
  "05:10:00": 6.600000000005821
}