{
  "00:00:00": -36.61000000000058,
  "00:05:00": 20.120000000009895,
  "00:10:00": 197.52999999999884,
  "00:15:00": -12.80000000000291,
  "00:20:00": 79.94000000000233,
  "00:25:00": 145.82000000000698,
  "00:30:00": -114.97999999999593,
  "00:35:00": 51.779999999998836,
  "00:40:00": -47.58999999999651,
  "00:45:00": -31.0,
  "00:50:00": -20.970000000001164,
  "00:55:00": -1.069999999992433,
  "01:00:00": 34.51000000000931,
  "01:05:00": 49.63999999999942,
  "01:10:00": 20.470000000001164,
  "01:15:00": -109.02000000000407,
  "01:20:00": -62.080000000001746,
  "01:25:00": 41.679999999993015,
  "01:30:00": 52.30000000000291,
  "01:35:00": 51.19000000000233,
  "01:40:00": 21.05999999999767,
  "01:45:00": -78.94000000000233,
  "01:50:00": -25.639999999999418,
  "01:55:00": 64.61000000000058,
  "02:00:00": 54.18000000000757,
  "02:05:00": -27.619999999995343,
  "02:10:00": -33.01000000000931,
  "02:15:00": 20.630000000004657,
  "02:20:00": -65.75,
  "02:25:00": -34.029999999998836,
  "02:30:00": 31.95999999999185,
  "02:35:00": 68.40000000000873,
  "02:40:00": 12.65999999998894,
  "02:45:00": -7.379999999990105,
  "02:50:00": -40.95999999999185,
  "02:55:00": -24.369999999995343,
  "03:00:00": 58.979999999995925,
  "03:05:00": -12.589999999996508,
  "03:10:00": -12.05000000000291,
  "03:15:00": -7.419999999998254,
  "03:20:00": 116.02999999999884,
  "03:25:00": 30.620000000009895,
  "03:30:00": -30.839999999996508,
  "03:35:00": 99.93000000000757,
  "03:40:00": -148.74000000000524,
  "03:45:00": -9.19999999999709,
  "03:50:00": 57.55999999999767,
  "03:55:00": -16.680000000007567,
  "04:00:00": -46.529999999998836,
  "04:05:00": 9.459999999991851,
  "04:10:00": -1.639999999999418,
  "04:15:00": -150.36999999999534,
  "04:20:00": 40.2100000000064,
  "04:25:00": 9.029999999998836,
  "04:30:00": 54.10000000000582,
  "04:35:00": 20.660000000003492,
  "04:40:00": 3.029999999998836,
  "04:45:00": -25.010000000009313,
  "04:50:00": -13.629999999990105,
  "04:55:00": 1.639999999999418,
  "05:00:00": 18.85000000000582,
  "05:05:00": -47.85000000000582,
  "05:10:00": 23.5,
  "05:15:00": -1.5599999999976717,
  "05:20:00": 95.30999999999767,
  "05:25:00": 54.88000000000466,
  "05:30:00": 489.99000000000524,
  "05:35:00": -50.029999999998836,
  "05:40:00": 65.63999999999942,
  "05:45:00": 65.13000000000466,
  "05:50:00": -146.50999999999476,
  "05:55:00": -37.470000000001164,
  "06:00:00": -26.30999999999767,
  "06:05:00": 80.86999999999534,
  "06:10:00": 15.020000000004075,
  "06:15:00": 18.080000000001746,
  "06:20:00": -169.0399999999936,
  "06:25:00": 15.520000000004075,
  "06:30:00": 109.08000000000175,
  "06:35:00": -13.55000000000291,
  "06:40:00": -60.28000000001339,
  "06:45:00": 79.13000000000466,
  "06:50:00": 50.669999999998254,
  "06:55:00": -45.2899999999936,
  "07:00:00": -15.680000000007567,
  "07:05:00": -15.05000000000291,
  "07:10:00": 17.439999999987776,
  "07:15:00": 26.05000000000291,
  "07:20:00": 101.3700000000099,
  "07:25:00": -7.039999999993597,
  "07:30:00": -13.869999999995343,
  "07:35:00": -26.570000000006985,
  "07:40:00": -27.870000000009895,
  "07:45:00": 3.75,
  "07:50:00": 6.290000000008149,
  "07:55:00": -58.770000000004075,
  "08:00:00": 30.119999999995343,
  "08:05:00": -23.80000000000291,
  "08:10:00": 31.680000000007567,
  "08:15:00": 34.25,
  "08:20:00": -12.05000000000291,
  "08:25:00": -28.379999999990105,
  "08:30:00": -109.63999999999942,
  "08:35:00": 50.729999999995925,
  "08:40:00": -12.05000000000291,
  "08:45:00": 9.189999999987776,
  "08:50:00": 92.2100000000064,
  "08:55:00": -16.520000000004075,
  "09:00:00": 294.36999999999534,
  "09:05:00": -50.38999999999942,
  "09:10:00": 4.669999999998254,
  "09:15:00": -22.089999999996508,
  "09:20:00": 48.220000000001164,
  "09:25:00": 38.120000000009895,
  "09:30:00": -52.820000000006985,
  "09:35:00": 5.669999999998254,
  "09:40:00": -16.019999999989523,
  "09:45:00": 13.029999999998836,
  "09:50:00": 31.80999999999767,
  "09:55:00": 33.38000000000466,
  "10:00:00": -27.960000000006403,
  "10:05:00": 33.05999999999767,
  "10:10:00": -38.00999999999476,
  "10:15:00": 58.38000000000466,
  "10:20:00": -98.45000000001164,
  "10:25:00": 118.45999999999185,
  "10:30:00": -25.34999999999127,
  "10:35:00": -5.240000000005239,
  "10:40:00": -69.31999999999243,
  "10:45:00": -111.22000000000116,
  "10:50:00": -60.679999999993015,
  "10:55:00": -38.35000000000582,
  "11:00:00": -31.180000000007567,
  "11:05:00": 37.64000000001397,
  "11:10:00": -92.29000000000815,
  "11:15:00": -28.970000000001164,
  "11:20:00": -26.429999999993015,
  "11:25:00": 65.76999999998952,
  "11:30:00": -57.69999999999709,
  "11:35:00": -108.19000000000233,
  "11:40:00": -253.3700000000099,
  "11:45:00": 29.979999999995925,
  "11:50:00": 23.15999999998894,
  "11:55:00": -177.63999999999942,
  "12:00:00": 65.14999999999418,
  "12:05:00": 33.669999999998254,
  "12:10:00": 61.229999999995925,
  "12:15:00": -145.11000000000058,
  "12:20:00": 105.45999999999185,
  "12:25:00": -109.72999999999593,
  "12:30:00": 67.88000000000466,
  "12:35:00": 14.870000000009895,
  "12:40:00": 63.830000000001746,
  "12:45:00": 22.919999999998254,
  "12:50:00": -15.94999999999709,
  "12:55:00": 63.20999999999185,
  "13:00:00": -305.3399999999965,
  "13:05:00": 14.979999999995925,
  "13:10:00": -116.41999999999825,
  "13:15:00": 91.36000000000058,
  "13:20:00": -213.86999999999534,
  "13:25:00": 190.33000000000175,
  "13:30:00": -319.2899999999936,
  "13:35:00": -343.9799999999959,
  "13:40:00": 92.40999999998894,
  "13:45:00": 157.44000000000233,
  "13:50:00": 160.77999999999884,
  "13:55:00": -142.25,
  "14:00:00": 66.58000000000175,
  "14:05:00": 111.27000000000407,
  "14:10:00": -52.429999999993015,
  "14:15:00": -136.36000000000058,
  "14:20:00": 151.61999999999534,
  "14:25:00": 61.720000000001164,
  "14:30:00": 38.520000000004075,
  "14:35:00": 68.76000000000931,
  "14:40:00": -47.5399999999936,
  "14:45:00": -109.76000000000931,
  "14:50:00": 106.86999999999534,
  "14:55:00": 10.010000000009313,
  "15:00:00": 356.1000000000058,
  "15:05:00": -62.080000000001746,
  "15:10:00": -480.7600000000093,
  "15:15:00": 207.11000000000058,
  "15:20:00": 206.43000000000757,
  "15:25:00": 158.23000000001048,
  "15:30:00": -416.54000000000815,
  "15:35:00": 99.75,
  "15:40:00": 95.63999999999942,
  "15:45:00": 47.86999999999534,
  "15:50:00": 115.88000000000466,
  "15:55:00": 194.79999999998836,
  "16:00:00": 153.20000000001164,
  "16:05:00": -3.2600000000093132,
  "16:10:00": -0.00999999999476131,
  "16:15:00": -109.33000000000175,
  "16:20:00": 207.66999999999825,
  "16:25:00": -512.5500000000029,
  "16:30:00": 70.3799999999901,
  "16:35:00": 113.86999999999534,
  "16:40:00": -26.05000000000291,
  "16:45:00": 159.34000000001106,
  "16:50:00": 48.50999999999476,
  "16:55:00": 99.26000000000931,
  "17:00:00": -105.66999999999825,
  "17:05:00": -377.84999999999127,
  "17:10:00": -240.1999999999971,
  "17:15:00": 58.070000000006985,
  "17:20:00": -38.830000000001746,
  "17:25:00": -73.08000000000175,
  "17:30:00": 3.5800000000017462,
  "17:35:00": 270.1100000000006,
  "17:40:00": -68.05999999999767,
  "17:45:00": 286.22000000000116,
  "17:50:00": 69.69999999999709,
  "17:55:00": 29.760000000009313,
  "18:00:00": 27.95999999999185,
  "18:05:00": -51.21999999998661,
  "18:10:00": -14.790000000008149,
  "18:15:00": -33.19999999999709,
  "18:20:00": 32.580000000001746,
  "18:25:00": 81.61999999999534,
  "18:30:00": 221.00999999999476,
  "18:35:00": -171.7899999999936,
  "18:40:00": 78.22999999999593,
  "18:45:00": -3.7700000000040745,
  "18:50:00": 44.08999999999651,
  "18:55:00": 95.68000000000757,
  "19:00:00": -213.75,
  "19:05:00": 93.33999999999651,
  "19:10:00": -88.13999999999942,
  "19:15:00": 12.0,
  "19:20:00": 7.009999999994761,
  "19:25:00": -105.77999999999884,
  "19:30:00": 165.52000000000407,
  "19:35:00": -21.24000000000524,
  "19:40:00": -143.88999999999942,
  "19:45:00": -33.30000000000291,