{
  "00:00:00": -83.85000000000582,
  "00:05:00": -59.169999999998254,
  "00:10:00": -81.58000000000175,
  "00:15:00": 230.36999999999534,
  "00:20:00": -74.94999999999709,
  "00:25:00": 31.0,
  "00:30:00": -285.4100000000035,
  "00:35:00": -47.98999999999069,
  "00:40:00": 5.7999999999883585,
  "00:45:00": 256.02999999999884,
  "00:50:00": -100.86000000000058,
  "00:55:00": -17.530000000013388,
  "01:00:00": 146.68000000000757,
  "01:05:00": -5.6600000000034925,
  "01:10:00": -113.66000000000349,
  "01:15:00": -22.620000000009895
}