{
  "00:00:00": 103.44000000000233,
  "00:15:00": -2.610000000000582,
  "00:30:00": 78.93000000000757,
  "00:45:00": -10.55000000000291,
  "01:00:00": -45.76000000000931,
  "01:15:00": -5.669999999998254,
  "01:30:00": 42.0,
  "01:45:00": -21.020000000004075,
  "02:00:00": -17.160000000003492,
  "02:15:00": 3.9199999999982538
}