{
  "00:00:00": -83.85000000000582,
  "00:05:00": -59.169999999998254,
  "00:10:00": -81.58000000000175,
  "00:15:00": 230.36999999999534,
  "00:20:00": -74.94999999999709,
  "00:25:00": 31.0,
  "00:30:00": -285.4100000000035,
  "00:35:00": -47.98999999999069,
  "00:40:00": 5.7999999999883585,
  "00:45:00": 256.02999999999884,
  "00:50:00": -100.86000000000058,
  "00:55:00": -17.530000000013388,
  "01:00:00": 146.68000000000757,
  "01:05:00": -5.6600000000034925,
  "01:10:00": -113.66000000000349,
  "01:15:00": -34.25,
  "01:20:00": -72.41999999999825,
  "01:25:00": 229.25,
  "01:30:00": 260.02999999999884,
  "01:35:00": 178.42999999999302,
  "01:40:00": 33.70999999999185,
  "01:45:00": -302.79999999998836,
  "01:50:00": -15.629999999990105,
  "01:55:00": 25.430000000007567,
  "02:00:00": -102.33999999999651,
  "02:05:00": -57.04999999998836,
  "02:10:00": -28.860000000000582,
  "02:15:00": 38.19000000000233,
  "02:20:00": -98.65000000000873,
  "02:25:00": -78.84999999999127,
  "02:30:00": -70.36000000000058,
  "02:35:00": 109.19999999999709,
  "02:40:00": 18.019999999989523,
  "02:45:00": 151.8000000000029,
  "02:50:00": 64.63999999999942,
  "02:55:00": 17.54999999998836,
  "03:00:00": -186.77999999999884,
  "03:05:00": 137.27999999999884,
  "03:10:00": -11.820000000006985,
  "03:15:00": 44.63999999999942,
  "03:20:00": -113.92999999999302,
  "03:25:00": -207.69000000000233,
  "03:30:00": -454.7299999999959,
  "03:35:00": 101.97999999999593,
  "03:40:00": -69.10000000000582,
  "03:45:00": 31.020000000004075,
  "03:50:00": -14.059999999997672,
  "03:55:00": 140.60000000000582,
  "04:00:00": -20.24000000000524,
  "04:05:00": 33.9600000000064,
  "04:10:00": 70.77999999999884,
  "04:15:00": -183.97000000000116,
  "04:20:00": -2.279999999998836,
  "04:25:00": -40.18000000000757,
  "04:30:00": -2.220000000001164,
  "04:35:00": -14.880000000004657,
  "04:40:00": 67.91999999999825,
  "04:45:00": 22.99000000000524,
  "04:50:00": 103.22000000000116,
  "04:55:00": 23.669999999998254,
  "05:00:00": 11.319999999992433,
  "05:05:00": 72.75999999999476,
  "05:10:00": 36.7899999999936,
  "05:15:00": 27.139999999999418,
  "05:20:00": -127.33999999999651,
  "05:25:00": 14.139999999999418,
  "05:30:00": -45.330000000001746,
  "05:35:00": 159.1600000000035,
  "05:40:00": 261.13000000000466,
  "05:45:00": -36.2899999999936,
  "05:50:00": 195.31999999999243,
  "05:55:00": -150.92999999999302,
  "06:00:00": -33.04000000000815,
  "06:05:00": 8.0,
  "06:10:00": -2.5899999999965075,
  "06:15:00": -53.76000000000931,
  "06:20:00": 9.75,
  "06:25:00": -23.870000000009895,
  "06:30:00": 361.8000000000029,
  "06:35:00": 65.60000000000582,
  "06:40:00": 121.2100000000064,
  "06:45:00": -10.0,
  "06:50:00": -162.19000000000233,
  "06:55:00": 0.6600000000034925,
  "07:00:00": -7.029999999998836,
  "07:05:00": -6.100000000005821,
  "07:10:00": -84.11999999999534,
  "07:15:00": -7.529999999998836
}