{
  "00:00:00": 133.4100000000035,
  "00:15:00": -102.93000000000757,
  "00:30:00": -15.639999999999418,
  "00:45:00": 85.41999999999825,
  "01:00:00": -183.39999999999418,
  "01:15:00": -28.289999999993597
}