{
  "00:00:00": 11.760000000009313,
  "00:05:00": 97.70999999999185,
  "00:10:00": -6.029999999998836,
  "00:15:00": 19.029999999998836,
  "00:20:00": -14.700000000011642,
  "00:25:00": -6.94999999999709,
  "00:30:00": 92.05999999999767,
  "00:35:00": -15.129999999990105,
  "00:40:00": 2.0100000000093132,
  "00:45:00": 16.039999999993597,
  "00:50:00": 39.44000000000233,
  "00:55:00": -76.25,
  "01:00:00": 58.86999999999534,
  "01:05:00": -11.55000000000291,
  "01:10:00": -93.08000000000175,
  "01:15:00": 11.55000000000291,
  "01:20:00": -47.11999999999534,
  "01:25:00": 29.910000000003492,
  "01:30:00": -23.919999999998254,
  "01:35:00": 41.14999999999418,
  "01:40:00": 24.770000000004075,
  "01:45:00": 13.160000000003492,
  "01:50:00": 21.05000000000291,
  "01:55:00": -57.86999999999534,
  "02:00:00": -5.100000000005821,
  "02:05:00": 28.379999999990105,
  "02:10:00": -41.88000000000466,
  "02:15:00": -15.339999999996508,
  "02:20:00": -90.70999999999185,
  "02:25:00": -26.619999999995343,
  "02:30:00": 17.470000000001164,
  "02:35:00": 20.680000000007567,
  "02:40:00": 17.04999999998836,
  "02:45:00": 46.01000000000931,
  "02:50:00": 10.559999999997672,
  "02:55:00": 130.41999999999825,
  "03:00:00": 22.619999999995343,
  "03:05:00": 25.889999999999418,
  "03:10:00": 119.79000000000815,
  "03:15:00": -181.9100000000035,
  "03:20:00": -44.69999999999709,
  "03:25:00": -60.48000000001048,
  "03:30:00": -8.25,
  "03:35:00": -31.539999999993597,
  "03:40:00": -16.860000000000582,
  "03:45:00": 6.3399999999965075,
  "03:50:00": -60.479999999995925,
  "03:55:00": -23.99000000000524,
  "04:00:00": -189.5500000000029,
  "04:05:00": -10.269999999989523,
  "04:10:00": 54.00999999999476,
  "04:15:00": 73.05000000000291,
  "04:20:00": 27.470000000001164,
  "04:25:00": -26.279999999998836,
  "04:30:00": -36.830000000001746,
  "04:35:00": 131.51999999998952,
  "04:40:00": 22.25,
  "04:45:00": -32.80000000000291,
  "04:50:00": -22.69000000000233,
  "04:55:00": -23.5,
  "05:00:00": 60.580000000001746,
  "05:05:00": -9.010000000009313,
  "05:10:00": -95.35000000000582,
  "05:15:00": -77.22999999999593,
  "05:20:00": 34.779999999998836,
  "05:25:00": 48.38999999999942,
  "05:30:00": -59.66000000000349,
  "05:35:00": 86.98999999999069,
  "05:40:00": 36.060000000012224,
  "05:45:00": -30.10000000000582,
  "05:50:00": 11.660000000003492,
  "05:55:00": -50.55999999999767,
  "06:00:00": -15.110000000000582,
  "06:05:00": -31.580000000001746,
  "06:10:00": -11.460000000006403,
  "06:15:00": -26.669999999998254,
  "06:20:00": -11.570000000006985,
  "06:25:00": -51.979999999995925,
  "06:30:00": -20.730000000010477,
  "06:35:00": 5.0,
  "06:40:00": 86.66999999999825,
  "06:45:00": -44.63999999999942,
  "06:50:00": -199.06999999999243,
  "06:55:00": -6.940000000002328,
  "07:00:00": -118.89999999999418,
  "07:05:00": -92.04000000000815,
  "07:10:00": 156.6200000000099,
  "07:15:00": -7.7700000000040745,
  "07:20:00": 85.33999999999651,
  "07:25:00": 23.770000000004075,
  "07:30:00": 15.789999999993597,
  "07:35:00": -53.5399999999936,
  "07:40:00": 100.8700000000099,
  "07:45:00": -8.130000000004657,
  "07:50:00": 37.05999999999767,
  "07:55:00": 21.010000000009313,
  "08:00:00": -45.70000000001164,
  "08:05:00": 11.509999999994761,
  "08:10:00": 61.11000000000058,
  "08:15:00": 62.5,
  "08:20:00": 41.23999999999069,
  "08:25:00": -28.080000000001746,
  "08:30:00": -13.15999999998894,
  "08:35:00": -17.029999999998836,
  "08:40:00": -13.769999999989523,
  "08:45:00": 15.009999999994761,
  "08:50:00": -31.570000000006985,
  "08:55:00": -81.91000000000349,
  "09:00:00": -10.229999999995925,
  "09:05:00": 53.49000000000524,
  "09:10:00": 125.68000000000757,
  "09:15:00": -1.8300000000017462
}