{
  "00:00:00": 210.16999999999825,
  "00:15:00": -45.44000000000233,
  "00:30:00": 680.7400000000052,
  "00:45:00": -111.59999999999127,
  "01:00:00": 417.8099999999977,
  "01:15:00": -363.429999999993,
  "01:30:00": 11.389999999999418,
  "01:45:00": -42.61000000000058,
  "02:00:00": -435.8099999999977,
  "02:15:00": 99.72000000000116,
  "02:30:00": 118.77999999999884,
  "02:45:00": -42.669999999998254,
  "03:00:00": 211.61000000000058,
  "03:15:00": 289.179999999993,
  "03:30:00": 105.25,
  "03:45:00": -65.33000000000175,
  "04:00:00": -77.16000000000349,
  "04:15:00": 193.64999999999418,
  "04:30:00": -120.98000000001048,
  "04:45:00": 55.68000000000757,
  "05:00:00": -158.25999999999476,
  "05:15:00": -33.43000000000757,
  "05:30:00": 296.90000000000873,
  "05:45:00": -240.38000000000466,
  "06:00:00": -127.15999999998894,
  "06:15:00": -333.6999999999971,
  "06:30:00": -6.330000000001746,
  "06:45:00": -63.060000000012224,
  "07:00:00": -509.2399999999907,
  "07:15:00": 93.22000000000116,
  "07:30:00": 180.2899999999936,
  "07:45:00": 43.60000000000582,
  "08:00:00": 42.60000000000582,
  "08:15:00": -323.0599999999977,
  "08:30:00": 242.72999999999593,
  "08:45:00": 309.2100000000064,
  "09:00:00": 110.14999999999418,
  "09:15:00": 11.860000000000582,
  "09:30:00": -22.880000000004657,
  "09:45:00": -224.38000000000466,
  "10:00:00": -22.260000000009313,
  "10:15:00": 112.66000000000349,
  "10:30:00": 33.75,
  "10:45:00": 27.74000000000524,
  "11:00:00": -225.8000000000029,
  "11:15:00": -17.539999999993597,
  "11:30:00": 218.30999999999767,
  "11:45:00": 65.64999999999418,
  "12:00:00": -5.419999999998254,
  "12:15:00": -216.19000000000233,
  "12:30:00": -149.88999999999942,
  "12:45:00": -29.270000000004075,
  "13:00:00": -103.77000000000407,
  "13:15:00": -44.30999999999767,
  "13:30:00": -225.99000000000524,
  "13:45:00": -152.15000000000146,
  "14:00:00": 114.1200000000099,
  "14:15:00": 28.919999999998254,
  "14:30:00": 1051.1000000000058,
  "14:45:00": 560.7299999999959,
  "15:00:00": 1267.5499999999884,
  "15:15:00": 143.47000000000116,
  "15:30:00": 977.7099999999919,
  "15:45:00": -413.7299999999959,
  "16:00:00": 546.1999999999971,
  "16:15:00": -276.5199999999895,
  "16:30:00": 466.45999999999185,
  "16:45:00": -405.1499999999942,
  "17:00:00": -29.19000000000233,
  "17:15:00": -26.080000000001746,
  "17:30:00": -564.3300000000017,
  "17:45:00": 349.08000000000175,
  "18:00:00": -0.7400000000052387,
  "18:15:00": -89.19000000000233,
  "18:30:00": 28.039999999993597,
  "18:45:00": -243.10000000000582,
  "19:00:00": -136.52999999999884,
  "19:15:00": 70.47999999999593,
  "19:30:00": -63.36000000000058,
  "19:45:00": 183.4600000000064,
  "20:00:00": -229.38000000000466,
  "20:15:00": 223.89999999999418,
  "20:30:00": 277.0199999999895,
  "20:45:00": -116.0,
  "21:00:00": 162.8399999999965,
  "21:15:00": 146.94000000000233,
  "21:30:00": 37.35000000000582,
  "21:45:00": -46.080000000001746,
  "22:00:00": -164.3399999999965,
  "22:15:00": 115.38999999999942,
  "22:30:00": 51.59000000001106,
  "22:45:00": 29.330000000001746,
  "23:00:00": -215.83000000000175,
  "23:15:00": -221.34000000001106,
  "23:30:00": -215.25999999999476,
  "23:45:00": 33.229999999995925
}