{
  "00:00:00": 16.89999999999418,
  "00:05:00": -10.0,
  "00:10:00": 127.60000000000582,
  "00:15:00": -7.470000000001164,
  "00:20:00": 34.44000000000233,
  "00:25:00": -125.15000000000873,
  "00:30:00": 16.070000000006985,
  "00:35:00": 1.1299999999901047,
  "00:40:00": -31.720000000001164,
  "00:45:00": 20.970000000001164,
  "00:50:00": 39.94999999999709,
  "00:55:00": 24.5,
  "01:00:00": -70.72999999999593,
  "01:05:00": -1.6999999999970896,
  "01:10:00": -108.08999999999651,
  "01:15:00": 54.5,
  "01:20:00": -14.720000000001164,
  "01:25:00": -383.9499999999971,
  "01:30:00": 396.65000000000873,
  "01:35:00": 145.5,
  "01:40:00": 164.0,
  "01:45:00": -1.0899999999965075,
  "01:50:00": 34.919999999998254,
  "01:55:00": 57.99000000000524,
  "02:00:00": -50.30000000000291,
  "02:05:00": 61.120000000009895,
  "02:10:00": 61.10999999998603,
  "02:15:00": -155.91999999999825,
  "02:20:00": 23.49000000000524,
  "02:25:00": 136.20999999999185,
  "02:30:00": -159.49000000000524,
  "02:35:00": 63.40999999998894,
  "02:40:00": 104.52999999999884,
  "02:45:00": -24.020000000004075,
  "02:50:00": -119.97999999999593,
  "02:55:00": 42.419999999998254,
  "03:00:00": 2.9100000000034925,
  "03:05:00": -8.720000000001164,
  "03:10:00": -175.75,
  "03:15:00": 1.139999999999418,
  "03:20:00": 119.33000000000175,
  "03:25:00": -7.649999999994179,
  "03:30:00": -30.179999999993015,
  "03:35:00": -47.25,
  "03:40:00": -8.740000000005239,
  "03:45:00": -15.869999999995343,
  "03:50:00": -3.9199999999982538,
  "03:55:00": 8.19999999999709,
  "04:00:00": -4.779999999998836,
  "04:05:00": -94.40000000000873,
  "04:10:00": -69.33000000000175,
  "04:15:00": 15.210000000006403,
  "04:20:00": 49.470000000001164,
  "04:25:00": -114.04000000000815,
  "04:30:00": 35.99000000000524,
  "04:35:00": -184.51999999998952,
  "04:40:00": -197.90000000000873,
  "04:45:00": 26.629999999990105,
  "04:50:00": -35.30999999999767,
  "04:55:00": 98.89999999999418,
  "05:00:00": 12.160000000003492,
  "05:05:00": -121.44999999999709,
  "05:10:00": 36.80999999999767,
  "05:15:00": 52.23000000001048,
  "05:20:00": -171.82000000000698,
  "05:25:00": -20.369999999995343,
  "05:30:00": -88.52999999999884,
  "05:35:00": -8.5,
  "05:40:00": -100.86000000000058,
  "05:45:00": -40.75,
  "05:50:00": 201.20999999999185,
  "05:55:00": 67.44000000000233,
  "06:00:00": 0.5599999999976717,
  "06:05:00": -99.51999999998952,
  "06:10:00": -29.70000000001164,
  "06:15:00": 82.9600000000064,
  "06:20:00": 121.27999999999884,
  "06:25:00": -92.77000000000407,
  "06:30:00": -26.360000000000582,
  "06:35:00": 128.8000000000029,
  "06:40:00": 145.44000000000233,
  "06:45:00": 70.11999999999534,
  "06:50:00": -142.82000000000698,
  "06:55:00": 3.3400000000110595,
  "07:00:00": 175.5500000000029,
  "07:05:00": -117.30000000000291,
  "07:10:00": -100.30999999999767,
  "07:15:00": 100.30000000000291,
  "07:20:00": 89.29999999998836,
  "07:25:00": 111.36000000000058,
  "07:30:00": 105.52999999999884,
  "07:35:00": -70.38999999999942,
  "07:40:00": 180.77000000000407,
  "07:45:00": 43.669999999998254,
  "07:50:00": -1.2299999999959255,
  "07:55:00": -56.19000000000233,
  "08:00:00": -115.80000000000291,
  "08:05:00": -11.89999999999418,
  "08:10:00": 3.2400000000052387,
  "08:15:00": 34.669999999998254,
  "08:20:00": -78.99000000000524,
  "08:25:00": 37.270000000004075,
  "08:30:00": -0.00999999999476131,
  "08:35:00": -21.880000000004657,
  "08:40:00": 2.0500000000029104,
  "08:45:00": -8.539999999993597,
  "08:50:00": -79.5,
  "08:55:00": -37.23000000001048,
  "09:00:00": -4.769999999989523,
  "09:05:00": -120.31999999999243,
  "09:10:00": -95.27000000000407,
  "09:15:00": 7.25,
  "09:20:00": -128.1999999999971,
  "09:25:00": -45.55999999999767,
  "09:30:00": -86.93000000000757,
  "09:35:00": 23.19000000000233,
  "09:40:00": 198.77000000000407,
  "09:45:00": -67.07000000000698,
  "09:50:00": 8.669999999998254,
  "09:55:00": 69.11000000000058,
  "10:00:00": 83.94999999999709,
  "10:05:00": 25.139999999999418,
  "10:10:00": 11.270000000004075,
  "10:15:00": -32.88999999999942,
  "10:20:00": 110.11000000000058,
  "10:25:00": 5.099999999991269,
  "10:30:00": -167.02999999999884,
  "10:35:00": -66.15999999998894,
  "10:40:00": 20.14999999999418,
  "10:45:00": -23.029999999998836,
  "10:50:00": -2.889999999999418,
  "10:55:00": 2.9100000000034925,
  "11:00:00": -75.4600000000064,
  "11:05:00": -9.839999999996508,
  "11:10:00": 114.60000000000582,
  "11:15:00": -31.660000000003492,
  "11:20:00": -2.8800000000046566,
  "11:25:00": 28.130000000004657,
  "11:30:00": -67.47999999999593,
  "11:35:00": 118.07000000000698,
  "11:40:00": -217.5,
  "11:45:00": -77.75999999999476,
  "11:50:00": -42.44000000000233,
  "11:55:00": -50.179999999993015,
  "12:00:00": -52.30000000000291,
  "12:05:00": -314.97000000000116,
  "12:10:00": 81.79000000000815,
  "12:15:00": 256.320000000007,
  "12:20:00": -87.22000000000116,
  "12:25:00": -91.41000000000349,
  "12:30:00": -121.5,
  "12:35:00": -119.59000000001106,
  "12:40:00": -10.379999999990105,
  "12:45:00": 21.770000000004075,
  "12:50:00": 146.95000000001164,
  "12:55:00": 15.459999999991851,
  "13:00:00": 12.889999999999418,
  "13:05:00": 42.79000000000815,
  "13:10:00": 19.279999999998836,
  "13:15:00": -13.200000000011642
}