{
  "00:00:00": -83.85000000000582,
  "00:05:00": -59.169999999998254,
  "00:10:00": -81.58000000000175,
  "00:15:00": 230.36999999999534,
  "00:20:00": -74.94999999999709,
  "00:25:00": 31.0,
  "00:30:00": -285.4100000000035,
  "00:35:00": -47.98999999999069,
  "00:40:00": 5.7999999999883585,
  "00:45:00": 256.02999999999884,
  "00:50:00": -100.86000000000058,
  "00:55:00": -17.530000000013388,
  "01:00:00": 146.68000000000757,
  "01:05:00": -5.6600000000034925,
  "01:10:00": -113.66000000000349,
  "01:15:00": -34.25,
  "01:20:00": -72.41999999999825,
  "01:25:00": 229.25,
  "01:30:00": 260.02999999999884,
  "01:35:00": 178.42999999999302,
  "01:40:00": 33.70999999999185,
  "01:45:00": -302.79999999998836,
  "01:50:00": -15.629999999990105,
  "01:55:00": 25.430000000007567,
  "02:00:00": -102.33999999999651,
  "02:05:00": -57.04999999998836,
  "02:10:00": -28.860000000000582,
  "02:15:00": 38.19000000000233,
  "02:20:00": -98.65000000000873,
  "02:25:00": -78.84999999999127,
  "02:30:00": -70.36000000000058,
  "02:35:00": 109.19999999999709,
  "02:40:00": 18.019999999989523,
  "02:45:00": 151.8000000000029,
  "02:50:00": 64.63999999999942,
  "02:55:00": 17.54999999998836,
  "03:00:00": -186.77999999999884,
  "03:05:00": 137.27999999999884,
  "03:10:00": -11.820000000006985,
  "03:15:00": 44.63999999999942,
  "03:20:00": -113.92999999999302,
  "03:25:00": -207.69000000000233,
  "03:30:00": -454.7299999999959,
  "03:35:00": 101.97999999999593,
  "03:40:00": -69.10000000000582,
  "03:45:00": 31.020000000004075,
  "03:50:00": -14.059999999997672,
  "03:55:00": 140.60000000000582,
  "04:00:00": -20.24000000000524,
  "04:05:00": 33.9600000000064,
  "04:10:00": 70.77999999999884,
  "04:15:00": -183.97000000000116,
  "04:20:00": -2.279999999998836,
  "04:25:00": -40.18000000000757,
  "04:30:00": -2.220000000001164,
  "04:35:00": -14.880000000004657,
  "04:40:00": 67.91999999999825,
  "04:45:00": 22.99000000000524,
  "04:50:00": 103.22000000000116,
  "04:55:00": 23.669999999998254,
  "05:00:00": 11.319999999992433,
  "05:05:00": 72.75999999999476,
  "05:10:00": 36.7899999999936,
  "05:15:00": 27.139999999999418,
  "05:20:00": -127.33999999999651,
  "05:25:00": 14.139999999999418,
  "05:30:00": -45.330000000001746,
  "05:35:00": 159.1600000000035,
  "05:40:00": 261.13000000000466,
  "05:45:00": -36.2899999999936,
  "05:50:00": 195.31999999999243,
  "05:55:00": -150.92999999999302,
  "06:00:00": -33.04000000000815,
  "06:05:00": 8.0,
  "06:10:00": -2.5899999999965075,
  "06:15:00": -53.76000000000931,
  "06:20:00": 9.75,
  "06:25:00": -23.870000000009895,
  "06:30:00": 361.8000000000029,
  "06:35:00": 65.60000000000582,
  "06:40:00": 121.2100000000064,
  "06:45:00": -10.0,
  "06:50:00": -162.19000000000233,
  "06:55:00": 0.6600000000034925,
  "07:00:00": -7.029999999998836,
  "07:05:00": -6.100000000005821,
  "07:10:00": -84.11999999999534,
  "07:15:00": 5.669999999998254,
  "07:20:00": 106.69000000000233,
  "07:25:00": 252.57000000000698,
  "07:30:00": -6.9100000000034925,
  "07:35:00": 21.220000000001164,
  "07:40:00": 183.22999999999593,
  "07:45:00": 462.0200000000041,
  "07:50:00": -96.23000000001048,
  "07:55:00": 169.81000000001222,
  "08:00:00": -100.08000000000175,
  "08:05:00": 315.20999999999185,
  "08:10:00": -272.91999999999825,
  "08:15:00": -165.36999999999534,
  "08:20:00": -2.8300000000017462,
  "08:25:00": 49.94000000000233,
  "08:30:00": 198.76999999998952,
  "08:35:00": 26.04000000000815,
  "08:40:00": 353.6399999999994,
  "08:45:00": 710.1999999999971,
  "08:50:00": 65.08000000000175,
  "08:55:00": 348.09000000001106,
  "09:00:00": -201.8000000000029,
  "09:05:00": 219.93000000000757,
  "09:10:00": 57.370000000009895,
  "09:15:00": 109.13999999999942,
  "09:20:00": 49.33999999999651,
  "09:25:00": 72.36999999999534,
  "09:30:00": 162.77999999999884,
  "09:35:00": 212.25999999999476,
  "09:40:00": 71.08000000000175,
  "09:45:00": 65.7899999999936,
  "09:50:00": -369.1899999999878,
  "09:55:00": 55.38999999999942,
  "10:00:00": 113.33000000000175,
  "10:05:00": 203.39999999999418,
  "10:10:00": -178.4100000000035,
  "10:15:00": -172.11999999999534,
  "10:20:00": -102.77999999999884,
  "10:25:00": 139.00999999999476,
  "10:30:00": -169.58000000000175,
  "10:35:00": -12.059999999997672,
  "10:40:00": -30.910000000003492,
  "10:45:00": -49.65999999998894,
  "10:50:00": 6.9500000000116415,
  "10:55:00": 71.25,
  "11:00:00": 10.89999999999418,
  "11:05:00": -90.36000000000058,
  "11:10:00": 158.9499999999971,
  "11:15:00": 31.139999999999418,
  "11:20:00": -155.05999999999767,
  "11:25:00": -68.69000000000233,
  "11:30:00": -61.35000000000582,
  "11:35:00": -179.02000000000407,
  "11:40:00": 122.61000000000058,
  "11:45:00": -53.580000000001746,
  "11:50:00": 118.27000000000407,
  "11:55:00": -74.00999999999476,
  "12:00:00": -111.9600000000064,
  "12:05:00": -129.19000000000233,
  "12:10:00": 15.419999999998254,
  "12:15:00": -88.5,
  "12:20:00": -120.10999999998603,
  "12:25:00": -42.060000000012224,
  "12:30:00": 178.27000000000407,
  "12:35:00": 106.49000000000524,
  "12:40:00": 52.26999999998952,
  "12:45:00": 157.47000000000116,
  "12:50:00": 9.94999999999709,
  "12:55:00": 212.2899999999936,
  "13:00:00": -22.689999999987776,
  "13:05:00": 208.69000000000233,
  "13:10:00": -231.80999999999767,
  "13:15:00": 20.680000000007567,
  "13:20:00": -63.7100000000064,
  "13:25:00": 100.2899999999936,
  "13:30:00": -31.139999999999418,
  "13:35:00": 114.5799999999872,
  "13:40:00": 3.610000000000582,
  "13:45:00": -50.61999999999534,
  "13:50:00": 25.430000000007567,
  "13:55:00": 67.58000000000175,
  "14:00:00": -35.88999999999942,
  "14:05:00": 117.47000000000116,
  "14:10:00": 239.25,
  "14:15:00": -78.58999999999651,
  "14:20:00": -129.58000000000175,
  "14:25:00": 153.39999999999418,
  "14:30:00": 696.2899999999936,
  "14:35:00": -523.0800000000017,
  "14:40:00": -485.91999999999825,
  "14:45:00": 238.84999999999127,
  "14:50:00": 50.330000000001746,
  "14:55:00": -73.39999999999418,
  "15:00:00": 49.020000000004075,
  "15:05:00": 341.29000000000815,
  "15:10:00": -19.14999999999418,
  "15:15:00": 346.81999999999243,
  "15:20:00": -52.30000000000291,
  "15:25:00": 687.5,
  "15:30:00": -147.25999999999476,
  "15:35:00": -137.41999999999825,
  "15:40:00": 14.010000000009313,
  "15:45:00": 150.88000000000466,
  "15:50:00": 247.81000000001222,
  "15:55:00": 298.25999999999476,
  "16:00:00": -118.60000000000582,
  "16:05:00": -356.9100000000035,
  "16:10:00": -68.13000000000466,
  "16:15:00": -26.019999999989523,
  "16:20:00": -197.36000000000058,
  "16:25:00": 339.77999999999884,
  "16:30:00": 131.60000000000582,
  "16:35:00": 74.33999999999651,
  "16:40:00": -10.320000000006985,
  "16:45:00": 99.35000000000582,
  "16:50:00": 40.80999999999767,
  "16:55:00": 12.809999999997672,
  "17:00:00": 103.33999999999651,
  "17:05:00": 13.05000000000291,
  "17:10:00": 133.8799999999901,
  "17:15:00": -270.77999999999884,
  "17:20:00": -253.36000000000058,
  "17:25:00": 37.979999999995925,
  "17:30:00": 86.43000000000757,
  "17:35:00": -14.680000000007567,
  "17:40:00": 7.3399999999965075,
  "17:45:00": 96.05000000000291,
  "17:50:00": 66.56999999999243,
  "17:55:00": -93.91000000000349,
  "18:00:00": 117.41000000000349,
  "18:05:00": -42.580000000001746,
  "18:10:00": -248.90999999998894,
  "18:15:00": 317.5399999999936,
  "18:20:00": -13.380000000004657,
  "18:25:00": 67.6200000000099,
  "18:30:00": -155.43000000000757,
  "18:35:00": 8.05000000000291,
  "18:40:00": 247.16999999999825,
  "18:45:00": 0.8000000000029104,
  "18:50:00": 87.80000000000291,
  "18:55:00": 84.86000000000058,
  "19:00:00": -92.84999999999127,
  "19:05:00": 71.85000000000582,
  "19:10:00": 222.25,
  "19:15:00": 102.39999999999418,
  "19:20:00": -313.84999999999127,
  "19:25:00": -92.09999999999127,
  "19:30:00": 10.669999999998254,
  "19:35:00": 244.44000000000233,
  "19:40:00": -112.13000000000466,
  "19:45:00": -51.070000000006985,
  "19:50:00": 89.41999999999825,