{
  "00:00:00": 130.06,
  "00:15:00": -224.33,
  "00:30:00": 181.5,
  "00:45:00": -18.47,
  "01:00:00": -74.73,
  "01:15:00": -24.229999999995925,
  "01:30:00": -44.75,
  "01:45:00": -16.279999999998836,
  "02:00:00": 95.23000000001048,
  "02:15:00": 50.11999999999534,
  "02:30:00": 45.74000000000524,
  "02:45:00": -7.989999999990687,
  "03:00:00": -102.07000000000698,
  "03:15:00": 36.070000000006985,
  "03:30:00": -129.8000000000029,
  "03:45:00": 31.239999999990687,
  "04:00:00": -43.279999999998836,
  "04:15:00": -87.58000000000175,
  "04:30:00": -22.979999999995925,
  "04:45:00": 20.430000000007567,
  "05:00:00": 51.61999999999534,
  "05:15:00": -72.69999999999709,
  "05:30:00": -90.8700000000099,
  "05:45:00": 34.94000000000233,
  "06:00:00": -97.38999999999214,
  "06:15:00": -921.2400000000052,
  "06:30:00": -520.7000000000044,
  "06:45:00": -829.2999999999956,
  "07:00:00": 553.4700000000012,
  "07:15:00": -258.66999999999825,
  "07:30:00": 544.8800000000047,
  "07:45:00": -232.61000000000058,
  "08:00:00": -200.16999999999825,
  "08:15:00": 7.150000000001455,
  "08:30:00": -9.150000000001455,
  "08:45:00": -137.55999999999767,
  "09:00:00": 229.52999999999884,
  "09:15:00": 136.47999999999593,
  "09:30:00": -223.20999999999913,
  "09:45:00": 32.93000000000029,
  "10:00:00": -92.94000000000233,
  "10:15:00": 276.04999999999563,
  "10:30:00": 111.73999999999796,
  "10:45:00": 59.62000000000262,
  "11:00:00": 75.25,
  "11:15:00": 165.61000000000058,
  "11:30:00": -239.6999999999971,
  "11:45:00": -166.23999999999796,
  "12:00:00": 93.72999999999593,
  "12:15:00": 65.95000000000437,
  "12:30:00": 9.520000000004075,
  "12:45:00": 10.029999999998836,
  "13:00:00": 53.38999999999942,
  "13:15:00": -33.400000000001455,
  "13:30:00": 16.709999999999127,
  "13:45:00": 1051.2799999999988,
  "14:00:00": -291.73999999999796,
  "14:15:00": -23.68000000000029,
  "14:30:00": 140.81000000000495,
  "14:45:00": -499.42000000000553,
  "15:00:00": -204.52999999999884,
  "15:15:00": 523.9400000000023,
  "15:30:00": 81.2699999999968,
  "15:45:00": 1.9899999999979627,
  "16:00:00": 46.0,
  "16:15:00": 52.650000000001455,
  "16:30:00": 232.4699999999939,
  "16:45:00": -77.86999999999534,
  "17:00:00": -140.9800000000032,
  "17:15:00": 152.36000000000058,
  "17:30:00": -147.9800000000032,
  "17:45:00": 481.99000000000524,
  "18:00:00": -192.70000000000437,
  "18:15:00": -84.5399999999936,
  "18:30:00": 485.22000000000844,
  "18:45:00": 234.34999999999127,
  "19:00:00": -141.16999999999825,
  "19:15:00": -34.90000000000873,
  "19:30:00": 653.3500000000058,
  "19:45:00": -30.680000000007567,
  "20:00:00": 220.74000000000524,
  "20:15:00": 171.11999999999534,
  "20:30:00": 31.70999999999185,
  "20:45:00": 182.8000000000029,
  "21:00:00": -383.5200000000041,
  "21:15:00": -101.69999999999709,
  "21:30:00": 359.9899999999907,
  "21:45:00": -113.86000000000058,
  "22:00:00": 211.86999999999534,
  "22:15:00": 65.66999999999825,
  "22:30:00": 335.5200000000041,
  "22:45:00": -221.52000000000407,
  "23:00:00": -159.72000000000116,
  "23:15:00": -65.31999999999243,
  "23:30:00": -11.360000000000582,
  "23:45:00": 77.35000000000582
}