{
  "00:00:00": -83.85000000000582,
  "00:05:00": -59.169999999998254,
  "00:10:00": -81.58000000000175,
  "00:15:00": 2.0099999999947613
}