{
  "00:00:00": -39.08999999999651,
  "00:05:00": 35.7899999999936,
  "00:10:00": -11.60000000000582,
  "00:15:00": -62.66000000000349,
  "00:20:00": -90.44000000000233,
  "00:25:00": -8.94999999999709,
  "00:30:00": -165.06999999999243,
  "00:35:00": -100.11000000000058,
  "00:40:00": -12.0,
  "00:45:00": -99.11000000000058,
  "00:50:00": 65.11000000000058,
  "00:55:00": -403.81999999999243,
  "01:00:00": -279.95999999999185,
  "01:05:00": -895.4599999999919,
  "01:10:00": -72.1099999999933,
  "01:15:00": -366.0,
  "01:20:00": -44.93999999999505,
  "01:25:00": -13.040000000000873,
  "01:30:00": 219.24000000000524,
  "01:35:00": 97.5199999999968,
  "01:40:00": -260.25,
  "01:45:00": -452.22000000000116,
  "01:50:00": -229.97000000000116,
  "01:55:00": -11.319999999999709,
  "02:00:00": 146.95999999999913,
  "02:05:00": 171.22000000000116,
  "02:10:00": -1.5100000000020373,
  "02:15:00": -55.0,
  "02:20:00": -164.56000000000495,
  "02:25:00": 221.16999999999825,
  "02:30:00": 144.97000000000116,
  "02:35:00": -128.47999999999593,
  "02:40:00": 70.97000000000116,
  "02:45:00": -60.38000000000466,
  "02:50:00": -48.81999999999971,
  "02:55:00": 47.20999999999913,
  "03:00:00": 110.22000000000116,
  "03:05:00": 67.87000000000262,
  "03:10:00": -28.919999999998254,
  "03:15:00": -145.63999999999942,
  "03:20:00": -26.17000000000553,
  "03:25:00": -0.18999999999505235,
  "03:30:00": 13.220000000001164,
  "03:35:00": 130.45999999999913,
  "03:40:00": 112.36999999999534,
  "03:45:00": -79.16999999999825,
  "03:50:00": 56.05000000000291,
  "03:55:00": -53.01000000000204,
  "04:00:00": -9.910000000003492,
  "04:05:00": 15.090000000003783,
  "04:10:00": 80.29000000000087,
  "04:15:00": -75.70999999999913,
  "04:20:00": -131.75,
  "04:25:00": -39.34000000000378,
  "04:30:00": 0.09999999999854481,
  "04:35:00": -82.83000000000175,
  "04:40:00": 34.4600000000064,
  "04:45:00": -14.220000000001164,
  "04:50:00": 97.15999999999622,
  "04:55:00": 5.400000000001455,
  "05:00:00": 56.599999999998545,
  "05:05:00": 101.5,
  "05:10:00": 119.57999999999447,
  "05:15:00": 25.93000000000029,
  "05:20:00": -72.77999999999884,
  "05:25:00": -6.25,
  "05:30:00": 56.029999999998836,
  "05:35:00": -58.470000000001164,
  "05:40:00": -22.56999999999971,
  "05:45:00": -14.020000000004075,
  "05:50:00": -2.2299999999959255,
  "05:55:00": 63.700000000004366,
  "06:00:00": 56.20999999999913,
  "06:05:00": 61.00999999999476,
  "06:10:00": 168.8000000000029,
  "06:15:00": -37.69000000000233,
  "06:20:00": 66.15000000000146,
  "06:25:00": -66.66999999999825,
  "06:30:00": 105.60000000000582,
  "06:35:00": 202.29999999999563,
  "06:40:00": -82.95000000000437,
  "06:45:00": 122.67000000000553,
  "06:50:00": 134.89999999999418,
  "06:55:00": -37.36000000000058,
  "07:00:00": 77.48999999999069,
  "07:05:00": -84.73999999999069,
  "07:10:00": 40.75,
  "07:15:00": -3.0599999999976717,
  "07:20:00": -49.0,
  "07:25:00": -38.86999999999534,
  "07:30:00": 75.5399999999936,
  "07:35:00": 169.1600000000035,
  "07:40:00": 8.569999999992433,
  "07:45:00": -27.370000000009895,
  "07:50:00": 23.089999999996508,
  "07:55:00": 7.919999999998254,
  "08:00:00": -134.61000000000058,
  "08:05:00": -81.11999999999534,
  "08:10:00": 114.24000000000524,
  "08:15:00": -91.68000000000757,
  "08:20:00": -111.2899999999936,
  "08:25:00": 31.710000000006403,
  "08:30:00": -23.229999999995925,
  "08:35:00": -36.5,
  "08:40:00": -0.5800000000017462,
  "08:45:00": -4.360000000000582,
  "08:50:00": -19.660000000003492,
  "08:55:00": 69.27999999999884,
  "09:00:00": 145.02000000000407,
  "09:05:00": -23.970000000001164,
  "09:10:00": 28.44999999999709,
  "09:15:00": -73.38000000000466,
  "09:20:00": 15.559999999997672,
  "09:25:00": 81.11999999999534,
  "09:30:00": 307.1000000000058,
  "09:35:00": 126.59000000001106,
  "09:40:00": -7.180000000007567,
  "09:45:00": 29.789999999993597,
  "09:50:00": 129.68999999998778,
  "09:55:00": -43.229999999995925,
  "10:00:00": 77.7899999999936,
  "10:05:00": -121.0,
  "10:10:00": -46.61999999999534,
  "10:15:00": 137.4899999999907,
  "10:20:00": -16.25,
  "10:25:00": -77.95999999999185,
  "10:30:00": -67.59000000001106,
  "10:35:00": -21.389999999999418,
  "10:40:00": 76.39999999999418,
  "10:45:00": -30.35000000000582,
  "10:50:00": 55.929999999993015,
  "10:55:00": -48.779999999998836,
  "11:00:00": -70.35000000000582,
  "11:05:00": 86.45999999999185,
  "11:10:00": 34.25,
  "11:15:00": 71.36999999999534,
  "11:20:00": -117.38999999999942,
  "11:25:00": -5.889999999999418,
  "11:30:00": -45.83999999999651,
  "11:35:00": -102.29999999998836,
  "11:40:00": -40.770000000004075,
  "11:45:00": 9.620000000009895,
  "11:50:00": 31.419999999998254,
  "11:55:00": 34.61999999999534,
  "12:00:00": -14.729999999995925,
  "12:05:00": -0.16000000000349246,
  "12:10:00": 35.929999999993015,
  "12:15:00": -24.229999999995925,
  "12:20:00": -79.65000000000873,
  "12:25:00": 21.979999999995925,
  "12:30:00": -191.88000000000466,
  "12:35:00": 287.6100000000006,
  "12:40:00": 174.22999999999593,
  "12:45:00": -51.85000000000582,
  "12:50:00": -21.789999999993597,
  "12:55:00": -54.35000000000582,
  "13:00:00": -30.970000000001164,
  "13:05:00": 73.5399999999936,
  "13:10:00": -102.25,
  "13:15:00": -37.14999999999418,
  "13:20:00": -21.45999999999185,
  "13:25:00": 60.01999999998952,
  "13:30:00": -31.739999999990687,
  "13:35:00": -11.809999999997672,
  "13:40:00": 184.7100000000064,
  "13:45:00": 3.1200000000098953,
  "13:50:00": -109.22000000000116,
  "13:55:00": -131.2100000000064,
  "14:00:00": 64.27000000000407,
  "14:05:00": 51.220000000001164,
  "14:10:00": 11.789999999993597,
  "14:15:00": -129.54999999998836,
  "14:20:00": -63.01000000000931,
  "14:25:00": 9.989999999990687,
  "14:30:00": -143.77999999999884,
  "14:35:00": -97.63999999999942,
  "14:40:00": -10.779999999998836,
  "14:45:00": -177.69000000000233,
  "14:50:00": 306.6600000000035,
  "14:55:00": -25.379999999990105,
  "15:00:00": -177.0,
  "15:05:00": 110.0,
  "15:10:00": 105.69999999999709,
  "15:15:00": 52.84000000001106,
  "15:20:00": -82.88000000000466,
  "15:25:00": -114.25999999999476,
  "15:30:00": -12.510000000009313,
  "15:35:00": 26.469999999986612,
  "15:40:00": -29.789999999993597,
  "15:45:00": 10.259999999994761,
  "15:50:00": -162.77999999999884,
  "15:55:00": -0.39999999999417923,
  "16:00:00": -232.4699999999939,
  "16:05:00": -6.540000000000873,
  "16:10:00": -183.49000000000524,
  "16:15:00": 267.98999999999796,
  "16:20:00": -97.75,
  "16:25:00": 238.31000000000495,
  "16:30:00": -139.9100000000035,
  "16:35:00": 113.95999999999185,
  "16:40:00": -30.69000000000233,
  "16:45:00": -178.4100000000035,
  "16:50:00": 15.709999999999127,
  "16:55:00": -39.19999999999709,
  "17:00:00": 46.75,
  "17:05:00": -64.63999999999942,
  "17:10:00": -272.9099999999962,
  "17:15:00": -301.7299999999959,
  "17:20:00": -36.529999999998836,
  "17:25:00": -166.97999999999593,
  "17:30:00": 9.020000000004075,
  "17:35:00": -211.29000000000087,
  "17:40:00": 100.02999999999884,
  "17:45:00": -23.770000000004075,
  "17:50:00": 50.98999999999796,
  "17:55:00": 326.7700000000041,
  "18:00:00": -17.280000000006112,
  "18:05:00": 25.62000000000262,
  "18:10:00": -46.55999999999767,
  "18:15:00": -132.4800000000032,
  "18:20:00": 234.63999999999942,
  "18:25:00": -56.81000000000495,
  "18:30:00": 166.0699999999997,
  "18:35:00": 112.04999999999563,
  "18:40:00": -197.41999999999825,
  "18:45:00": -76.01000000000204,
  "18:50:00": -85.33000000000175,
  "18:55:00": -102.37000000000262,
  "19:00:00": -4.310000000004948,
  "19:05:00": 151.37999999999738,
  "19:10:00": -87.66999999999825,
  "19:15:00": -71.47000000000116,
  "19:20:00": -141.91999999999825,
  "19:25:00": -21.25,
  "19:30:00": -120.77000000000407,
  "19:35:00": -183.36000000000058,
  "19:40:00": 61.25,
  "19:45:00": -44.68000000000029,
  "19:50:00": 72.2899999999936,
  "19:55:00": 43.38999999999942,
  "20:00:00": 74.41999999999825,
  "20:05:00": -185.79000000000087,