{
  "00:00:00": -14.570000000006985,
  "00:15:00": -15.960000000006403,
  "00:30:00": 301.6000000000058,
  "00:45:00": -17.020000000004075,
  "01:00:00": 41.10000000000582,
  "01:15:00": -222.24000000000524,
  "01:30:00": 108.18000000000757,
  "01:45:00": -264.15999999998894,
  "02:00:00": -163.80999999999767,
  "02:15:00": -141.22000000000116,
  "02:30:00": 11.110000000000582,
  "02:45:00": 46.179999999993015,
  "03:00:00": -51.85000000000582,
  "03:15:00": -35.44000000000233,
  "03:30:00": -10.629999999990105,
  "03:45:00": -39.38999999999942,
  "04:00:00": -4.810000000012224,
  "04:15:00": -44.720000000001164,
  "04:30:00": -129.74000000000524,
  "04:45:00": -72.9600000000064,
  "05:00:00": 268.3799999999901,
  "05:15:00": 17.30999999999767,
  "05:30:00": -327.4100000000035,
  "05:45:00": -140.41999999999825,
  "06:00:00": 19.05000000000291,
  "06:15:00": -64.2100000000064,
  "06:30:00": 95.4600000000064,
  "06:45:00": 107.74000000000524,
  "07:00:00": 59.30000000000291,
  "07:15:00": 79.45999999999185,
  "07:30:00": -27.610000000000582,
  "07:45:00": -43.01999999998952,
  "08:00:00": -164.14999999999418,
  "08:15:00": -259.8700000000099,
  "08:30:00": -405.49000000000524,
  "08:45:00": -343.2699999999895,
  "09:00:00": 97.83999999999651,
  "09:15:00": -477.0,
  "09:30:00": -80.59000000001106,
  "09:45:00": 112.13999999999942,
  "10:00:00": -152.14999999999418,
  "10:15:00": 16.330000000001746,
  "10:30:00": 194.23000000001048,
  "10:45:00": 146.75,
  "11:00:00": 105.79000000000815,
  "11:15:00": -131.97000000000116,
  "11:30:00": 243.67999999999302,
  "11:45:00": -51.23999999999069,
  "12:00:00": 718.8099999999977,
  "12:15:00": -169.79000000000815,
  "12:30:00": -212.5399999999936,
  "12:45:00": 36.08999999999651,
  "13:00:00": -422.6000000000058,
  "13:15:00": 131.0899999999965,
  "13:30:00": -249.4100000000035,
  "13:45:00": 79.47000000000116,
  "14:00:00": 230.1999999999971,
  "14:15:00": -56.24000000000524,
  "14:30:00": -651.2600000000093,
  "14:45:00": 107.59000000001106,
  "15:00:00": 306.04999999998836,
  "15:15:00": -51.05999999999767,
  "15:30:00": 714.6399999999994,
  "15:45:00": 206.27999999999884,
  "16:00:00": 750.5500000000029,
  "16:15:00": 356.4400000000023,
  "16:30:00": -1088.4399999999878,
  "16:45:00": 437.33000000000175,
  "17:00:00": -237.18000000000757,
  "17:15:00": 289.8500000000058,
  "17:30:00": -86.11000000000058,
  "17:45:00": 168.27999999999884,
  "18:00:00": -229.6999999999971,
  "18:15:00": 381.41999999999825,
  "18:30:00": 223.1600000000035,
  "18:45:00": -49.2100000000064,
  "19:00:00": -24.360000000000582,
  "19:15:00": 26.920000000012806,
  "19:30:00": 50.86000000000058,
  "19:45:00": -273.49000000000524,
  "20:00:00": -216.66999999999825,
  "20:15:00": 167.38999999999942,
  "20:30:00": 83.04999999998836,
  "20:45:00": -207.80999999999767,
  "21:00:00": -220.88999999999942,
  "21:15:00": -103.22000000000116,
  "21:30:00": 86.66000000000349,
  "21:45:00": -14.64999999999418,
  "22:00:00": 297.070000000007,
  "22:15:00": -58.270000000004075,
  "22:30:00": 150.14999999999418,
  "22:45:00": -88.73999999999069,
  "23:00:00": 366.9799999999959,
  "23:15:00": -201.69000000000233,
  "23:30:00": -30.330000000001746,
  "23:45:00": -117.98999999999069
}