{
  "00:00:00": 103.44000000000233,
  "00:15:00": 6.080000000001746
}