{
  "00:00:00": 133.4100000000035,
  "00:15:00": -7.1600000000034925
}