{
  "00:00:00": 39.51000000000204,
  "00:05:00": 59.73999999999796,
  "00:10:00": 137.08000000000175,
  "00:15:00": 83.68999999999505,
  "00:20:00": -85.89999999999418,
  "00:25:00": -35.91000000000349,
  "00:30:00": 36.73999999999796,
  "00:35:00": 49.529999999998836,
  "00:40:00": -18.06999999999971,
  "00:45:00": 51.779999999998836,
  "00:50:00": -17.229999999995925,
  "00:55:00": -16.779999999998836,
  "01:00:00": -153.37000000000262,
  "01:05:00": -161.62000000000262,
  "01:10:00": -291.0400000000009,
  "01:15:00": -541.9700000000012,
  "01:20:00": 458.6399999999994,
  "01:25:00": 184.79000000000087,
  "01:30:00": 80.0199999999968,
  "01:35:00": -360.91999999999825,
  "01:40:00": 185.15999999999622,
  "01:45:00": -35.68999999999505,
  "01:50:00": -49.04000000000087,
  "01:55:00": -91.02999999999884,
  "02:00:00": -122.55000000000291,
  "02:05:00": 92.29999999999563,
  "02:10:00": 121.51000000000204,
  "02:15:00": -94.70999999999913,
  "02:20:00": 55.31000000000495,
  "02:25:00": 110.2300000000032,
  "02:30:00": 63.13000000000466,
  "02:35:00": -106.11000000000058,
  "02:40:00": -153.5,
  "02:45:00": 53.25,
  "02:50:00": -84.41000000000349,
  "02:55:00": 12.279999999998836,
  "03:00:00": -239.1600000000035,
  "03:05:00": -83.63999999999942,
  "03:10:00": -90.98999999999796,
  "03:15:00": 120.58999999999651,
  "03:20:00": -97.98999999999796,
  "03:25:00": -3.110000000000582,
  "03:30:00": -27.599999999998545,
  "03:35:00": 13.150000000001455,
  "03:40:00": -16.720000000001164,
  "03:45:00": -121.09000000000378,
  "03:50:00": -32.599999999998545,
  "03:55:00": 36.2699999999968,
  "04:00:00": -91.41000000000349,
  "04:05:00": -195.19000000000233,
  "04:10:00": -294.98999999999796,
  "04:15:00": -33.79000000000087,
  "04:20:00": 299.7700000000041,
  "04:25:00": -51.80000000000291,
  "04:30:00": -82.02000000000407,
  "04:35:00": 162.2300000000032,
  "04:40:00": 34.68999999999505,
  "04:45:00": -16.659999999996217,
  "04:50:00": -53.970000000001164,
  "04:55:00": 100.72000000000116,
  "05:00:00": 2.8099999999976717,
  "05:05:00": 116.12000000000262,
  "05:10:00": -0.41000000000349246,
  "05:15:00": -229.98999999999796,
  "05:20:00": -532.8800000000047,
  "05:25:00": 101.05000000000291,
  "05:30:00": 113.22000000000116,
  "05:35:00": 17.2699999999968,
  "05:40:00": 21.989999999997963,
  "05:45:00": 13.680000000000291,
  "05:50:00": 79.29999999999563,
  "05:55:00": 23.87999999999738,
  "06:00:00": -192.91999999999825,
  "06:05:00": 306.4599999999991,
  "06:10:00": -76.88999999999942,
  "06:15:00": 80.34999999999854,
  "06:20:00": 42.31999999999971,
  "06:25:00": -61.830000000001746,
  "06:30:00": 98.86000000000058,
  "06:35:00": -61.68000000000029,
  "06:40:00": 14.309999999997672,
  "06:45:00": -50.919999999998254,
  "06:50:00": -157.20999999999913,
  "06:55:00": 37.75,
  "07:00:00": -147.0,
  "07:05:00": 376.49000000000524,
  "07:10:00": 10.279999999998836,
  "07:15:00": -111.69999999999709,
  "07:20:00": 36.83999999999651,
  "07:25:00": 35.36000000000058,
  "07:30:00": -50.31999999999971,
  "07:35:00": -7.860000000000582,
  "07:40:00": -128.9300000000003,
  "07:45:00": -57.79000000000087,
  "07:50:00": 38.349999999998545,
  "07:55:00": 111.1099999999933,
  "08:00:00": -66.0,
  "08:05:00": 74.29999999999563,
  "08:10:00": 18.720000000001164,
  "08:15:00": -109.58999999999651,
  "08:20:00": 206.29999999999563,
  "08:25:00": -18.400000000001455,
  "08:30:00": 71.48999999999796,
  "08:35:00": -1.860000000000582,
  "08:40:00": 17.39999999999418,
  "08:45:00": -23.340000000003783,
  "08:50:00": 37.020000000004075,
  "08:55:00": -7.860000000000582,
  "09:00:00": -60.849999999998545,
  "09:05:00": -80.41000000000349,
  "09:10:00": 37.2300000000032,
  "09:15:00": -110.06999999999971,
  "09:20:00": -34.099999999998545,
  "09:25:00": -7.130000000004657,
  "09:30:00": -54.26000000000204,
  "09:35:00": -19.510000000002037,
  "09:40:00": 88.0,
  "09:45:00": -1.3799999999973807,
  "09:50:00": 77.55999999999767,
  "09:55:00": 32.200000000004366,
  "10:00:00": -64.68000000000029,
  "10:05:00": 3.040000000000873,
  "10:10:00": 27.979999999995925,
  "10:15:00": 47.66000000000349,
  "10:20:00": -1.610000000000582,
  "10:25:00": 8.059999999997672,
  "10:30:00": -34.88999999999942,
  "10:35:00": -65.16999999999825,
  "10:40:00": 31.9800000000032,
  "10:45:00": -18.260000000002037,
  "10:50:00": 132.26000000000204,
  "10:55:00": -37.01000000000204,
  "11:00:00": 15.580000000001746,
  "11:05:00": -102.13999999999942,
  "11:10:00": -3.930000000000291,
  "11:15:00": 12.690000000002328,
  "11:20:00": -41.82999999999447,
  "11:25:00": 1.360000000000582,
  "11:30:00": -31.339999999996508,
  "11:35:00": 111.38999999999942,
  "11:40:00": -54.520000000004075,
  "11:45:00": 32.76000000000204,
  "11:50:00": -10.150000000001455,
  "11:55:00": 15.159999999996217,
  "12:00:00": -75.58000000000175,
  "12:05:00": 59.92000000000553,
  "12:10:00": 57.5,
  "12:15:00": -29.68000000000029,
  "12:20:00": 49.88999999999942,
  "12:25:00": 41.81000000000495,
  "12:30:00": -65.70000000000437,
  "12:35:00": -166.75,
  "12:40:00": 15.690000000002328,
  "12:45:00": -96.11999999999534,
  "12:50:00": 35.13999999999942,
  "12:55:00": -91.11999999999534,
  "13:00:00": 15.549999999995634,
  "13:05:00": 49.21999999999389,
  "13:10:00": 56.4800000000032,
  "13:15:00": -45.94000000000233,
  "13:20:00": -100.43000000000029,
  "13:25:00": -10.709999999999127,
  "13:30:00": -208.81000000000495,
  "13:35:00": 243.04000000000087,
  "13:40:00": -24.69999999999709,
  "13:45:00": 5.25,
  "13:50:00": 41.19000000000233,
  "13:55:00": -80.43000000000029,
  "14:00:00": -104.16999999999825,
  "14:05:00": 110.15999999999622,
  "14:10:00": 46.31999999999971,
  "14:15:00": -95.36000000000058,
  "14:20:00": 103.25,
  "14:25:00": 54.63000000000466,
  "14:30:00": -185.33000000000175,
  "14:35:00": 348.0,
  "14:40:00": 168.3199999999997,
  "14:45:00": 245.36000000000058,
  "14:50:00": 68.52000000000407,
  "14:55:00": -198.02999999999884,
  "15:00:00": -57.36000000000058,
  "15:05:00": 116.81999999999971,
  "15:10:00": 53.06999999999971,
  "15:15:00": 201.95999999999913,
  "15:20:00": 111.36000000000058,
  "15:25:00": 40.95999999999913,
  "15:30:00": -14.5,
  "15:35:00": -140.20000000000437,
  "15:40:00": -26.110000000000582,
  "15:45:00": 124.72000000000116,
  "15:50:00": -15.090000000003783,
  "15:55:00": 119.00999999999476,
  "16:00:00": 333.9800000000032,
  "16:05:00": -116.31999999999971,
  "16:10:00": -40.20999999999913,
  "16:15:00": -8.780000000006112,
  "16:20:00": -134.70999999999913,
  "16:25:00": -66.01000000000204,
  "16:30:00": -213.97000000000116,
  "16:35:00": 212.6800000000003,
  "16:40:00": 105.25,
  "16:45:00": -150.3000000000029,
  "16:50:00": 10.880000000004657,
  "16:55:00": 356.22000000000116,
  "17:00:00": 3.930000000000291,
  "17:05:00": 158.31000000000495,
  "17:10:00": -24.660000000003492,
  "17:15:00": -150.2699999999968,
  "17:20:00": 26.94000000000233,
  "17:25:00": -119.81999999999971,
  "17:30:00": 11.599999999998545,
  "17:35:00": 64.68999999999505,
  "17:40:00": -137.80999999999767,
  "17:45:00": 44.580000000001746,
  "17:50:00": -35.229999999995925,
  "17:55:00": 118.0199999999968,
  "18:00:00": 13.770000000004075,
  "18:05:00": -50.669999999998254,
  "18:10:00": -213.8199999999997,
  "18:15:00": 265.8600000000006,
  "18:20:00": 50.349999999998545,
  "18:25:00": 10.900000000001455,
  "18:30:00": 70.31999999999971,
  "18:35:00": 7.870000000002619,
  "18:40:00": -1.5899999999965075,
  "18:45:00": 112.37000000000262,
  "18:50:00": -12.580000000001746,
  "18:55:00": -49.799999999995634,
  "19:00:00": 87.99000000000524,
  "19:05:00": 46.05999999999767,
  "19:10:00": -242.36999999999534,
  "19:15:00": -33.36000000000058,
  "19:20:00": 92.91000000000349,
  "19:25:00": -65.5199999999968,
  "19:30:00": 66.92000000000553,
  "19:35:00": 45.89999999999418,
  "19:40:00": 41.94999999999709,
  "19:45:00": -5.419999999998254,
  "19:50:00": -50.20999999999913,
  "19:55:00": 29.599999999998545,