{
  "00:00:00": 11.760000000009313,
  "00:05:00": 97.70999999999185,
  "00:10:00": -6.029999999998836,
  "00:15:00": 19.029999999998836,
  "00:20:00": -14.700000000011642,
  "00:25:00": -6.94999999999709,
  "00:30:00": 92.05999999999767,
  "00:35:00": -15.129999999990105,
  "00:40:00": 2.0100000000093132,
  "00:45:00": 16.039999999993597,
  "00:50:00": 39.44000000000233,
  "00:55:00": -76.25,
  "01:00:00": 58.86999999999534,
  "01:05:00": -11.55000000000291,
  "01:10:00": -93.08000000000175,
  "01:15:00": 11.55000000000291,
  "01:20:00": -47.11999999999534,
  "01:25:00": 29.910000000003492,
  "01:30:00": -23.919999999998254,
  "01:35:00": 41.14999999999418,
  "01:40:00": 24.770000000004075,
  "01:45:00": 13.160000000003492,
  "01:50:00": 21.05000000000291,
  "01:55:00": -57.86999999999534,
  "02:00:00": -5.100000000005821,
  "02:05:00": 28.379999999990105,
  "02:10:00": -41.88000000000466,
  "02:15:00": -15.339999999996508,
  "02:20:00": -90.70999999999185,
  "02:25:00": -26.619999999995343,
  "02:30:00": 17.470000000001164,
  "02:35:00": 20.680000000007567,
  "02:40:00": 17.04999999998836,
  "02:45:00": 46.01000000000931,
  "02:50:00": 10.559999999997672,
  "02:55:00": 130.41999999999825,
  "03:00:00": 22.619999999995343,
  "03:05:00": 25.889999999999418,
  "03:10:00": 119.79000000000815,
  "03:15:00": -181.9100000000035,
  "03:20:00": -44.69999999999709,
  "03:25:00": -60.48000000001048,
  "03:30:00": -8.25,
  "03:35:00": -31.539999999993597,
  "03:40:00": -16.860000000000582,
  "03:45:00": 6.3399999999965075,
  "03:50:00": -60.479999999995925,
  "03:55:00": -23.99000000000524,
  "04:00:00": -189.5500000000029,
  "04:05:00": -10.269999999989523,
  "04:10:00": 54.00999999999476,
  "04:15:00": -3.610000000000582
}