{
  "00:00:00": -83.85000000000582,
  "00:05:00": -59.169999999998254,
  "00:10:00": -81.58000000000175,
  "00:15:00": 230.36999999999534,
  "00:20:00": -74.94999999999709,
  "00:25:00": 31.0,
  "00:30:00": -285.4100000000035,
  "00:35:00": -47.98999999999069,
  "00:40:00": 5.7999999999883585,
  "00:45:00": 256.02999999999884,
  "00:50:00": -100.86000000000058,
  "00:55:00": -17.530000000013388,
  "01:00:00": 146.68000000000757,
  "01:05:00": -5.6600000000034925,
  "01:10:00": -113.66000000000349,
  "01:15:00": -34.25,
  "01:20:00": -72.41999999999825,
  "01:25:00": 229.25,
  "01:30:00": 260.02999999999884,
  "01:35:00": 178.42999999999302,
  "01:40:00": 33.70999999999185,
  "01:45:00": -302.79999999998836,
  "01:50:00": -15.629999999990105,
  "01:55:00": 25.430000000007567,
  "02:00:00": -102.33999999999651,
  "02:05:00": -57.04999999998836,
  "02:10:00": -28.860000000000582,
  "02:15:00": 38.19000000000233,
  "02:20:00": -98.65000000000873,
  "02:25:00": -78.84999999999127,
  "02:30:00": -70.36000000000058,
  "02:35:00": 109.19999999999709,
  "02:40:00": 18.019999999989523,
  "02:45:00": 151.8000000000029,
  "02:50:00": 64.63999999999942,
  "02:55:00": 17.54999999998836,
  "03:00:00": -186.77999999999884,
  "03:05:00": 137.27999999999884,
  "03:10:00": 1.9700000000011642
}