{
  "00:00:00": 11.760000000009313,
  "00:05:00": 97.70999999999185,
  "00:10:00": -6.029999999998836,
  "00:15:00": 6.080000000001746
}