{
  "00:00:00": 103.44000000000233,
  "00:15:00": -2.610000000000582,
  "00:30:00": 78.93000000000757,
  "00:45:00": -10.55000000000291,
  "01:00:00": -45.76000000000931,
  "01:15:00": -5.669999999998254,
  "01:30:00": 42.0,
  "01:45:00": -21.020000000004075,
  "02:00:00": -17.160000000003492,
  "02:15:00": -132.65999999998894,
  "02:30:00": 54.20999999999185,
  "02:45:00": 185.9600000000064,
  "03:00:00": 169.32000000000698,
  "03:15:00": -284.47000000000116,
  "03:30:00": -56.30999999999767,
  "03:45:00": -77.66000000000349,
  "04:00:00": -146.88000000000466,
  "04:15:00": 75.69999999999709,
  "04:30:00": 114.30999999999767,
  "04:45:00": -78.97000000000116,
  "05:00:00": -43.779999999998836,
  "05:15:00": 4.220000000001164,
  "05:30:00": 63.38000000000466,
  "05:45:00": -66.38000000000466,
  "06:00:00": -58.2100000000064,
  "06:15:00": -90.22999999999593,
  "06:30:00": 70.93999999998778,
  "06:45:00": 6.130000000004657
}