{
  "00:00:00": -82.86999999999534,
  "00:05:00": 70.3799999999901,
  "00:10:00": -107.56999999999243,
  "00:15:00": -68.88000000000466,
  "00:20:00": -35.570000000006985,
  "00:25:00": 51.60000000000582,
  "00:30:00": -16.119999999995343,
  "00:35:00": -162.60000000000582,
  "00:40:00": -4.929999999993015,
  "00:45:00": 36.529999999998836,
  "00:50:00": -14.629999999990105,
  "00:55:00": 72.69000000000233,
  "01:00:00": -161.69000000000233,
  "01:05:00": -140.4499999999971,
  "01:10:00": 74.67999999999302,
  "01:15:00": 54.330000000001746,
  "01:20:00": 20.99000000000524,
  "01:25:00": -4.539999999993597,
  "01:30:00": 133.54000000000815,
  "01:35:00": 67.99000000000524,
  "01:40:00": -109.06999999999243,
  "01:45:00": 98.7899999999936,
  "01:50:00": 29.84999999999127,
  "01:55:00": 59.66000000000349,
  "02:00:00": 72.08999999999651,
  "02:05:00": 6.0200000000040745,
  "02:10:00": -100.82000000000698,
  "02:15:00": 188.61000000000058,
  "02:20:00": -118.0,
  "02:25:00": 16.870000000009895,
  "02:30:00": 110.41999999999825,
  "02:35:00": -63.94999999999709,
  "02:40:00": -23.55999999999767,
  "02:45:00": 25.44000000000233,
  "02:50:00": -139.89999999999418,
  "02:55:00": -59.00999999999476,
  "03:00:00": -16.00999999999476,
  "03:05:00": -56.0,
  "03:10:00": -18.0,
  "03:15:00": 12.669999999998254,
  "03:20:00": -75.99000000000524,
  "03:25:00": -3.1699999999982538,
  "03:30:00": 141.10000000000582,
  "03:35:00": 65.19999999999709,
  "03:40:00": 69.80000000000291,
  "03:45:00": 40.41000000000349,
  "03:50:00": 63.99000000000524,
  "03:55:00": 111.05000000000291,
  "04:00:00": 212.10000000000582,
  "04:05:00": -38.70000000001164,
  "04:10:00": 155.99000000000524,
  "04:15:00": 217.0500000000029,
  "04:20:00": -153.0,
  "04:25:00": -46.979999999995925,
  "04:30:00": -104.44000000000233,
  "04:35:00": -58.98999999999069,
  "04:40:00": -16.789999999993597,
  "04:45:00": 42.00999999999476,
  "04:50:00": 89.0,
  "04:55:00": -158.02999999999884,
  "05:00:00": 70.56999999999243,
  "05:05:00": -27.389999999999418,
  "05:10:00": 75.84000000001106,
  "05:15:00": -36.34000000001106,
  "05:20:00": -46.11999999999534,
  "05:25:00": 29.429999999993015,
  "05:30:00": 46.38999999999942,
  "05:35:00": 8.729999999995925,
  "05:40:00": -16.05999999999767,
  "05:45:00": -71.7899999999936,
  "05:50:00": -36.05999999999767,
  "05:55:00": -9.39999999999418,
  "06:00:00": 39.41000000000349,
  "06:05:00": -55.58999999999651,
  "06:10:00": -44.419999999998254,
  "06:15:00": -16.980000000010477,
  "06:20:00": -53.39999999999418,
  "06:25:00": 8.64999999999418,
  "06:30:00": 53.75999999999476,
  "06:35:00": 85.92999999999302,
  "06:40:00": 0.5300000000133878,
  "06:45:00": 21.579999999987194,
  "06:50:00": -48.029999999998836,
  "06:55:00": -60.0,
  "07:00:00": -60.0399999999936,
  "07:05:00": 95.5,
  "07:10:00": -41.979999999995925,
  "07:15:00": -8.39999999999418,
  "07:20:00": -35.29000000000815,
  "07:25:00": -100.99000000000524,
  "07:30:00": 108.00999999999476,
  "07:35:00": -64.24000000000524,
  "07:40:00": -15.669999999998254,
  "07:45:00": 133.92999999999302,
  "07:50:00": 57.0,
  "07:55:00": -44.99000000000524,
  "08:00:00": 26.779999999998836,
  "08:05:00": 284.0,
  "08:10:00": -105.25,
  "08:15:00": 21.60000000000582,
  "08:20:00": 10.799999999988358,
  "08:25:00": 47.020000000004075,
  "08:30:00": -95.02999999999884,
  "08:35:00": -80.99000000000524,
  "08:40:00": 123.7100000000064,
  "08:45:00": 58.35000000000582,
  "08:50:00": 14.25,
  "08:55:00": -59.23000000001048,
  "09:00:00": -42.36000000000058,
  "09:05:00": 133.11000000000058,
  "09:10:00": -39.2100000000064,
  "09:15:00": 41.11000000000058,
  "09:20:00": -87.02000000000407,
  "09:25:00": 86.55999999999767,
  "09:30:00": -52.24000000000524,
  "09:35:00": -172.10000000000582,
  "09:40:00": -194.40999999998894,
  "09:45:00": -158.9499999999971,
  "09:50:00": -136.77999999999884,
  "09:55:00": 41.56999999999243,
  "10:00:00": -102.94999999999709,
  "10:05:00": 1.639999999999418,
  "10:10:00": -372.320000000007,
  "10:15:00": 99.41999999999825,
  "10:20:00": -93.01999999998952,
  "10:25:00": -99.91000000000349,
  "10:30:00": 63.0,
  "10:35:00": -54.44999999999709,
  "10:40:00": 28.389999999999418,
  "10:45:00": -9.970000000001164,
  "10:50:00": -197.43000000000757,
  "10:55:00": 4.370000000009895,
  "11:00:00": 75.90000000000873,
  "11:05:00": 51.95999999999185,
  "11:10:00": -34.15000000000873,
  "11:15:00": -309.8100000000122,
  "11:20:00": 122.11000000000058,
  "11:25:00": 4.860000000000582,
  "11:30:00": -70.31000000001222,
  "11:35:00": -331.45999999999185,
  "11:40:00": -136.11000000000058,
  "11:45:00": 102.60000000000582,
  "11:50:00": -57.5,
  "11:55:00": 84.35000000000582,
  "12:00:00": -78.92999999999302,
  "12:05:00": 101.30000000000291,
  "12:10:00": -153.44000000000233,
  "12:15:00": -50.24000000000524,
  "12:20:00": 11.959999999991851,
  "12:25:00": -43.54999999998836,
  "12:30:00": 118.25999999999476,
  "12:35:00": -68.13000000000466,
  "12:40:00": -60.45999999999185,
  "12:45:00": -136.52999999999884,
  "12:50:00": 62.5,
  "12:55:00": 107.7100000000064,
  "13:00:00": 236.0799999999872,
  "13:05:00": -133.6299999999901,
  "13:10:00": 9.979999999995925,
  "13:15:00": 101.97000000000116,
  "13:20:00": -156.95000000001164,
  "13:25:00": 11.259999999994761,
  "13:30:00": -98.81999999999243,
  "13:35:00": -104.0,
  "13:40:00": 229.86000000000058,
  "13:45:00": 114.38999999999942,
  "13:50:00": 76.0399999999936,
  "13:55:00": 51.179999999993015,
  "14:00:00": -85.86999999999534,
  "14:05:00": -0.9600000000064028,
  "14:10:00": 137.92999999999302,
  "14:15:00": -183.52999999999884,
  "14:20:00": -47.16000000000349,
  "14:25:00": 38.09999999999127,
  "14:30:00": 102.55999999999767,
  "14:35:00": 22.720000000001164,
  "14:40:00": -377.7199999999866,
  "14:45:00": 19.880000000004657,
  "14:50:00": -51.75999999999476,
  "14:55:00": 53.9600000000064,
  "15:00:00": 69.55000000000291,
  "15:05:00": 117.27000000000407,
  "15:10:00": -40.75999999999476,
  "15:15:00": 13.789999999993597,
  "15:20:00": 53.45000000001164,
  "15:25:00": 17.479999999995925,
  "15:30:00": -128.11000000000058,
  "15:35:00": 9.240000000005239,
  "15:40:00": 81.83000000000175,
  "15:45:00": 26.65000000000873,
  "15:50:00": 72.92999999999302,
  "15:55:00": -81.40999999998894,
  "16:00:00": -47.070000000006985,
  "16:05:00": -134.29000000000815,
  "16:10:00": -10.779999999998836,
  "16:15:00": 18.419999999998254,
  "16:20:00": 120.99000000000524,
  "16:25:00": -42.729999999995925,
  "16:30:00": 48.00999999999476,
  "16:35:00": -129.02999999999884,
  "16:40:00": -191.49000000000524,
  "16:45:00": -242.80999999999767,
  "16:50:00": 94.52000000000407,
  "16:55:00": -102.51000000000204,
  "17:00:00": 168.9100000000035,
  "17:05:00": 26.710000000006403,
  "17:10:00": -194.13000000000466,
  "17:15:00": -104.68000000000029,
  "17:20:00": -60.94999999999709,
  "17:25:00": -107.41000000000349,
  "17:30:00": 89.20999999999913,
  "17:35:00": 113.18999999999505,
  "17:40:00": 2.9900000000052387,
  "17:45:00": 14.049999999995634,
  "17:50:00": 88.95999999999913,
  "17:55:00": 196.62000000000262,
  "18:00:00": -11.270000000004075,
  "18:05:00": -158.65000000000146,
  "18:10:00": 8.540000000000873,
  "18:15:00": -16.250000000007276,
  "18:20:00": -98.83000000000175,
  "18:25:00": 150.98999999999796,
  "18:30:00": 7.259999999994761,
  "18:35:00": -63.95999999999913,
  "18:40:00": 42.9800000000032,
  "18:45:00": -114.26000000000204,
  "18:50:00": -231.72000000000116,
  "18:55:00": 86.0,
  "19:00:00": 52.83999999999651,
  "19:05:00": -147.61000000000058,
  "19:10:00": 73.63000000000466,
  "19:15:00": -77.91999999999825,
  "19:20:00": 115.81000000000495,
  "19:25:00": 5.510000000002037,
  "19:30:00": 14.110000000000582,
  "19:35:00": -0.47000000000116415,
  "19:40:00": -56.799999999995634,
  "19:45:00": -23.150000000001455,
  "19:50:00": 168.0199999999968,
  "19:55:00": -42.68000000000029,
  "20:00:00": 90.91000000000349,
  "20:05:00": 5.700000000004366,