{
  "00:00:00": 128.41999999999825,
  "00:05:00": -14.979999999995925
}