{
  "00:00:00": 16.89999999999418,
  "00:05:00": -10.0,
  "00:10:00": 127.60000000000582,
  "00:15:00": -7.470000000001164,
  "00:20:00": 34.44000000000233,
  "00:25:00": -125.15000000000873,
  "00:30:00": 16.070000000006985,
  "00:35:00": 1.1299999999901047,
  "00:40:00": -31.720000000001164,
  "00:45:00": 20.970000000001164,
  "00:50:00": 39.94999999999709,
  "00:55:00": 24.5,
  "01:00:00": -70.72999999999593,
  "01:05:00": -1.6999999999970896,
  "01:10:00": -108.08999999999651,
  "01:15:00": 54.5,
  "01:20:00": -14.720000000001164,
  "01:25:00": -383.9499999999971,
  "01:30:00": 396.65000000000873,
  "01:35:00": 145.5,
  "01:40:00": 164.0,
  "01:45:00": -1.0899999999965075,
  "01:50:00": 34.919999999998254,
  "01:55:00": 57.99000000000524,
  "02:00:00": -50.30000000000291,
  "02:05:00": 79.97999999999593,
  "02:10:00": -11.64000000001397
}