{
  "00:00:00": 130.06,
  "00:15:00": -224.33,
  "00:30:00": 181.5,
  "00:45:00": -18.47,
  "01:00:00": -74.73,
  "01:15:00": -24.229999999995925,
  "01:30:00": -44.75,
  "01:45:00": -16.279999999998836,
  "02:00:00": 95.23000000001048,
  "02:15:00": 50.11999999999534,
  "02:30:00": 45.74000000000524,
  "02:45:00": -7.989999999990687,
  "03:00:00": -102.07000000000698,
  "03:15:00": 36.070000000006985,
  "03:30:00": -129.8000000000029,
  "03:45:00": 31.239999999990687,
  "04:00:00": -43.279999999998836,
  "04:15:00": -87.58000000000175,
  "04:30:00": -22.979999999995925,
  "04:45:00": 20.430000000007567,
  "05:00:00": 51.61999999999534,
  "05:15:00": -72.69999999999709,
  "05:30:00": -90.8700000000099,
  "05:45:00": 34.94000000000233,
  "06:00:00": -97.38999999999214,
  "06:15:00": -921.2400000000052,
  "06:30:00": -520.7000000000044,
  "06:45:00": -829.2999999999956,
  "07:00:00": 553.4700000000012,
  "07:15:00": -258.66999999999825,
  "07:30:00": 544.8800000000047,
  "07:45:00": -232.61000000000058,
  "08:00:00": -200.16999999999825,
  "08:15:00": 7.150000000001455,
  "08:30:00": -9.150000000001455,
  "08:45:00": -137.55999999999767,
  "09:00:00": 229.52999999999884,
  "09:15:00": 136.47999999999593,
  "09:30:00": -223.20999999999913,
  "09:45:00": 32.93000000000029,
  "10:00:00": -92.94000000000233,
  "10:15:00": 276.04999999999563,
  "10:30:00": 111.73999999999796,
  "10:45:00": 59.62000000000262,
  "11:00:00": 75.25,
  "11:15:00": 165.61000000000058,
  "11:30:00": -239.6999999999971,
  "11:45:00": -166.23999999999796,
  "12:00:00": 93.72999999999593,
  "12:15:00": 65.95000000000437,
  "12:30:00": 9.520000000004075,
  "12:45:00": 10.029999999998836,
  "13:00:00": 53.38999999999942,
  "13:15:00": -33.400000000001455,
  "13:30:00": 16.709999999999127,
  "13:45:00": 1051.2799999999988,
  "14:00:00": -291.73999999999796,
  "14:15:00": -23.68000000000029,
  "14:30:00": 140.81000000000495,
  "14:45:00": -499.42000000000553,
  "15:00:00": 32.400000000001455
}