{
  "00:00:00": 133.4100000000035,
  "00:15:00": -102.93000000000757,
  "00:30:00": -15.639999999999418,
  "00:45:00": 85.41999999999825,
  "01:00:00": -183.39999999999418,
  "01:15:00": -344.179999999993,
  "01:30:00": 703.25,
  "01:45:00": 89.99000000000524,
  "02:00:00": 71.92999999999302,
  "02:15:00": 8.169999999998254,
  "02:30:00": 12.209999999991851,
  "02:45:00": -101.83000000000175,
  "03:00:00": -181.55999999999767,
  "03:15:00": 112.80999999999767,
  "03:30:00": -88.36999999999534,
  "03:45:00": -9.30000000000291,
  "04:00:00": -166.85000000000582,
  "04:15:00": -5.929999999993015
}